timestamp,open,high,low,close,volume
2026-06-07 04:53:00,61833.43,61840.65,61800.0,61806.01,4.26405
2026-06-07 04:54:00,61838.26,61845.99,61834.0,61842.68,4.88044
2026-06-07 04:55:00,61842.87,61880.46,61842.11,61879.98,9.51833
2026-06-07 04:56:00,61890.0,61890.0,61871.75,61879.0,15.39208
2026-06-07 04:57:00,61885.85,61893.89,61868.71,61893.88,3.99514
2026-06-07 04:58:00,61896.49,61896.49,61882.68,61888.15,2.97754
2026-06-07 04:59:00,61893.45,61907.07,61889.98,61907.07,13.75759
2026-06-07 05:00:00,61890.92,61890.92,61854.0,61863.83,9.50564
2026-06-07 05:01:00,61838.68,61845.64,61821.62,61827.06,6.563
2026-06-07 05:02:00,61839.35,61866.4,61836.33,61836.33,13.64878
2026-06-07 05:03:00,61825.59,61828.6,61805.86,61805.87,3.69693
2026-06-07 05:04:00,61817.68,61835.43,61814.83,61819.04,4.76859
2026-06-07 05:05:00,61819.04,61819.04,61805.72,61810.44,2.27948
2026-06-07 05:06:00,61807.72,61867.32,61801.01,61867.32,3.74751
2026-06-07 05:07:00,61826.94,61826.94,61800.0,61814.01,4.20449
2026-06-07 05:08:00,61814.0,61825.45,61800.0,61825.45,7.31292
2026-06-07 05:09:00,61807.79,61828.0,61807.78,61828.0,4.3232
2026-06-07 05:10:00,61818.17,61818.17,61800.01,61802.0,6.24922
2026-06-07 05:11:00,61810.65,61814.73,61793.53,61803.04,9.73455
2026-06-07 05:12:00,61812.71,61825.61,61796.42,61796.42,5.34632
2026-06-07 05:13:00,61796.43,61890.19,61796.43,61890.19,7.51295
2026-06-07 05:14:00,61938.0,61938.0,61884.0,61884.01,20.16035
2026-06-07 05:15:00,61884.01,61884.01,61818.4,61824.33,5.63242
2026-06-07 05:16:00,61803.82,61824.0,61793.64,61810.11,12.79586
2026-06-07 05:17:00,61820.77,61948.42,61820.76,61931.67,27.53258
2026-06-07 05:18:00,61963.89,62159.0,61957.38,61982.0,130.53176
2026-06-07 05:19:00,62075.28,62080.0,61990.01,61998.43,29.2351
2026-06-07 05:20:00,61990.02,61995.88,61853.09,61853.1,23.71959
2026-06-07 05:21:00,61853.1,61853.1,61803.37,61803.37,19.74143
2026-06-07 05:22:00,61803.38,61834.26,61803.37,61824.97,4.92677
2026-06-07 05:23:00,61821.86,61886.61,61818.77,61886.6,7.00025
2026-06-07 05:24:00,61886.67,61921.5,61880.0,61909.15,3.44566
2026-06-07 05:25:00,61920.25,61937.14,61901.97,61925.85,7.66713
2026-06-07 05:26:00,61919.44,61919.44,61867.17,61888.49,6.16415
2026-06-07 05:27:00,61850.53,61861.9,61837.05,61842.97,13.89172
2026-06-07 05:28:00,61842.97,61842.97,61808.18,61808.19,6.65773
2026-06-07 05:29:00,61800.01,61800.01,61734.44,61740.49,17.84948
2026-06-07 05:30:00,61740.49,61768.62,61734.44,61768.61,7.39448
2026-06-07 05:31:00,61768.62,61798.0,61699.39,61704.81,18.81276
2026-06-07 05:32:00,61704.81,61706.71,61675.96,61677.13,10.7098
2026-06-07 05:33:00,61677.13,61683.67,61647.0,61660.24,14.22395
2026-06-07 05:34:00,61660.25,61743.01,61660.25,61736.91,7.92065
2026-06-07 05:35:00,61736.9,61773.02,61726.0,61750.43,4.55809
2026-06-07 05:36:00,61754.0,61779.64,61739.23,61771.91,9.66916
2026-06-07 05:37:00,61771.91,61803.99,61768.58,61784.03,11.55558
2026-06-07 05:38:00,61784.02,61830.0,61779.7,61829.99,10.04912
2026-06-07 05:39:00,61830.0,61830.0,61830.0,61830.0,0.01659
2026-06-07 05:40:00,61843.91,61849.07,61843.91,61849.07,0.03441
2026-06-07 05:41:00,61825.25,61825.25,61821.04,61821.04,0.07256
2026-06-07 05:42:00,61804.11,61804.11,61804.1,61804.11,0.07254
2026-06-07 05:43:00,61820.09,61820.09,61813.86,61813.87,0.28506
2026-06-07 05:44:00,61811.88,61811.88,61802.0,61802.01,0.33294
2026-06-07 05:45:00,61871.99,61872.0,61859.61,61859.61,0.61486
2026-06-07 05:46:00,61812.14,61812.14,61784.0,61784.0,1.77455
2026-06-07 05:47:00,61826.0,61826.0,61819.98,61819.99,0.15816
2026-06-07 05:48:00,61789.2,61789.2,61776.0,61776.01,0.8445
2026-06-07 05:49:00,61786.89,61786.9,61758.77,61763.31,12.79031
2026-06-07 05:50:00,61763.32,61776.09,61713.36,61713.36,15.25117
2026-06-07 05:51:00,61713.36,61767.49,61700.0,61767.48,3.76872
2026-06-07 05:52:00,61767.49,61786.0,61766.97,61766.97,3.06699
2026-06-07 05:53:00,61766.98,61766.98,61736.0,61736.01,19.25367
2026-06-07 05:54:00,61736.01,61736.01,61728.0,61728.0,0.28215
2026-06-07 05:55:00,61770.0,61770.01,61725.61,61739.83,69.72455
2026-06-07 05:56:00,61739.82,61755.35,61718.54,61754.57,7.3056
2026-06-07 05:57:00,61754.58,61760.2,61737.56,61742.61,5.39936
2026-06-07 05:58:00,61742.61,61779.29,61742.61,61768.63,8.25683
2026-06-07 05:59:00,61768.63,61768.63,61748.1,61748.1,9.54141
2026-06-07 06:00:00,61748.11,61762.45,61704.0,61704.01,15.94571
2026-06-07 06:01:00,61704.01,61704.01,61666.0,61671.1,8.93744
2026-06-07 06:02:00,61671.11,61693.96,61660.0,61672.15,5.54385
2026-06-07 06:03:00,61672.16,61686.15,61658.0,61662.74,5.59107
2026-06-07 06:04:00,61662.73,61662.73,61619.4,61626.35,8.53988
2026-06-07 06:05:00,61626.35,61666.78,61626.35,61643.63,5.03649
2026-06-07 06:06:00,61643.62,61670.0,61640.0,61669.99,3.82081
2026-06-07 06:07:00,61670.0,61718.0,61670.0,61714.74,3.46192
2026-06-07 06:08:00,61714.73,61724.18,61681.0,61681.0,3.84591
2026-06-07 06:09:00,61681.01,61689.68,61680.99,61687.46,2.3808
2026-06-07 06:10:00,61692.99,61700.26,61684.49,61684.82,2.41383
2026-06-07 06:11:00,61684.82,61700.27,61684.81,61700.27,6.66073
2026-06-07 06:12:00,61700.27,61737.56,61700.26,61725.99,15.9112
2026-06-07 06:13:00,61726.0,61731.8,61726.0,61728.73,2.19941
2026-06-07 06:14:00,61728.73,61728.73,61676.92,61678.01,39.77513
2026-06-07 06:15:00,61678.01,61711.17,61678.01,61678.01,36.89391
2026-06-07 06:16:00,61678.02,61684.19,61658.43,61658.43,14.97182
2026-06-07 06:17:00,61658.43,61833.96,61658.43,61759.98,41.60549
2026-06-07 06:18:00,61759.97,61787.99,61744.69,61787.99,9.31463
2026-06-07 06:19:00,61788.0,61847.43,61783.07,61842.0,28.6139
2026-06-07 06:20:00,61842.0,61842.0,61780.0,61780.01,6.87923
2026-06-07 06:21:00,61780.0,61815.06,61780.0,61815.01,16.16358
2026-06-07 06:22:00,61815.0,61847.42,61815.0,61844.08,9.04585
2026-06-07 06:23:00,61844.4,61868.0,61836.39,61836.39,8.47008
2026-06-07 06:24:00,61856.71,61866.32,61851.43,61866.31,11.72246
2026-06-07 06:25:00,61880.0,61880.01,61867.67,61867.67,9.85803
2026-06-07 06:26:00,61833.21,61853.5,61792.41,61836.47,33.65429
2026-06-07 06:27:00,61836.48,61893.89,61836.47,61891.57,43.58551
2026-06-07 06:28:00,61891.57,61990.0,61889.21,61966.5,57.52411
2026-06-07 06:29:00,61966.5,62016.56,61958.65,61970.18,65.63609
2026-06-07 06:30:00,61970.18,62051.74,61962.62,62020.97,66.0257
2026-06-07 06:31:00,62020.97,62058.0,62006.06,62054.07,60.42466
2026-06-07 06:32:00,62054.07,62079.52,62032.29,62050.51,47.19206
2026-06-07 06:33:00,62050.5,62116.73,62043.52,62108.01,41.74431
2026-06-07 06:34:00,62108.01,62148.84,62090.64,62140.73,60.63361
2026-06-07 06:35:00,62140.73,62140.73,62107.0,62120.35,34.00455
2026-06-07 06:36:00,62120.35,62272.0,62120.35,62231.71,89.22514
2026-06-07 06:37:00,62231.71,62244.87,62142.6,62150.01,52.01124
2026-06-07 06:38:00,62150.01,62152.97,62088.65,62100.49,41.7271
2026-06-07 06:39:00,62100.5,62205.53,62084.34,62205.52,32.37308
2026-06-07 06:40:00,62205.53,62245.17,62154.01,62154.01,22.63674
2026-06-07 06:41:00,62154.0,62164.0,62122.15,62150.49,31.26167
2026-06-07 06:42:00,62150.48,62195.42,62136.24,62192.28,38.874
2026-06-07 06:43:00,62192.29,62222.04,62179.01,62190.0,31.52519
2026-06-07 06:44:00,62190.01,62205.91,62170.78,62192.69,37.01988
2026-06-07 06:45:00,62192.69,62233.83,62179.76,62193.53,37.67366
2026-06-07 06:46:00,62193.54,62193.54,62118.25,62129.51,38.19272
2026-06-07 06:47:00,62129.51,62129.51,62094.27,62103.64,34.11857
2026-06-07 06:48:00,62103.64,62143.4,62103.63,62123.31,33.59845
2026-06-07 06:49:00,62123.31,62124.0,62103.63,62119.99,23.02767
2026-06-07 06:50:00,62120.0,62128.0,62103.63,62103.94,38.43111
2026-06-07 06:51:00,62103.95,62170.0,62103.94,62152.01,36.02245
2026-06-07 06:52:00,62152.0,62153.01,62119.6,62123.12,40.53399
2026-06-07 06:53:00,62123.13,62123.13,62052.0,62060.0,40.87143
2026-06-07 06:54:00,62059.99,62066.0,62030.15,62061.53,26.58521
2026-06-07 06:55:00,62061.53,62061.54,62040.91,62043.02,23.61886
2026-06-07 06:56:00,62043.02,62076.77,62040.0,62069.32,27.89508
2026-06-07 06:57:00,62069.33,62111.98,62062.74,62111.97,34.01558
2026-06-07 06:58:00,62111.98,62158.56,62106.15,62158.56,23.41337
2026-06-07 06:59:00,62158.56,62158.56,62101.0,62101.0,8.10645
2026-06-07 07:00:00,62101.01,62101.01,62019.8,62027.3,27.0133
2026-06-07 07:01:00,62027.3,62027.3,61983.46,61998.58,45.62468
2026-06-07 07:02:00,61998.58,62084.19,61997.95,62084.19,32.60231
2026-06-07 07:03:00,62084.19,62207.98,62084.19,62180.02,42.71165
2026-06-07 07:04:00,62180.01,62180.02,62134.55,62146.87,11.53234
2026-06-07 07:05:00,62146.87,62155.68,62138.18,62148.25,5.8376
2026-06-07 07:06:00,62148.25,62157.58,62121.76,62157.58,27.43291
2026-06-07 07:07:00,62157.58,62238.0,62157.58,62237.99,22.56407
2026-06-07 07:08:00,62238.0,62268.88,62161.87,62170.9,80.03088
2026-06-07 07:09:00,62170.91,62190.79,62170.9,62189.41,9.53001
2026-06-07 07:10:00,62189.4,62189.4,62170.0,62170.01,5.12917
2026-06-07 07:11:00,62170.01,62170.75,62144.72,62150.39,13.04507
2026-06-07 07:12:00,62150.39,62156.6,62148.15,62148.15,3.88449
2026-06-07 07:13:00,62148.14,62151.29,62121.9,62121.91,15.40617
2026-06-07 07:14:00,62124.97,62134.0,62124.96,62131.32,2.73244
2026-06-07 07:15:00,62131.32,62184.14,62131.31,62184.14,7.73251
2026-06-07 07:16:00,62184.14,62189.81,62148.01,62148.01,8.84517
2026-06-07 07:17:00,62148.0,62148.0,62103.27,62103.28,17.17709
2026-06-07 07:18:00,62103.28,62103.28,62059.6,62102.0,19.2081
2026-06-07 07:19:00,62101.99,62171.09,62068.78,62142.48,82.11909
2026-06-07 07:20:00,62142.44,62142.45,62109.81,62125.37,11.68027
2026-06-07 07:21:00,62125.37,62125.37,62091.2,62115.14,10.59562
2026-06-07 07:22:00,62115.14,62115.14,62103.7,62108.04,8.73519
2026-06-07 07:23:00,62108.04,62150.0,62085.46,62150.0,111.0986
2026-06-07 07:24:00,62150.0,62207.73,62149.99,62207.72,39.62029
2026-06-07 07:25:00,62207.72,62238.65,62202.89,62237.96,31.67335
2026-06-07 07:26:00,62237.96,62244.95,62234.48,62234.49,11.44488
2026-06-07 07:27:00,62234.49,62234.49,62195.99,62206.01,19.83464
2026-06-07 07:28:00,62206.0,62206.01,62184.13,62184.13,9.20946
2026-06-07 07:29:00,62184.14,62232.0,62184.13,62231.99,15.35101
2026-06-07 07:30:00,62231.99,62256.05,62216.97,62247.58,14.90303
2026-06-07 07:31:00,62247.58,62267.94,62240.03,62265.62,19.93625
2026-06-07 07:32:00,62265.63,62265.63,62245.0,62245.07,10.79433
2026-06-07 07:33:00,62245.07,62257.53,62245.04,62247.51,8.88693
2026-06-07 07:34:00,62247.51,62263.52,62193.04,62216.2,113.57047
2026-06-07 07:35:00,62216.2,62256.02,62216.2,62254.13,12.94091
2026-06-07 07:36:00,62254.13,62262.59,62248.85,62251.07,19.88266
2026-06-07 07:37:00,62251.07,62251.07,62212.0,62234.23,25.30835
2026-06-07 07:38:00,62234.22,62253.11,62210.0,62210.0,18.4829
2026-06-07 07:39:00,62210.01,62247.52,62210.0,62244.41,11.65641
2026-06-07 07:40:00,62244.4,62247.53,62205.77,62219.31,28.24349
2026-06-07 07:41:00,62219.31,62225.51,62215.58,62224.87,9.91788
2026-06-07 07:42:00,62224.86,62224.87,62207.68,62213.25,21.06181
2026-06-07 07:43:00,62213.24,62224.87,62191.38,62198.23,30.24344
2026-06-07 07:44:00,62198.23,62234.19,62198.22,62234.19,18.63867
2026-06-07 07:45:00,62234.19,62234.19,62188.01,62188.02,13.75505
2026-06-07 07:46:00,62188.01,62219.94,62183.68,62219.32,6.43531
2026-06-07 07:47:00,62219.31,62238.57,62202.15,62238.57,6.9899
2026-06-07 07:48:00,62238.56,62249.39,62222.17,62234.95,12.33975
2026-06-07 07:49:00,62234.95,62252.0,62220.6,62221.56,45.66819
2026-06-07 07:50:00,62221.55,62234.33,62221.55,62225.19,44.19354
2026-06-07 07:51:00,62225.18,62242.13,62225.17,62225.18,16.47508
2026-06-07 07:52:00,62225.18,62247.64,62212.0,62243.5,19.26112
2026-06-07 07:53:00,62243.5,62266.5,62243.49,62265.96,21.96158
2026-06-07 07:54:00,62265.96,62355.6,62265.96,62314.01,51.36215
2026-06-07 07:55:00,62314.0,62325.39,62278.01,62287.41,30.05549
2026-06-07 07:56:00,62287.41,62376.41,62287.4,62376.4,42.40291
2026-06-07 07:57:00,62376.41,62394.0,62357.13,62389.88,32.66243
2026-06-07 07:58:00,62389.87,62389.87,62351.08,62372.35,19.32535
2026-06-07 07:59:00,62372.35,62416.26,62372.34,62404.73,43.61513
2026-06-07 08:00:00,62404.72,62415.01,62375.79,62408.73,45.36241
2026-06-07 08:01:00,62408.73,62411.59,62378.0,62378.01,30.42164
2026-06-07 08:02:00,62378.0,62440.0,62378.0,62440.0,13.06305
2026-06-07 08:03:00,62440.0,62444.15,62375.78,62409.25,11.25453
2026-06-07 08:04:00,62409.25,62409.25,62358.0,62369.96,13.89276
2026-06-07 08:05:00,62369.95,62369.95,62259.37,62331.67,51.24018
2026-06-07 08:06:00,62331.68,62331.68,62264.0,62277.12,8.99425
2026-06-07 08:07:00,62277.13,62318.0,62266.93,62314.37,17.81021
2026-06-07 08:08:00,62314.37,62355.09,62307.11,62348.84,9.3046
2026-06-07 08:09:00,62348.84,62378.59,62348.84,62366.02,12.34605
2026-06-07 08:10:00,62366.03,62388.61,62340.14,62340.14,18.0997
2026-06-07 08:11:00,62340.14,62340.14,62312.67,62312.67,8.59448
2026-06-07 08:12:00,62312.68,62328.04,62312.67,62322.23,5.38663
2026-06-07 08:13:00,62322.23,62360.45,62322.23,62360.44,4.94445
2026-06-07 08:14:00,62360.45,62406.14,62356.26,62383.58,63.79707
2026-06-07 08:15:00,62383.59,62383.59,62328.0,62335.97,11.79069
2026-06-07 08:16:00,62335.98,62335.98,62312.66,62318.44,4.56415
2026-06-07 08:17:00,62318.43,62335.93,62315.98,62335.93,3.53364
2026-06-07 08:18:00,62335.92,62362.47,62329.28,62362.47,16.70331
2026-06-07 08:19:00,62362.47,62403.85,62360.73,62397.56,4.19322
2026-06-07 08:20:00,62397.56,62397.56,62344.0,62377.57,13.55767
2026-06-07 08:21:00,62377.58,62400.81,62377.58,62399.47,2.7212
2026-06-07 08:22:00,62399.47,62450.0,62389.18,62432.01,10.89119
2026-06-07 08:23:00,62432.01,62488.0,62427.99,62478.95,17.40099
2026-06-07 08:24:00,62478.95,62478.96,62439.71,62456.69,8.5227
2026-06-07 08:25:00,62456.69,62479.66,62450.43,62458.27,12.1644
2026-06-07 08:26:00,62458.27,62499.99,62431.84,62499.08,18.86576
2026-06-07 08:27:00,62499.07,62522.06,62491.96,62492.0,30.30945
2026-06-07 08:28:00,62492.0,62582.13,62492.0,62540.02,43.85548
2026-06-07 08:29:00,62540.02,62552.39,62527.35,62536.59,14.17868
2026-06-07 08:30:00,62536.6,62552.93,62518.19,62541.6,16.30339
2026-06-07 08:31:00,62541.6,62541.6,62497.8,62507.05,11.8131
2026-06-07 08:32:00,62507.05,62507.05,62470.76,62481.3,22.42651
2026-06-07 08:33:00,62481.3,62512.84,62472.0,62480.02,81.5238
2026-06-07 08:34:00,62480.01,62500.0,62475.08,62489.91,21.04505
2026-06-07 08:35:00,62489.91,62527.48,62481.71,62520.54,289.79094
2026-06-07 08:36:00,62520.54,62615.72,62520.54,62615.72,23.20263
2026-06-07 08:37:00,62615.72,62644.14,62599.8,62627.64,14.84703
2026-06-07 08:38:00,62627.64,62666.0,62627.64,62656.27,22.63031
2026-06-07 08:39:00,62656.26,62660.0,62559.08,62567.9,36.43545
2026-06-07 08:40:00,62567.9,62567.9,62400.0,62416.81,34.26387
2026-06-07 08:41:00,62416.82,62460.59,62416.82,62448.97,11.80235
2026-06-07 08:42:00,62448.97,62495.23,62424.7,62442.59,17.5743
2026-06-07 08:43:00,62442.59,62533.93,62442.59,62523.98,14.25779
2026-06-07 08:44:00,62523.99,62550.0,62523.99,62550.0,40.33856
2026-06-07 08:45:00,62549.99,62640.53,62549.99,62630.51,220.14332
2026-06-07 08:46:00,62630.51,62760.23,62606.52,62740.74,61.02157
2026-06-07 08:47:00,62740.73,62800.0,62726.01,62779.69,92.68912
2026-06-07 08:48:00,62779.69,62960.0,62760.0,62830.98,105.79379
2026-06-07 08:49:00,62830.97,62830.97,62752.25,62766.06,48.96121
2026-06-07 08:50:00,62766.05,62820.9,62762.12,62816.49,31.25396
2026-06-07 08:51:00,62816.48,62821.8,62770.4,62806.8,40.46847
2026-06-07 08:52:00,62806.8,62821.77,62752.12,62752.12,24.09411
2026-06-07 08:53:00,62752.11,62784.79,62729.85,62736.33,24.65288
2026-06-07 08:54:00,62736.33,62849.6,62730.02,62849.59,35.04233
2026-06-07 08:55:00,62849.6,62880.44,62818.07,62873.41,44.85641
2026-06-07 08:56:00,62873.4,62873.4,62814.24,62825.83,16.24934
2026-06-07 08:57:00,62825.83,62870.39,62762.5,62870.39,35.61922
2026-06-07 08:58:00,62870.39,62870.39,62822.01,62835.08,18.84568
2026-06-07 08:59:00,62835.08,62862.77,62812.66,62855.01,20.13433
2026-06-07 09:00:00,62855.0,62859.66,62778.01,62787.83,15.88802
2026-06-07 09:01:00,62787.82,62847.71,62778.97,62847.71,15.96393
2026-06-07 09:02:00,62847.7,62868.0,62836.13,62864.7,15.39706
2026-06-07 09:03:00,62864.69,62864.7,62790.0,62793.77,6.01539
2026-06-07 09:04:00,62793.78,62850.0,62793.77,62821.74,11.87324
2026-06-07 09:05:00,62821.75,62858.0,62807.64,62857.99,8.81892
2026-06-07 09:06:00,62857.99,62876.1,62857.99,62867.1,9.96832
2026-06-07 09:07:00,62860.01,62878.44,62858.0,62867.7,3.53417
2026-06-07 09:08:00,62864.55,62864.55,62795.84,62804.44,44.47341
2026-06-07 09:09:00,62804.44,62804.44,62790.94,62795.7,28.76033
2026-06-07 09:10:00,62795.7,62834.97,62795.64,62834.96,17.75093
2026-06-07 09:11:00,62834.96,62844.95,62801.17,62801.18,36.17738
2026-06-07 09:12:00,62801.18,62804.06,62736.59,62742.88,17.02352
2026-06-07 09:13:00,62742.87,62770.0,62720.0,62767.94,40.8869
2026-06-07 09:14:00,62767.94,62827.59,62767.93,62827.59,11.34716
2026-06-07 09:15:00,62827.59,62882.09,62798.48,62878.58,122.14706
2026-06-07 09:16:00,62878.58,62878.58,62746.06,62746.06,15.10946
2026-06-07 09:17:00,62746.07,62821.98,62746.07,62805.92,13.00264
2026-06-07 09:18:00,62805.93,62821.98,62790.43,62808.34,10.96602
2026-06-07 09:19:00,62808.34,62808.34,62784.05,62784.05,7.50514
2026-06-07 09:20:00,62784.06,62784.06,62724.01,62745.79,9.40265
2026-06-07 09:21:00,62745.8,62760.0,62732.0,62733.35,9.16695
2026-06-07 09:22:00,62733.34,62750.0,62720.0,62730.13,11.31449
2026-06-07 09:23:00,62730.13,62730.13,62642.17,62658.79,25.57788
2026-06-07 09:24:00,62658.8,62662.0,62607.6,62661.99,21.34242
2026-06-07 09:25:00,62662.0,62662.0,62631.91,62644.49,16.1556
2026-06-07 09:26:00,62644.49,62650.0,62606.0,62625.82,23.56062
2026-06-07 09:27:00,62625.82,62660.0,62625.82,62634.72,11.31054
2026-06-07 09:28:00,62634.73,62660.0,62634.73,62654.18,9.76541
2026-06-07 09:29:00,62654.19,62690.0,62654.19,62685.47,9.01079
2026-06-07 09:30:00,62685.48,62690.0,62626.0,62626.01,14.70255
2026-06-07 09:31:00,62626.01,62626.01,62578.42,62578.42,13.20025
2026-06-07 09:32:00,62578.42,62619.78,62578.42,62619.78,6.96009
2026-06-07 09:33:00,62619.78,62619.78,62552.64,62566.68,13.62513
2026-06-07 09:34:00,62566.67,62581.89,62544.72,62557.18,9.92371
2026-06-07 09:35:00,62557.17,62580.0,62542.0,62542.01,15.30529
2026-06-07 09:36:00,62542.01,62550.0,62500.52,62500.52,11.73678
2026-06-07 09:37:00,62500.53,62533.0,62500.01,62521.52,13.50209
2026-06-07 09:38:00,62521.51,62560.0,62521.51,62560.0,17.11355
2026-06-07 09:39:00,62560.0,62605.57,62560.0,62595.26,13.12435
2026-06-07 09:40:00,62595.27,62609.38,62522.06,62522.07,10.64178
2026-06-07 09:41:00,62522.07,62538.61,62516.49,62523.03,10.02019
2026-06-07 09:42:00,62523.03,62569.91,62523.02,62561.88,10.93706
2026-06-07 09:43:00,62561.88,62569.9,62556.78,62560.18,11.58592
2026-06-07 09:44:00,62560.19,62569.9,62522.05,62539.99,40.46927
2026-06-07 09:45:00,62540.0,62545.0,62532.63,62540.0,4.5551
2026-06-07 09:46:00,62540.0,62540.0,62516.5,62516.5,21.02675
2026-06-07 09:47:00,62516.5,62516.5,62374.63,62426.25,143.75659
2026-06-07 09:48:00,62426.25,62450.0,62422.0,62422.0,15.87088
2026-06-07 09:49:00,62422.01,62466.0,62406.24,62461.47,55.26649
2026-06-07 09:50:00,62461.47,62530.0,62461.47,62524.02,30.07453
2026-06-07 09:51:00,62524.02,62595.16,62518.89,62595.15,30.52032
2026-06-07 09:52:00,62595.16,62620.0,62588.28,62616.87,20.88872
2026-06-07 09:53:00,62616.87,62626.23,62593.61,62626.23,13.21551
2026-06-07 09:54:00,62626.23,62636.02,62557.86,62567.97,8.28687
2026-06-07 09:55:00,62567.97,62567.97,62531.48,62544.13,7.08804
2026-06-07 09:56:00,62544.14,62550.0,62529.55,62529.55,5.50883
2026-06-07 09:57:00,62529.56,62555.0,62529.56,62555.0,11.43964
2026-06-07 09:58:00,62555.0,62560.0,62537.41,62560.0,7.05822
2026-06-07 09:59:00,62559.99,62560.0,62510.02,62530.0,5.97221
2026-06-07 10:00:00,62530.0,62565.97,62493.72,62493.72,12.89447
2026-06-07 10:01:00,62493.72,62493.72,62412.0,62416.52,15.52913
2026-06-07 10:02:00,62416.51,62416.51,62388.76,62400.63,21.61935
2026-06-07 10:03:00,62400.63,62414.78,62391.08,62410.0,10.60202
2026-06-07 10:04:00,62410.0,62450.0,62409.99,62428.44,15.09382
2026-06-07 10:05:00,62428.44,62430.0,62400.52,62400.52,6.38011
2026-06-07 10:06:00,62400.52,62415.0,62388.0,62401.16,12.005
2026-06-07 10:07:00,62401.16,62413.98,62395.71,62404.75,11.17158
2026-06-07 10:08:00,62404.74,62430.0,62404.74,62410.0,13.8963
2026-06-07 10:09:00,62409.99,62410.0,62383.39,62383.4,7.39498
2026-06-07 10:10:00,62383.4,62392.6,62383.39,62383.39,3.72003
2026-06-07 10:11:00,62383.4,62410.0,62383.4,62410.0,12.55166
2026-06-07 10:12:00,62409.99,62463.0,62409.99,62445.0,13.52513
2026-06-07 10:13:00,62444.99,62460.0,62424.73,62424.74,7.12327
2026-06-07 10:14:00,62424.73,62426.78,62382.0,62408.72,8.26478
2026-06-07 10:15:00,62408.72,62458.0,62408.71,62458.0,11.55676
2026-06-07 10:16:00,62458.0,62474.0,62409.15,62444.77,6.46962
2026-06-07 10:17:00,62444.77,62460.05,62410.25,62460.04,4.93222
2026-06-07 10:18:00,62460.04,62463.38,62429.07,62429.08,3.03828
2026-06-07 10:19:00,62429.08,62430.0,62389.68,62397.67,40.63581
2026-06-07 10:20:00,62397.67,62425.99,62397.67,62409.99,21.11942
2026-06-07 10:21:00,62410.0,62446.0,62409.99,62427.67,15.85312
2026-06-07 10:22:00,62427.68,62512.0,62427.68,62512.0,25.34152
2026-06-07 10:23:00,62512.0,62516.0,62487.0,62515.99,18.21233
2026-06-07 10:24:00,62516.0,62550.81,62515.99,62545.11,16.08823
2026-06-07 10:25:00,62545.11,62570.31,62522.26,62545.5,12.95389
2026-06-07 10:26:00,62545.49,62545.49,62516.0,62533.24,6.03138
2026-06-07 10:27:00,62533.23,62533.23,62487.33,62487.58,7.78056
2026-06-07 10:28:00,62487.58,62500.0,62470.74,62500.0,4.90273
2026-06-07 10:29:00,62500.0,62515.86,62497.68,62510.96,4.2585
2026-06-07 10:30:00,62510.95,62536.0,62497.08,62536.0,3.45382
2026-06-07 10:31:00,62536.0,62559.99,62522.06,62522.06,8.90239
2026-06-07 10:32:00,62522.05,62522.06,62441.91,62468.0,15.97136
2026-06-07 10:33:00,62467.99,62467.99,62374.42,62391.25,30.71941
2026-06-07 10:34:00,62391.25,62462.0,62391.25,62462.0,11.28216
2026-06-07 10:35:00,62462.0,62492.88,62457.41,62476.71,8.44287
2026-06-07 10:36:00,62476.72,62476.72,62407.25,62417.37,8.42534
2026-06-07 10:37:00,62417.37,62442.0,62350.0,62350.01,11.20241
2026-06-07 10:38:00,62350.01,62377.91,62326.35,62343.22,11.65439
2026-06-07 10:39:00,62343.22,62370.0,62343.21,62365.59,6.34774
2026-06-07 10:40:00,62365.58,62367.7,62312.66,62322.42,9.71318
2026-06-07 10:41:00,62322.41,62332.75,62314.9,62319.16,4.90636
2026-06-07 10:42:00,62319.17,62352.0,62319.17,62339.99,8.88603
2026-06-07 10:43:00,62339.99,62366.0,62328.88,62332.37,13.76024
2026-06-07 10:44:00,62332.37,62362.0,62326.13,62362.0,11.57404
2026-06-07 10:45:00,62361.99,62362.0,62351.69,62351.7,2.53621
2026-06-07 10:46:00,62351.7,62355.76,62316.94,62325.1,9.39558
2026-06-07 10:47:00,62325.1,62335.2,62316.0,62328.6,12.23655
2026-06-07 10:48:00,62328.6,62332.84,62298.39,62310.14,12.62466
2026-06-07 10:49:00,62310.15,62426.76,62310.14,62414.28,21.41148
2026-06-07 10:50:00,62414.27,62414.27,62351.45,62351.45,5.53931
2026-06-07 10:51:00,62351.45,62358.01,62322.0,62358.01,6.59404
2026-06-07 10:52:00,62358.0,62428.0,62358.0,62403.43,10.56419
2026-06-07 10:53:00,62403.43,62403.43,62374.0,62380.24,5.12813
2026-06-07 10:54:00,62380.24,62385.7,62365.19,62384.42,5.28554
2026-06-07 10:55:00,62384.42,62402.97,62373.71,62394.35,13.25325
2026-06-07 10:56:00,62394.35,62436.0,62394.34,62424.94,7.50882
2026-06-07 10:57:00,62424.94,62462.0,62424.94,62451.83,4.5126
2026-06-07 10:58:00,62451.84,62459.78,62365.19,62373.99,16.86251
2026-06-07 10:59:00,62373.99,62380.11,62358.0,62370.52,4.52465
2026-06-07 11:00:00,62370.53,62440.0,62370.52,62424.01,19.05978
2026-06-07 11:01:00,62424.0,62437.16,62409.15,62417.37,3.44664
2026-06-07 11:02:00,62417.37,62418.89,62378.0,62378.0,4.14843
2026-06-07 11:03:00,62378.0,62408.0,62370.0,62408.0,14.0479
2026-06-07 11:04:00,62408.0,62408.0,62359.44,62375.07,5.59852
2026-06-07 11:05:00,62375.06,62416.21,62375.06,62407.6,3.05011
2026-06-07 11:06:00,62407.6,62478.82,62407.6,62414.01,23.38609
2026-06-07 11:07:00,62414.01,62414.01,62372.0,62402.61,5.11687
2026-06-07 11:08:00,62402.6,62462.0,62402.6,62452.0,6.69858
2026-06-07 11:09:00,62452.0,62520.0,62451.99,62520.0,38.18297
2026-06-07 11:10:00,62520.0,62520.0,62484.0,62520.0,4.56382
2026-06-07 11:11:00,62520.0,62520.0,62505.14,62505.14,3.71652
2026-06-07 11:12:00,62505.15,62520.0,62452.27,62452.28,6.41587
2026-06-07 11:13:00,62452.28,62472.46,62424.21,62466.2,4.65754
2026-06-07 11:14:00,62466.2,62478.7,62460.01,62460.01,3.68093
2026-06-07 11:15:00,62460.01,62460.01,62422.71,62422.71,3.90418
2026-06-07 11:16:00,62422.71,62479.54,62422.71,62468.35,7.35822
2026-06-07 11:17:00,62468.35,62513.99,62468.34,62513.59,5.72989
2026-06-07 11:18:00,62513.59,62513.59,62481.89,62486.26,9.69818
2026-06-07 11:19:00,62486.25,62486.25,62442.0,62463.61,3.29745
2026-06-07 11:20:00,62463.61,62498.0,62456.54,62491.75,3.18838
2026-06-07 11:21:00,62491.75,62491.75,62459.08,62468.61,3.75996
2026-06-07 11:22:00,62468.61,62513.59,62468.61,62513.58,4.34324
2026-06-07 11:23:00,62513.59,62522.0,62508.04,62522.0,2.32095
2026-06-07 11:24:00,62522.0,62545.35,62521.99,62545.35,8.33612
2026-06-07 11:25:00,62545.34,62550.0,62530.0,62530.01,6.65222
2026-06-07 11:26:00,62530.0,62552.26,62522.05,62522.06,9.98113
2026-06-07 11:27:00,62522.05,62537.25,62512.2,62512.21,4.83793
2026-06-07 11:28:00,62512.2,62555.54,62512.2,62532.46,7.75365
2026-06-07 11:29:00,62532.46,62546.91,62531.7,62531.71,5.31896
2026-06-07 11:30:00,62531.7,62531.7,62508.03,62514.03,6.08742
2026-06-07 11:31:00,62514.03,62554.0,62514.02,62549.98,2.5271
2026-06-07 11:32:00,62549.99,62569.12,62536.0,62536.01,7.74906
2026-06-07 11:33:00,62536.0,62536.0,62490.0,62498.98,6.87848
2026-06-07 11:34:00,62498.97,62498.98,62448.0,62477.58,6.58412
2026-06-07 11:35:00,62477.58,62533.67,62477.58,62527.99,2.19991
2026-06-07 11:36:00,62527.99,62641.43,62527.99,62628.32,15.97631
2026-06-07 11:37:00,62628.32,62638.0,62596.44,62626.73,17.70122
2026-06-07 11:38:00,62626.72,62665.98,62618.98,62656.99,10.21449
2026-06-07 11:39:00,62656.99,62665.26,62632.31,62632.32,5.28001
2026-06-07 11:40:00,62632.31,62651.01,62632.31,62643.08,4.08167
2026-06-07 11:41:00,62643.08,62659.7,62643.07,62643.08,2.83818
2026-06-07 11:42:00,62643.08,62663.99,62643.07,62659.74,6.21134
2026-06-07 11:43:00,62659.73,62672.13,62654.84,62672.13,2.06401
2026-06-07 11:44:00,62672.13,62680.0,62672.12,62679.99,3.70685
2026-06-07 11:45:00,62679.99,62686.0,62673.0,62686.0,7.22776
2026-06-07 11:46:00,62686.0,62730.79,62678.0,62730.79,20.16798
2026-06-07 11:47:00,62720.13,62754.45,62712.66,62740.3,32.06563
2026-06-07 11:48:00,62740.3,62740.3,62740.3,62740.3,0.00022
2026-06-07 11:49:00,62716.09,62716.1,62716.09,62716.1,0.57014
2026-06-07 11:50:00,62749.99,62750.0,62740.7,62740.7,0.90377
2026-06-07 11:51:00,62652.23,62664.97,62652.23,62664.96,1.56503
2026-06-07 11:52:00,62617.55,62617.55,62605.02,62608.16,3.57839
2026-06-07 11:53:00,62611.05,62611.06,62592.49,62592.5,1.64152
2026-06-07 11:54:00,62611.13,62611.13,62608.38,62608.39,1.6161
2026-06-07 11:55:00,62672.24,62672.24,62646.46,62646.47,1.83333
2026-06-07 11:56:00,62570.06,62586.25,62567.56,62582.12,9.58
2026-06-07 11:57:00,62607.99,62615.72,62607.98,62611.88,2.43104
2026-06-07 11:58:00,62600.0,62601.37,62600.0,62600.45,3.03374
2026-06-07 11:59:00,62608.1,62642.18,62608.09,62621.96,26.66791
2026-06-07 12:00:00,62621.97,62621.97,62595.35,62615.99,28.36832
2026-06-07 12:01:00,62616.0,62637.5,62610.3,62625.73,24.57199
2026-06-07 12:02:00,62625.74,62625.74,62564.83,62564.83,25.81181
2026-06-07 12:03:00,62564.84,62629.98,62562.32,62592.19,17.48841
2026-06-07 12:04:00,62592.19,62643.87,62589.66,62633.84,7.25173
2026-06-07 12:05:00,62631.21,62643.97,62622.2,62643.96,3.93029
2026-06-07 12:06:00,62643.1,62643.11,62611.11,62616.08,10.41774
2026-06-07 12:07:00,62590.1,62630.18,62590.09,62601.09,2.55902
2026-06-07 12:08:00,62587.79,62593.94,62565.3,62565.3,2.83006
2026-06-07 12:09:00,62560.01,62574.04,62358.0,62416.01,37.77165
2026-06-07 12:10:00,62429.81,62448.61,62212.1,62313.89,48.00567
2026-06-07 12:11:00,62289.4,62349.64,62214.98,62214.98,20.33227
2026-06-07 12:12:00,62238.0,62296.0,62132.0,62174.09,65.5421
2026-06-07 12:13:00,62188.0,62202.84,62103.94,62161.3,34.75732
2026-06-07 12:14:00,62101.13,62167.05,62063.36,62085.15,31.37553
2026-06-07 12:15:00,62085.16,62232.82,62072.72,62208.79,32.47973
2026-06-07 12:16:00,62215.45,62228.6,62107.2,62126.0,20.69878
2026-06-07 12:17:00,62124.04,62153.47,61914.18,61937.4,102.20789
2026-06-07 12:18:00,61929.6,62043.91,61929.6,61961.19,55.99245
2026-06-07 12:19:00,61961.19,62058.0,61875.0,62000.15,116.51704
2026-06-07 12:20:00,62000.15,62003.96,62000.15,62003.95,0.35989
2026-06-07 12:21:00,62072.12,62092.04,62072.11,62092.04,0.82972
2026-06-07 12:22:00,62098.0,62098.0,62080.52,62082.85,1.83606
2026-06-07 12:23:00,61978.01,62005.0,61978.0,62000.0,5.5356
2026-06-07 12:24:00,61939.93,61958.75,61934.01,61944.43,3.51188
2026-06-07 12:25:00,61973.19,61976.59,61973.19,61973.19,2.457
2026-06-07 12:26:00,61955.89,61984.0,61953.77,61982.0,6.61524
2026-06-07 12:27:00,61934.81,61947.01,61930.1,61933.0,9.54161
2026-06-07 12:28:00,61956.16,61990.92,61948.48,61963.11,8.11774
2026-06-07 12:29:00,61988.93,61988.93,61961.91,61961.92,10.23787
2026-06-07 12:30:00,61935.92,61952.06,61926.11,61927.32,8.45598
2026-06-07 12:31:00,61892.09,61932.9,61882.78,61895.88,16.07082
2026-06-07 12:32:00,61905.75,61940.0,61905.74,61939.26,13.90255
2026-06-07 12:33:00,61878.01,61889.25,61855.34,61855.34,12.48094
2026-06-07 12:34:00,61803.15,61817.53,61680.01,61786.0,79.11764
2026-06-07 12:35:00,61790.21,61892.05,61790.21,61884.0,10.62272
2026-06-07 12:36:00,61830.06,61844.0,61814.01,61837.01,5.70754
2026-06-07 12:37:00,61820.64,61828.94,61794.0,61810.34,8.4139
2026-06-07 12:38:00,61819.99,61824.0,61793.63,61798.63,7.47871
2026-06-07 12:39:00,61899.99,61899.99,61856.01,61856.01,1.52907
2026-06-07 12:40:00,61893.88,61919.99,61893.88,61906.57,3.70339
2026-06-07 12:41:00,61859.65,61859.65,61788.17,61788.17,6.70087
2026-06-07 12:42:00,61796.61,61810.0,61731.74,61732.01,32.68827
2026-06-07 12:43:00,61584.01,61716.7,61584.0,61679.17,33.73167
2026-06-07 12:44:00,61687.99,61687.99,61605.57,61610.24,16.42797
2026-06-07 12:45:00,61648.65,61687.5,61642.01,61675.29,15.1914
2026-06-07 12:46:00,61732.01,61772.0,61732.0,61739.62,3.31977
2026-06-07 12:47:00,61800.04,61821.76,61800.03,61810.55,3.99829
2026-06-07 12:48:00,61824.87,61831.29,61812.77,61831.29,3.9644
2026-06-07 12:49:00,61813.3,61832.0,61813.3,61832.0,6.49164
2026-06-07 12:50:00,61856.43,61856.43,61821.27,61836.0,4.21778
2026-06-07 12:51:00,61849.77,61867.15,61844.83,61867.15,1.26289
2026-06-07 12:52:00,61858.82,61863.77,61800.0,61806.3,12.5583
2026-06-07 12:53:00,61801.34,61801.35,61777.99,61778.01,4.2718
2026-06-07 12:54:00,61752.32,61856.82,61752.32,61855.47,8.81903
2026-06-07 12:55:00,61855.47,61858.0,61831.97,61831.98,5.07601
2026-06-07 12:56:00,61831.98,61831.98,61822.0,61824.55,4.90661
2026-06-07 12:57:00,61824.55,61956.52,61824.54,61951.41,23.83291
2026-06-07 12:58:00,61951.41,61962.0,61934.69,61954.0,2.11127
2026-06-07 12:59:00,61946.1,61946.11,61885.36,61895.16,7.61909
2026-06-07 13:00:00,61900.66,61907.64,61858.54,61865.3,19.43552
2026-06-07 13:01:00,61833.97,61837.91,61824.75,61829.24,8.10294
2026-06-07 13:02:00,61863.38,61876.0,61854.3,61854.31,10.78468
2026-06-07 13:03:00,61819.19,61833.82,61798.01,61798.01,20.24687
2026-06-07 13:04:00,61804.64,61805.86,61796.43,61798.08,9.30789
2026-06-07 13:05:00,61764.0,61798.0,61764.0,61798.0,15.87126
2026-06-07 13:06:00,61748.73,61781.48,61747.6,61764.07,13.43311
2026-06-07 13:07:00,61765.7,61765.7,61710.0,61714.17,17.75191
2026-06-07 13:08:00,61737.41,61755.65,61737.4,61753.99,10.77068
2026-06-07 13:09:00,61726.03,61746.0,61702.0,61741.98,17.77433
2026-06-07 13:10:00,61721.77,61722.95,61704.02,61716.57,17.23765
2026-06-07 13:11:00,61738.41,61788.0,61716.18,61716.18,16.30426
2026-06-07 13:12:00,61744.7,61744.7,61691.21,61691.21,18.42645
2026-06-07 13:13:00,61654.82,61694.0,61654.81,61691.99,22.706
2026-06-07 13:14:00,61701.99,61724.43,61700.76,61724.43,14.63147
2026-06-07 13:15:00,61775.44,61806.0,61729.11,61729.11,22.00407
2026-06-07 13:16:00,61702.54,61711.78,61658.21,61664.45,28.65759
2026-06-07 13:17:00,61700.88,61707.04,61661.75,61668.24,5.35465
2026-06-07 13:18:00,61683.29,61715.99,61683.29,61698.45,1.82354
2026-06-07 13:19:00,61720.75,61742.0,61668.0,61672.54,20.98504
2026-06-07 13:20:00,61652.98,61691.96,61652.98,61675.17,9.0723
2026-06-07 13:21:00,61691.96,61710.01,61674.5,61701.07,11.03939
2026-06-07 13:22:00,61693.72,61728.0,61693.7,61715.13,3.38722
2026-06-07 13:23:00,61698.51,61700.0,61694.49,61694.5,1.11962
2026-06-07 13:24:00,61704.01,61740.0,61704.01,61724.85,2.30728
2026-06-07 13:25:00,61724.85,61727.44,61702.93,61702.93,8.98824
2026-06-07 13:26:00,61704.5,61750.0,61704.5,61748.51,16.85395
2026-06-07 13:27:00,61746.69,61772.0,61746.69,61767.12,6.64416
2026-06-07 13:28:00,61785.9,61853.75,61785.9,61845.81,14.26025
2026-06-07 13:29:00,61838.54,61839.11,61813.63,61839.1,5.2065
2026-06-07 13:30:00,61848.44,61848.44,61791.68,61795.62,7.62217
2026-06-07 13:31:00,61796.1,61848.0,61796.09,61848.0,2.76459
2026-06-07 13:32:00,61862.0,61906.34,61842.41,61842.41,14.26953
2026-06-07 13:33:00,61832.24,61838.0,61801.35,61837.99,2.90115
2026-06-07 13:34:00,61832.52,61842.14,61832.51,61837.12,2.93225
2026-06-07 13:35:00,61859.93,61859.93,61816.54,61816.55,2.78158
2026-06-07 13:36:00,61800.0,61810.76,61740.0,61740.01,13.66816
2026-06-07 13:37:00,61724.01,61724.01,61686.47,61711.52,21.12611
2026-06-07 13:38:00,61676.01,61726.0,61676.01,61722.55,24.99038
2026-06-07 13:39:00,61722.17,61742.92,61722.17,61728.49,28.3225
2026-06-07 13:40:00,61736.1,61749.99,61714.71,61714.71,14.81249
2026-06-07 13:41:00,61709.83,61722.97,61691.28,61691.28,11.63107
2026-06-07 13:42:00,61701.02,61744.0,61701.02,61721.55,3.43608
2026-06-07 13:43:00,61739.61,61739.62,61712.18,61728.09,4.03934
2026-06-07 13:44:00,61730.09,61760.14,61730.09,61739.53,3.27936
2026-06-07 13:45:00,61739.53,61759.36,61739.52,61748.32,3.44836
2026-06-07 13:46:00,61739.69,61772.0,61739.69,61772.0,2.23992
2026-06-07 13:47:00,61772.0,61776.35,61750.0,61750.0,8.89836
2026-06-07 13:48:00,61750.0,61750.0,61714.0,61719.59,3.84052
2026-06-07 13:49:00,61719.59,61719.59,61719.59,61719.59,0.0
2026-06-07 13:50:00,61706.0,61710.9,61706.0,61710.9,0.41138
2026-06-07 13:51:00,61782.0,61782.0,61772.64,61772.65,0.25913
2026-06-07 13:52:00,61779.05,61779.05,61779.04,61779.05,0.00774
2026-06-07 13:53:00,61808.93,61814.9,61802.64,61802.64,1.55269
2026-06-07 13:54:00,61773.96,61773.97,61761.94,61761.94,1.62555
2026-06-07 13:55:00,61720.71,61744.48,61720.71,61742.07,7.39866
2026-06-07 13:56:00,61774.0,61784.8,61774.0,61779.88,5.06036
2026-06-07 13:57:00,61779.99,61779.99,61761.09,61767.41,2.78955
2026-06-07 13:58:00,61759.45,61772.73,61759.45,61772.72,5.60524
2026-06-07 13:59:00,61725.2,61727.74,61725.19,61727.73,3.01066
2026-06-07 14:00:00,61700.14,61700.14,61698.52,61698.53,3.0539
2026-06-07 14:01:00,61738.85,61780.04,61734.85,61767.43,10.54396
2026-06-07 14:02:00,61756.19,61764.0,61756.19,61762.83,4.37311
2026-06-07 14:03:00,61787.99,61795.75,61785.23,61785.23,0.44276
2026-06-07 14:04:00,61773.62,61779.81,61773.62,61779.81,0.98208
2026-06-07 14:05:00,61760.18,61760.19,61750.31,61750.31,1.05973
2026-06-07 14:06:00,61798.17,61798.17,61790.47,61790.89,1.43074
2026-06-07 14:07:00,61769.38,61770.0,61760.78,61760.78,2.22042
2026-06-07 14:08:00,61783.02,61783.02,61760.78,61760.78,1.46382
2026-06-07 14:09:00,61760.78,61773.14,61760.78,61773.14,1.88655
2026-06-07 14:10:00,61768.85,61777.32,61760.77,61772.86,0.89302
2026-06-07 14:11:00,61769.77,61790.28,61761.71,61790.27,1.23011
2026-06-07 14:12:00,61792.01,61808.0,61792.01,61808.0,1.52731
2026-06-07 14:13:00,61806.13,61813.32,61806.13,61811.98,3.2376
2026-06-07 14:14:00,61818.69,61824.89,61818.69,61824.89,0.73314
2026-06-07 14:15:00,61793.44,61793.44,61766.0,61768.53,2.25178
2026-06-07 14:16:00,61768.54,61813.28,61768.53,61804.91,6.63096
2026-06-07 14:17:00,61814.87,61844.0,61814.86,61834.48,2.63707
2026-06-07 14:18:00,61902.0,61918.64,61886.15,61918.64,11.18323
2026-06-07 14:19:00,61942.9,61942.9,61880.37,61913.18,94.67543
2026-06-07 14:20:00,61935.4,61936.0,61902.1,61936.0,3.48886
2026-06-07 14:21:00,62029.36,62029.36,61922.0,61925.11,21.11889
2026-06-07 14:22:00,61932.52,61966.32,61919.52,61966.32,4.19837
2026-06-07 14:23:00,62059.99,62068.0,62000.01,62000.02,5.05935
2026-06-07 14:24:00,62029.27,62044.0,62001.59,62035.9,3.82807
2026-06-07 14:25:00,62045.95,62112.0,62045.95,62090.01,29.47947
2026-06-07 14:26:00,62130.37,62130.37,62094.36,62094.78,4.67044
2026-06-07 14:27:00,62076.13,62146.85,62076.12,62100.01,5.0755
2026-06-07 14:28:00,62077.41,62077.41,62034.0,62035.8,4.68227
2026-06-07 14:29:00,62050.0,62056.0,62049.99,62052.07,3.14849
2026-06-07 14:30:00,62081.99,62168.0,62081.99,62168.0,7.34674
2026-06-07 14:31:00,62231.2,62231.2,62188.01,62208.93,13.25659
2026-06-07 14:32:00,62308.43,62308.43,62222.0,62229.15,6.94536
2026-06-07 14:33:00,62256.03,62262.2,62242.04,62262.19,2.635
2026-06-07 14:34:00,62267.15,62267.16,62223.3,62241.04,4.4479
2026-06-07 14:35:00,62244.2,62244.2,62203.23,62205.98,13.5814
2026-06-07 14:36:00,62226.26,62272.0,62208.6,62265.46,10.36571
2026-06-07 14:37:00,62252.01,62264.85,62212.9,62240.05,9.36424
2026-06-07 14:38:00,62230.86,62252.0,62220.02,62226.81,19.73794
2026-06-07 14:39:00,62181.96,62181.96,62153.52,62170.78,15.42144
2026-06-07 14:40:00,62146.03,62146.03,62039.16,62039.17,28.65205
2026-06-07 14:41:00,62046.13,62062.01,61990.7,61990.71,20.48804
2026-06-07 14:42:00,61972.04,62028.0,61964.01,62006.73,9.05697
2026-06-07 14:43:00,61939.12,61972.0,61939.11,61972.0,11.6887
2026-06-07 14:44:00,61989.61,62014.0,61976.4,62001.55,5.8177
2026-06-07 14:45:00,61996.5,62001.34,61960.14,61960.14,5.8581
2026-06-07 14:46:00,61936.0,61948.01,61852.0,61860.0,16.49486
2026-06-07 14:47:00,61822.0,61846.8,61800.0,61842.5,7.78287
2026-06-07 14:48:00,61860.69,61870.0,61829.02,61836.01,13.04297
2026-06-07 14:49:00,61824.01,61824.01,61772.0,61801.01,8.48798
2026-06-07 14:50:00,61802.39,61830.0,61746.0,61830.0,15.87716
2026-06-07 14:51:00,61827.86,61910.0,61827.86,61892.09,6.28169
2026-06-07 14:52:00,61898.28,61920.0,61884.0,61920.0,4.68653
2026-06-07 14:53:00,61919.99,61920.0,61858.0,61858.0,4.70527
2026-06-07 14:54:00,61867.39,61883.37,61857.48,61858.23,2.57291
2026-06-07 14:55:00,61878.08,61908.0,61876.0,61884.95,5.74256
2026-06-07 14:56:00,61895.13,61920.0,61895.13,61917.25,6.60763
2026-06-07 14:57:00,61919.99,61927.98,61907.78,61914.44,11.17571
2026-06-07 14:58:00,61924.67,61924.67,61889.4,61889.41,3.95156
2026-06-07 14:59:00,61894.4,61911.86,61893.88,61908.3,9.10242
2026-06-07 15:00:00,61905.49,61905.49,61839.3,61843.56,9.70982
2026-06-07 15:01:00,61843.55,61858.0,61828.25,61841.15,3.73175
2026-06-07 15:02:00,61829.57,61839.66,61804.95,61804.95,14.71806
2026-06-07 15:03:00,61800.01,61818.0,61770.0,61773.01,16.83072
2026-06-07 15:04:00,61783.1,61784.01,61743.37,61745.97,5.31892
2026-06-07 15:05:00,61744.56,61744.56,61688.0,61690.63,10.45113
2026-06-07 15:06:00,61690.63,61720.0,61674.51,61700.39,11.47029
2026-06-07 15:07:00,61700.39,61700.39,61700.39,61700.39,0.0
2026-06-07 15:08:00,61689.32,61689.32,61689.32,61689.32,0.00051
2026-06-07 15:09:00,61812.01,61812.01,61806.01,61806.01,0.06726
2026-06-07 15:10:00,61809.43,61809.43,61800.0,61800.0,0.16658
2026-06-07 15:11:00,61790.58,61790.58,61790.57,61790.58,0.1725
2026-06-07 15:12:00,61822.0,61822.0,61821.99,61822.0,0.00107
2026-06-07 15:13:00,61845.16,61845.16,61837.23,61837.23,0.07202
2026-06-07 15:14:00,61809.46,61809.47,61800.0,61800.0,0.52926
2026-06-07 15:15:00,61838.47,61838.47,61820.64,61820.64,0.31087
2026-06-07 15:16:00,61865.07,61870.0,61865.06,61870.0,0.21098
2026-06-07 15:17:00,61840.0,61840.01,61823.34,61823.34,1.62459
2026-06-07 15:18:00,61736.76,61756.24,61736.76,61755.11,0.80382
2026-06-07 15:19:00,61778.0,61778.0,61771.28,61776.01,0.29122
2026-06-07 15:20:00,61770.0,61770.0,61738.0,61741.68,1.54391
2026-06-07 15:21:00,61739.93,61764.12,61739.92,61764.11,0.54818
2026-06-07 15:22:00,61772.0,61823.99,61772.0,61823.99,2.70808
2026-06-07 15:23:00,61810.01,61821.3,61802.23,61802.24,0.7672
2026-06-07 15:24:00,61808.15,61821.44,61808.15,61814.85,1.07273
2026-06-07 15:25:00,61840.0,61870.0,61840.0,61869.62,3.41849
2026-06-07 15:26:00,61858.17,61863.2,61858.17,61863.2,3.69996
2026-06-07 15:27:00,61876.27,61876.27,61848.0,61848.0,1.33199
2026-06-07 15:28:00,61869.99,61875.27,61859.99,61875.27,1.09999
2026-06-07 15:29:00,61961.57,61961.58,61940.01,61940.01,1.493
2026-06-07 15:30:00,61963.2,61970.4,61959.26,61964.34,3.8269
2026-06-07 15:31:00,62011.26,62030.0,62000.0,62026.67,3.50683
2026-06-07 15:32:00,62080.87,62106.0,62074.55,62099.51,3.15472
2026-06-07 15:33:00,62051.12,62051.12,62018.88,62021.38,4.16149
2026-06-07 15:34:00,61973.96,61998.0,61968.56,61998.0,5.28571
2026-06-07 15:35:00,62064.0,62081.99,62064.0,62081.99,2.23713
2026-06-07 15:36:00,62058.01,62062.02,62009.58,62009.59,2.89286
2026-06-07 15:37:00,62028.01,62045.02,62028.0,62045.01,1.85264
2026-06-07 15:38:00,62056.78,62076.51,62055.99,62056.79,1.98071
2026-06-07 15:39:00,62071.99,62072.0,62071.99,62071.99,0.56132
2026-06-07 15:40:00,62099.99,62103.27,62085.44,62099.07,1.93502
2026-06-07 15:41:00,62087.95,62109.99,62087.94,62108.88,3.20549
2026-06-07 15:42:00,62152.19,62152.19,62132.84,62132.84,5.92517
2026-06-07 15:43:00,62118.4,62118.4,62072.76,62100.0,3.53266
2026-06-07 15:44:00,62081.91,62116.0,62081.9,62116.0,0.6875
2026-06-07 15:45:00,62110.79,62110.79,62064.01,62064.01,3.34917
2026-06-07 15:46:00,62008.01,62060.0,62008.0,62047.08,5.23702
2026-06-07 15:47:00,62048.99,62048.99,62025.6,62042.85,3.36838
2026-06-07 15:48:00,62060.0,62080.0,62042.0,62042.0,2.71364
2026-06-07 15:49:00,62014.0,62028.5,62013.99,62028.5,2.53732
2026-06-07 15:50:00,62037.0,62082.9,62036.99,62060.0,3.33764
2026-06-07 15:51:00,62052.77,62084.0,62052.77,62075.73,1.38432
2026-06-07 15:52:00,62103.99,62143.25,62103.28,62130.0,4.80677
2026-06-07 15:53:00,62180.8,62219.92,62170.0,62180.69,26.49316
2026-06-07 15:54:00,62168.0,62168.0,62048.0,62048.0,7.38566
2026-06-07 15:55:00,62088.51,62090.0,62018.38,62018.38,5.26752
2026-06-07 15:56:00,61998.58,62048.0,61994.0,62048.0,3.17071
2026-06-07 15:57:00,62050.0,62050.0,62031.57,62041.97,0.84999
2026-06-07 15:58:00,62050.48,62074.0,62050.48,62068.01,1.29878
2026-06-07 15:59:00,62068.01,62080.0,62068.0,62080.0,5.91871
2026-06-07 16:00:00,62093.99,62120.44,62093.99,62102.04,3.85628
2026-06-07 16:01:00,62078.24,62094.28,62068.01,62085.19,1.48896
2026-06-07 16:02:00,62079.25,62087.36,62018.0,62018.01,4.95789
2026-06-07 16:03:00,62016.01,62049.58,62016.01,62039.98,3.33187
2026-06-07 16:04:00,62040.48,62043.19,62020.01,62020.67,3.46112
2026-06-07 16:05:00,62007.12,62036.89,61994.01,61994.01,3.03118
2026-06-07 16:06:00,62004.58,62025.41,61966.0,61966.01,7.41508
2026-06-07 16:07:00,61966.7,62004.45,61966.7,62004.45,10.24698
2026-06-07 16:08:00,62021.99,62021.99,61979.2,61979.21,6.98474
2026-06-07 16:09:00,61973.7,62014.0,61973.7,62013.99,2.63703
2026-06-07 16:10:00,62019.9,62062.0,62019.9,62062.0,3.92731
2026-06-07 16:11:00,62075.99,62075.99,61981.94,61981.94,3.89615
2026-06-07 16:12:00,61972.0,62019.99,61972.0,62019.69,4.71417
2026-06-07 16:13:00,62034.0,62165.99,62034.0,62162.0,10.74021
2026-06-07 16:14:00,62162.0,62188.86,62132.66,62132.67,11.46625
2026-06-07 16:15:00,62158.0,62158.01,62106.0,62149.99,3.50214
2026-06-07 16:16:00,62150.0,62202.0,62150.0,62190.47,6.47804
2026-06-07 16:17:00,62185.19,62196.0,62152.01,62177.14,5.05879
2026-06-07 16:18:00,62181.36,62181.36,62160.0,62178.16,2.86017
2026-06-07 16:19:00,62184.25,62210.0,62181.28,62198.0,4.10719
2026-06-07 16:20:00,62198.0,62256.0,62183.33,62250.61,17.00908
2026-06-07 16:21:00,62256.84,62265.99,62225.14,62265.99,8.51308
2026-06-07 16:22:00,62266.0,62271.5,62226.08,62240.03,21.57364
2026-06-07 16:23:00,62241.37,62258.28,62230.28,62246.95,3.34093
2026-06-07 16:24:00,62246.95,62273.71,62246.95,62269.71,6.9646
2026-06-07 16:25:00,62269.7,62290.0,62258.3,62282.46,5.12531
2026-06-07 16:26:00,62282.46,62332.0,62240.0,62240.0,27.61252
2026-06-07 16:27:00,62240.0,62240.0,62147.05,62168.0,12.9436
2026-06-07 16:28:00,62168.0,62189.4,62148.77,62189.4,3.19986
2026-06-07 16:29:00,62189.39,62192.0,62161.92,62179.15,5.596
2026-06-07 16:30:00,62179.14,62183.84,62154.66,62183.84,1.7363
2026-06-07 16:31:00,62183.85,62251.99,62183.85,62227.1,5.38476
2026-06-07 16:32:00,62227.1,62287.51,62227.1,62267.5,5.65566
2026-06-07 16:33:00,62267.51,62280.0,62232.01,62265.99,3.2721
2026-06-07 16:34:00,62266.0,62274.55,62252.0,62259.93,3.75923
2026-06-07 16:35:00,62259.92,62259.92,62222.0,62222.0,5.0664
2026-06-07 16:36:00,62222.01,62246.26,62207.98,62246.25,3.81505
2026-06-07 16:37:00,62246.25,62252.0,62206.0,62214.0,3.60009
2026-06-07 16:38:00,62214.0,62238.0,62214.0,62238.0,2.20515
2026-06-07 16:39:00,62238.0,62238.0,62221.22,62223.42,3.92327
2026-06-07 16:40:00,62223.42,62247.58,62185.99,62185.99,7.56935
2026-06-07 16:41:00,62186.0,62221.56,62159.88,62175.35,17.58042
2026-06-07 16:42:00,62175.36,62208.0,62175.36,62199.9,7.07642
2026-06-07 16:43:00,62199.91,62203.04,62179.83,62196.12,1.98481
2026-06-07 16:44:00,62196.12,62196.12,62159.99,62159.99,4.58589
2026-06-07 16:45:00,62159.99,62184.85,62159.99,62184.85,4.52699
2026-06-07 16:46:00,62184.84,62222.0,62184.84,62200.78,2.54497
2026-06-07 16:47:00,62200.79,62223.02,62166.0,62166.0,4.46599
2026-06-07 16:48:00,62166.0,62177.47,62162.0,62172.23,1.7126
2026-06-07 16:49:00,62172.23,62200.0,62172.23,62200.0,4.76416
2026-06-07 16:50:00,62200.0,62226.0,62185.68,62207.98,5.52297
2026-06-07 16:51:00,62207.97,62239.99,62200.0,62218.18,4.07301
2026-06-07 16:52:00,62218.18,62228.51,62192.01,62207.33,4.89872
2026-06-07 16:53:00,62207.33,62218.11,62186.0,62186.01,9.20587
2026-06-07 16:54:00,62186.0,62206.67,62186.0,62186.36,17.10778
2026-06-07 16:55:00,62186.36,62186.37,62073.27,62109.83,29.10944
2026-06-07 16:56:00,62109.83,62109.83,61987.52,62026.0,34.04502
2026-06-07 16:57:00,62026.0,62037.99,62000.0,62000.01,23.04659
2026-06-07 16:58:00,62000.01,62058.91,62000.0,62041.79,13.34457
2026-06-07 16:59:00,62041.79,62084.99,62041.78,62083.64,5.24185
2026-06-07 17:00:00,62083.64,62084.98,62050.0,62062.37,3.35353
2026-06-07 17:01:00,62062.38,62086.0,62046.62,62083.99,2.44398
2026-06-07 17:02:00,62083.98,62154.95,62083.98,62126.0,4.29659
2026-06-07 17:03:00,62126.01,62145.7,62118.0,62136.92,3.75739
2026-06-07 17:04:00,62136.92,62257.78,62125.52,62245.73,20.89944
2026-06-07 17:05:00,62245.74,62245.74,62202.0,62202.0,2.88493
2026-06-07 17:06:00,62202.0,62242.0,62192.0,62239.98,11.1572
2026-06-07 17:07:00,62239.99,62268.0,62225.7,62262.1,11.01978
2026-06-07 17:08:00,62262.1,62303.99,62262.09,62295.87,8.088
2026-06-07 17:09:00,62295.88,62311.5,62264.0,62266.44,68.04052
2026-06-07 17:10:00,62266.44,62266.44,62244.68,62248.47,3.58452
2026-06-07 17:11:00,62248.46,62249.22,62241.2,62241.2,2.02925
2026-06-07 17:12:00,62241.2,62285.98,62241.2,62285.98,11.00865
2026-06-07 17:13:00,62285.98,62324.88,62285.98,62292.96,5.73242
2026-06-07 17:14:00,62292.97,62292.97,62271.46,62287.44,4.13737
2026-06-07 17:15:00,62287.45,62320.0,62264.0,62264.0,4.92057
2026-06-07 17:16:00,62264.01,62318.0,62264.01,62312.66,5.23152
2026-06-07 17:17:00,62312.67,62312.67,62260.0,62269.28,4.39333
2026-06-07 17:18:00,62269.29,62295.61,62266.68,62278.61,4.0007
2026-06-07 17:19:00,62278.61,62301.1,62267.93,62271.95,37.28987
2026-06-07 17:20:00,62271.94,62301.78,62271.94,62285.05,12.82305
2026-06-07 17:21:00,62285.05,62290.22,62242.0,62265.29,29.72633
2026-06-07 17:22:00,62265.28,62315.14,62265.28,62309.98,13.37121
2026-06-07 17:23:00,62309.99,62330.0,62290.01,62290.01,12.92878
2026-06-07 17:24:00,62290.01,62290.01,62265.55,62265.55,8.13094
2026-06-07 17:25:00,62265.56,62277.2,62242.0,62242.0,2.17041
2026-06-07 17:26:00,62242.0,62265.48,62241.05,62245.72,5.09786
2026-06-07 17:27:00,62245.72,62258.11,62245.71,62256.31,1.67299
2026-06-07 17:28:00,62256.32,62272.0,62253.07,62260.14,7.99227
2026-06-07 17:29:00,62260.14,62265.58,62250.84,62251.35,16.3942
2026-06-07 17:30:00,62251.36,62272.31,62248.33,62272.19,3.61247
2026-06-07 17:31:00,62272.19,62302.0,62237.53,62272.41,28.60614
2026-06-07 17:32:00,62272.42,62294.0,62272.42,62283.19,3.39483
2026-06-07 17:33:00,62283.19,62283.19,62246.0,62247.95,4.44111
2026-06-07 17:34:00,62247.94,62284.0,62234.29,62266.68,11.45878
2026-06-07 17:35:00,62266.68,62300.0,62253.97,62279.16,3.69487
2026-06-07 17:36:00,62279.16,62305.66,62279.15,62283.28,3.16542
2026-06-07 17:37:00,62283.29,62320.52,62283.28,62320.51,5.9004
2026-06-07 17:38:00,62320.52,62320.52,62290.23,62290.23,4.26978
2026-06-07 17:39:00,62290.24,62310.23,62266.0,62266.0,5.69768
2026-06-07 17:40:00,62266.0,62266.01,62238.0,62260.35,4.30078
2026-06-07 17:41:00,62260.36,62297.88,62235.78,62296.47,31.08723
2026-06-07 17:42:00,62296.47,62317.29,62296.47,62312.95,5.21717
2026-06-07 17:43:00,62312.95,62312.95,62275.82,62275.82,3.89383
2026-06-07 17:44:00,62275.82,62282.77,62262.0,62273.65,5.13604
2026-06-07 17:45:00,62273.65,62273.65,62236.0,62236.01,9.82958
2026-06-07 17:46:00,62236.01,62265.85,62236.0,62243.23,3.02912
2026-06-07 17:47:00,62243.23,62252.97,62218.13,62218.13,7.02421
2026-06-07 17:48:00,62218.13,62218.13,62120.0,62133.95,30.48516
2026-06-07 17:49:00,62133.95,62228.0,62130.76,62227.99,9.16121
2026-06-07 17:50:00,62227.99,62227.99,62192.01,62204.55,7.18469
2026-06-07 17:51:00,62204.55,62229.06,62190.01,62190.01,8.89331
2026-06-07 17:52:00,62190.01,62200.73,62096.94,62127.99,10.38958
2026-06-07 17:53:00,62128.0,62154.0,62122.17,62152.28,6.01636
2026-06-07 17:54:00,62152.28,62171.34,62152.28,62171.34,2.29877
2026-06-07 17:55:00,62171.34,62182.0,62169.99,62182.0,4.74418
2026-06-07 17:56:00,62182.0,62204.0,62180.0,62180.01,4.03053
2026-06-07 17:57:00,62180.0,62180.01,62169.99,62170.0,4.53882
2026-06-07 17:58:00,62170.0,62170.0,62153.52,62164.14,8.9446
2026-06-07 17:59:00,62164.14,62164.14,62156.01,62160.01,4.95274
2026-06-07 18:00:00,62160.01,62192.0,62153.78,62192.0,6.19626
2026-06-07 18:01:00,62191.99,62227.53,62191.99,62227.53,4.09714
2026-06-07 18:02:00,62227.53,62246.0,62217.29,62217.29,2.75702
2026-06-07 18:03:00,62217.3,62226.93,62207.97,62207.98,1.02847
2026-06-07 18:04:00,62207.98,62207.98,62143.27,62145.51,52.88077
2026-06-07 18:05:00,62145.52,62185.64,62145.51,62179.66,7.34468
2026-06-07 18:06:00,62179.65,62195.38,62179.65,62195.38,0.99909
2026-06-07 18:07:00,62195.38,62234.28,62195.38,62198.25,10.84861
2026-06-07 18:08:00,62198.26,62227.15,62198.25,62227.15,5.8454
2026-06-07 18:09:00,62227.14,62232.95,62223.58,62223.59,2.2891
2026-06-07 18:10:00,62223.59,62246.0,62218.0,62218.01,7.27598
2026-06-07 18:11:00,62218.01,62230.55,62218.0,62229.99,6.97808
2026-06-07 18:12:00,62229.99,62230.0,62207.97,62211.53,5.26506
2026-06-07 18:13:00,62211.53,62253.14,62211.53,62253.14,2.06183
2026-06-07 18:14:00,62253.13,62296.0,62253.13,62282.2,8.92884
2026-06-07 18:15:00,62282.2,62282.2,62228.0,62228.01,2.82041
2026-06-07 18:16:00,62228.01,62232.01,62145.99,62145.99,6.51058
2026-06-07 18:17:00,62145.51,62162.45,62144.01,62149.03,3.70127
2026-06-07 18:18:00,62149.03,62160.0,62144.0,62157.39,2.47703
2026-06-07 18:19:00,62157.39,62180.19,62157.39,62163.99,1.08976
2026-06-07 18:20:00,62164.0,62182.88,62163.99,62182.64,3.72342
2026-06-07 18:21:00,62182.64,62216.27,62182.64,62216.26,0.97719
2026-06-07 18:22:00,62216.27,62216.27,62186.11,62206.94,5.61416
2026-06-07 18:23:00,62206.94,62206.94,62186.31,62186.32,3.82298
2026-06-07 18:24:00,62186.31,62206.0,62186.31,62205.99,0.57634
2026-06-07 18:25:00,62205.99,62206.0,62195.46,62202.31,2.40721
2026-06-07 18:26:00,62202.31,62214.0,62192.82,62209.79,4.69572
2026-06-07 18:27:00,62209.8,62215.39,62209.79,62215.39,0.68045
2026-06-07 18:28:00,62215.39,62228.8,62215.38,62228.8,1.32962
2026-06-07 18:29:00,62228.8,62238.0,62227.81,62227.82,3.5152
2026-06-07 18:30:00,62227.82,62236.2,62212.8,62212.81,1.92166
2026-06-07 18:31:00,62212.81,62248.0,62212.8,62248.0,1.04272
2026-06-07 18:32:00,62248.0,62277.99,62248.0,62277.99,1.57622
2026-06-07 18:33:00,62278.0,62292.0,62246.01,62246.01,2.67133
2026-06-07 18:34:00,62246.01,62265.62,62223.4,62223.41,35.33433
2026-06-07 18:35:00,62223.4,62249.51,62223.4,62249.51,6.96808
2026-06-07 18:36:00,62249.5,62252.91,62229.29,62250.02,9.20071
2026-06-07 18:37:00,62250.02,62254.0,62188.0,62188.0,16.20595
2026-06-07 18:38:00,62188.01,62188.01,62165.05,62188.0,8.73533
2026-06-07 18:39:00,62188.0,62214.0,62188.0,62205.41,6.66223
2026-06-07 18:40:00,62205.41,62207.51,62176.73,62207.51,8.21343
2026-06-07 18:41:00,62207.5,62207.51,62188.0,62188.0,7.2471
2026-06-07 18:42:00,62188.01,62199.89,62188.0,62199.89,3.21934
2026-06-07 18:43:00,62199.89,62215.15,62199.57,62199.58,2.81593
2026-06-07 18:44:00,62199.58,62205.84,62199.57,62205.84,0.50763
2026-06-07 18:45:00,62205.84,62226.0,62200.27,62225.25,2.01646
2026-06-07 18:46:00,62225.24,62237.76,62213.2,62223.73,3.41563
2026-06-07 18:47:00,62223.73,62223.74,62216.52,62223.2,1.41417
2026-06-07 18:48:00,62223.2,62234.21,62219.26,62219.26,0.96875
2026-06-07 18:49:00,62219.26,62219.26,62122.0,62122.65,9.07794
2026-06-07 18:50:00,62122.64,62129.08,62090.0,62090.01,18.1195
2026-06-07 18:51:00,62090.01,62114.08,62058.0,62079.25,10.09187
2026-06-07 18:52:00,62079.26,62107.45,62072.9,62103.27,3.86079
2026-06-07 18:53:00,62103.28,62103.28,62090.73,62090.73,1.75406
2026-06-07 18:54:00,62090.74,62109.99,62090.73,62109.99,3.60731
2026-06-07 18:55:00,62109.99,62110.0,62100.32,62104.66,2.12823
2026-06-07 18:56:00,62104.67,62110.0,62101.12,62110.0,1.1865
2026-06-07 18:57:00,62110.0,62144.18,62109.99,62134.19,3.47152
2026-06-07 18:58:00,62134.19,62134.19,62095.09,62095.1,17.36863
2026-06-07 18:59:00,62095.1,62095.1,62022.0,62030.14,14.07259
2026-06-07 19:00:00,62030.15,62036.78,61990.38,61990.39,4.41943
2026-06-07 19:01:00,61990.38,61990.38,61832.34,61848.55,58.89511
2026-06-07 19:02:00,61848.55,61848.55,61728.0,61738.94,25.8023
2026-06-07 19:03:00,61738.93,61796.0,61693.12,61777.0,24.97726
2026-06-07 19:04:00,61777.0,61883.02,61759.72,61853.99,18.021
2026-06-07 19:05:00,61853.98,61853.98,61722.0,61722.0,18.78647
2026-06-07 19:06:00,61722.01,61732.3,61635.78,61653.9,36.00857
2026-06-07 19:07:00,61653.91,61702.0,61653.9,61688.59,7.24463
2026-06-07 19:08:00,61688.6,61710.0,61615.02,61616.55,8.70536
2026-06-07 19:09:00,61616.56,61637.98,61584.02,61585.81,13.65893
2026-06-07 19:10:00,61585.82,61653.85,61585.82,61653.85,19.19992
2026-06-07 19:11:00,61653.86,61765.94,61653.86,61736.01,12.23125
2026-06-07 19:12:00,61736.01,61751.53,61706.88,61714.87,7.68196
2026-06-07 19:13:00,61714.32,61760.0,61706.75,61725.63,12.36647
2026-06-07 19:14:00,61725.62,61725.62,61652.0,61657.61,4.97381
2026-06-07 19:15:00,61657.62,61657.62,61458.0,61458.01,56.34803
2026-06-07 19:16:00,61458.0,61464.75,61400.47,61409.15,13.33744
2026-06-07 19:17:00,61409.15,61474.0,61384.95,61392.69,14.4966
2026-06-07 19:18:00,61392.69,61430.53,61298.1,61312.2,109.08216
2026-06-07 19:19:00,61312.19,61319.72,61275.0,61288.01,16.86696
2026-06-07 19:20:00,61288.02,61373.03,61288.02,61365.07,11.40488
2026-06-07 19:21:00,61365.07,61464.0,61360.04,61447.56,28.07378
2026-06-07 19:22:00,61447.56,61505.0,61438.0,61458.01,17.06718
2026-06-07 19:23:00,61458.01,61512.62,61454.01,61497.29,14.17424
2026-06-07 19:24:00,61497.29,61509.85,61476.67,61491.28,19.75528
2026-06-07 19:25:00,61491.28,61495.57,61308.0,61353.74,38.30789
2026-06-07 19:26:00,61353.74,61414.0,61353.73,61385.21,7.67067
2026-06-07 19:27:00,61385.2,61394.0,61346.0,61392.0,10.39789
2026-06-07 19:28:00,61391.99,61476.15,61391.99,61470.03,17.82028
2026-06-07 19:29:00,61470.03,61497.52,61450.0,61482.97,9.13619
2026-06-07 19:30:00,61482.97,61496.0,61458.0,61458.01,4.10941
2026-06-07 19:31:00,61458.0,61461.51,61364.3,61364.31,33.0244
2026-06-07 19:32:00,61364.3,61378.15,61355.29,61360.18,3.60029
2026-06-07 19:33:00,61360.19,61410.0,61360.19,61410.0,15.58563
2026-06-07 19:34:00,61410.0,61434.0,61348.24,61348.25,17.45887
2026-06-07 19:35:00,61348.24,61348.24,61295.99,61312.49,11.39005
2026-06-07 19:36:00,61312.49,61351.88,61300.0,61345.74,6.92354
2026-06-07 19:37:00,61345.74,61374.49,61326.0,61326.0,7.07415
2026-06-07 19:38:00,61326.01,61326.72,61306.01,61326.72,6.3393
2026-06-07 19:39:00,61326.72,61326.72,61296.0,61296.0,4.85952
2026-06-07 19:40:00,61296.01,61296.01,61256.0,61267.43,14.68259
2026-06-07 19:41:00,61267.43,61352.92,61267.42,61323.99,9.60133
2026-06-07 19:42:00,61324.0,61326.24,61256.0,61260.01,12.0139
2026-06-07 19:43:00,61260.0,61260.0,61218.0,61219.03,16.83194
2026-06-07 19:44:00,61219.03,61254.0,61200.0,61218.01,17.07205
2026-06-07 19:45:00,61218.01,61297.99,61218.01,61273.73,10.17075
2026-06-07 19:46:00,61273.74,61273.74,61184.0,61185.61,10.06489
2026-06-07 19:47:00,61184.75,61254.0,61184.74,61222.0,7.57712
2026-06-07 19:48:00,61222.01,61252.0,61217.27,61237.06,4.28421
2026-06-07 19:49:00,61237.06,61465.74,61236.28,61422.01,27.77467
2026-06-07 19:50:00,61422.0,61422.0,61317.59,61317.6,8.80724
2026-06-07 19:51:00,61317.6,61466.0,61315.43,61424.01,22.30257
2026-06-07 19:52:00,61424.01,61458.0,61356.01,61369.0,46.05258
2026-06-07 19:53:00,61368.67,61376.22,61307.03,61307.03,17.54151
2026-06-07 19:54:00,61307.03,61333.92,61307.02,61320.13,4.84009
2026-06-07 19:55:00,61320.13,61356.0,61320.13,61352.0,8.78731
2026-06-07 19:56:00,61352.0,61358.0,61277.72,61312.53,29.12699
2026-06-07 19:57:00,61312.54,61331.43,61309.99,61327.75,5.48262
2026-06-07 19:58:00,61327.76,61327.76,61271.47,61286.83,3.48492
2026-06-07 19:59:00,61286.83,61328.0,61286.83,61328.0,2.87995
2026-06-07 20:00:00,61327.99,61328.0,61217.17,61232.0,115.97604
2026-06-07 20:01:00,61232.01,61298.89,61232.01,61298.89,6.52957
2026-06-07 20:02:00,61298.89,61362.0,61298.89,61361.5,6.06495
2026-06-07 20:03:00,61361.49,61436.45,61361.49,61428.24,13.72054
2026-06-07 20:04:00,61428.24,61495.42,61420.54,61495.41,7.31911
2026-06-07 20:05:00,61495.42,61536.0,61486.0,61494.76,10.31075
2026-06-07 20:06:00,61494.76,61569.09,61494.76,61569.09,10.92791
2026-06-07 20:07:00,61569.09,61571.04,61523.84,61539.97,15.34047
2026-06-07 20:08:00,61539.98,61539.98,61516.0,61525.89,3.39277
2026-06-07 20:09:00,61525.89,61580.77,61524.94,61580.33,13.76655
2026-06-07 20:10:00,61580.34,61712.0,61580.34,61658.0,24.76085
2026-06-07 20:11:00,61658.01,61658.01,61618.0,61618.0,6.89332
2026-06-07 20:12:00,61618.01,61626.0,61576.24,61600.3,23.70659
2026-06-07 20:13:00,61600.31,61615.33,61543.21,61557.91,8.31428
2026-06-07 20:14:00,61557.91,61580.18,61557.9,61580.18,2.47122
2026-06-07 20:15:00,61580.18,61580.18,61462.12,61496.62,12.30091
2026-06-07 20:16:00,61496.62,61520.0,61467.06,61519.99,8.32949
2026-06-07 20:17:00,61520.0,61528.0,61500.0,61515.35,2.29519
2026-06-07 20:18:00,61515.34,61579.81,61515.34,61575.81,5.26365
2026-06-07 20:19:00,61575.81,61606.0,61562.01,61584.6,8.39404
2026-06-07 20:20:00,61584.6,61676.86,61584.59,61636.0,22.38558
2026-06-07 20:21:00,61636.0,61850.62,61624.0,61817.81,31.33407
2026-06-07 20:22:00,61817.81,61882.0,61808.65,61846.34,9.56299
2026-06-07 20:23:00,61846.34,61851.67,61814.95,61818.2,7.33922
2026-06-07 20:24:00,61818.19,61818.19,61754.0,61767.5,4.55605
2026-06-07 20:25:00,61767.49,61767.5,61716.0,61718.16,4.02788
2026-06-07 20:26:00,61718.16,61815.26,61718.16,61815.26,2.361
2026-06-07 20:27:00,61815.25,61815.25,61784.0,61789.19,3.81008
2026-06-07 20:28:00,61789.2,61789.2,61744.0,61754.29,3.32538
2026-06-07 20:29:00,61754.29,61761.99,61745.41,61745.41,3.93773
2026-06-07 20:30:00,61745.42,61780.0,61742.0,61757.82,3.01536
2026-06-07 20:31:00,61757.32,61811.72,61757.32,61789.2,2.61513
2026-06-07 20:32:00,61789.2,61807.59,61776.01,61776.01,2.90768
2026-06-07 20:33:00,61776.01,61816.0,61760.08,61808.95,15.05841
2026-06-07 20:34:00,61808.95,61828.0,61806.24,61809.21,1.06256
2026-06-07 20:35:00,61809.21,61825.42,61809.21,61814.01,4.54071
2026-06-07 20:36:00,61814.0,61814.0,61713.02,61721.92,23.10714
2026-06-07 20:37:00,61721.92,61763.73,61721.91,61757.19,1.44613
2026-06-07 20:38:00,61757.19,61757.2,61730.01,61732.4,6.02375
2026-06-07 20:39:00,61732.4,61742.93,61716.0,61739.09,2.94115
2026-06-07 20:40:00,61739.08,61742.18,61699.95,61730.02,3.18876
2026-06-07 20:41:00,61730.03,61742.0,61725.0,61727.99,4.6374
2026-06-07 20:42:00,61728.0,61802.0,61727.99,61772.89,5.80704
2026-06-07 20:43:00,61772.89,61793.06,61772.0,61778.67,3.60632
2026-06-07 20:44:00,61778.67,61783.18,61774.06,61783.18,0.48783
2026-06-07 20:45:00,61783.17,61806.0,61776.0,61806.0,2.30419
2026-06-07 20:46:00,61805.99,61806.0,61756.0,61805.99,11.98549
2026-06-07 20:47:00,61806.0,61814.0,61794.46,61811.59,3.4167
2026-06-07 20:48:00,61811.59,61819.99,61790.25,61809.44,2.7937
2026-06-07 20:49:00,61809.44,61838.0,61794.0,61838.0,3.79732
2026-06-07 20:50:00,61837.99,61896.33,61822.09,61881.49,7.92864
2026-06-07 20:51:00,61881.49,61961.55,61870.0,61956.16,11.79228
2026-06-07 20:52:00,61956.16,61962.47,61930.0,61934.21,8.6769
2026-06-07 20:53:00,61934.21,61934.21,61866.0,61879.82,4.03792
2026-06-07 20:54:00,61879.82,61890.15,61850.0,61854.49,2.8457
2026-06-07 20:55:00,61854.5,61888.13,61844.0,61888.12,4.2888
2026-06-07 20:56:00,61888.12,61892.0,61870.0,61874.79,3.04281
2026-06-07 20:57:00,61874.78,61943.04,61874.78,61920.01,5.54944
2026-06-07 20:58:00,61920.01,61922.52,61899.97,61922.51,11.07504
2026-06-07 20:59:00,61922.52,61922.52,61878.0,61878.01,6.41055
2026-06-07 21:00:00,61878.0,61893.25,61874.0,61888.84,6.95595
2026-06-07 21:01:00,61888.84,61930.0,61888.84,61914.7,5.62569
2026-06-07 21:02:00,61914.7,61914.7,61852.0,61852.01,3.60326
2026-06-07 21:03:00,61852.0,61852.0,61751.65,61769.28,9.88929
2026-06-07 21:04:00,61769.29,61787.94,61706.0,61717.04,11.79077
2026-06-07 21:05:00,61717.04,61763.33,61706.57,61763.32,8.10758
2026-06-07 21:06:00,61763.33,61784.0,61760.01,61772.99,3.31049
2026-06-07 21:07:00,61772.98,61772.99,61763.77,61772.99,1.52146
2026-06-07 21:08:00,61772.98,61772.99,61734.0,61747.57,3.17889
2026-06-07 21:09:00,61747.57,61757.55,61738.56,61757.54,2.97768
2026-06-07 21:10:00,61757.55,61820.38,61757.55,61809.45,8.68924
2026-06-07 21:11:00,61809.44,61841.99,61792.14,61841.99,4.79631
2026-06-07 21:12:00,61842.0,61995.85,61842.0,61987.12,15.46828
2026-06-07 21:13:00,61987.11,62017.71,61934.0,61951.12,15.39332
2026-06-07 21:14:00,61951.12,61957.28,61935.11,61954.49,2.82092
2026-06-07 21:15:00,61954.48,62004.0,61942.0,61942.01,5.28901
2026-06-07 21:16:00,61942.01,61942.01,61904.0,61904.0,3.76628
2026-06-07 21:17:00,61904.01,61904.01,61866.96,61879.99,5.036
2026-06-07 21:18:00,61879.99,61934.9,61879.98,61914.93,7.04627
2026-06-07 21:19:00,61914.94,61914.94,61856.01,61859.43,3.54066
2026-06-07 21:20:00,61859.43,61859.44,61776.82,61776.83,10.53564
2026-06-07 21:21:00,61776.83,61776.83,61720.04,61743.55,11.0232
2026-06-07 21:22:00,61743.55,61800.0,61743.54,61792.33,5.85515
2026-06-07 21:23:00,61792.33,61797.33,61792.33,61797.33,0.27465
2026-06-07 21:24:00,61797.33,61797.33,61790.78,61790.78,2.08139
2026-06-07 21:25:00,61790.79,61837.99,61788.78,61812.62,6.65546
2026-06-07 21:26:00,61812.61,61821.9,61794.0,61819.0,2.49065
2026-06-07 21:27:00,61819.01,61860.36,61807.13,61853.75,7.454
2026-06-07 21:28:00,61853.75,61853.75,61796.01,61796.01,3.25411
2026-06-07 21:29:00,61796.0,61796.01,61773.45,61781.85,4.08256
2026-06-07 21:30:00,61781.86,61846.0,61776.42,61829.81,5.69019
2026-06-07 21:31:00,61829.81,61829.81,61806.0,61812.0,1.16356
2026-06-07 21:32:00,61811.99,61822.75,61798.0,61798.0,2.19582
2026-06-07 21:33:00,61798.01,61812.0,61753.83,61778.01,4.97789
2026-06-07 21:34:00,61778.0,61778.0,61732.0,61732.01,11.22657
2026-06-07 21:35:00,61732.0,61791.99,61680.22,61791.99,37.99486
2026-06-07 21:36:00,61791.99,61812.0,61733.03,61742.65,7.64409
2026-06-07 21:37:00,61742.65,61797.99,61742.65,61797.99,5.53403
2026-06-07 21:38:00,61798.0,61824.0,61796.65,61797.35,6.46126
2026-06-07 21:39:00,61797.35,61818.64,61796.65,61815.53,5.46701
2026-06-07 21:40:00,61815.54,61833.08,61732.0,61732.01,13.66997
2026-06-07 21:41:00,61732.0,61737.08,61722.0,61722.0,1.38327
2026-06-07 21:42:00,61722.0,61722.97,61712.01,61713.95,3.08463
2026-06-07 21:43:00,61713.95,61740.0,61710.17,61740.0,1.48545
2026-06-07 21:44:00,61740.0,61742.66,61710.0,61710.0,3.44356
2026-06-07 21:45:00,61710.01,61758.0,61710.01,61752.21,3.61464
2026-06-07 21:46:00,61752.22,61762.0,61724.78,61724.8,3.10358
2026-06-07 21:47:00,61724.8,61740.67,61720.01,61720.01,5.45697
2026-06-07 21:48:00,61720.01,61740.97,61712.61,61730.89,13.20536
2026-06-07 21:49:00,61730.89,61744.0,61716.01,61720.94,4.52557
2026-06-07 21:50:00,61720.93,61720.95,61666.23,61666.25,5.41893
2026-06-07 21:51:00,61666.25,61698.56,61666.25,61678.38,7.32627
2026-06-07 21:52:00,61678.38,61683.89,61666.0,61674.02,2.32617
2026-06-07 21:53:00,61674.03,61688.0,61666.0,61666.0,4.26588
2026-06-07 21:54:00,61666.01,61690.0,61662.0,61662.01,4.61427
2026-06-07 21:55:00,61662.0,61688.0,61652.01,61688.0,2.35671
2026-06-07 21:56:00,61688.0,61738.0,61687.99,61718.92,6.50102
2026-06-07 21:57:00,61718.92,61770.23,61718.91,61752.2,7.18812
2026-06-07 21:58:00,61752.2,61788.0,61738.01,61777.18,7.04616
2026-06-07 21:59:00,61777.17,61782.0,61754.0,61778.41,3.30772
2026-06-07 22:00:00,61778.42,61868.0,61778.42,61810.0,22.44902
2026-06-07 22:01:00,61810.01,61822.39,61728.11,61765.0,10.46347
2026-06-07 22:02:00,61765.0,61856.0,61765.0,61856.0,14.72845
2026-06-07 22:03:00,61856.0,61895.99,61830.0,61839.62,15.22495
2026-06-07 22:04:00,61839.62,61851.6,61808.01,61810.01,5.31149
2026-06-07 22:05:00,61810.0,61848.88,61796.01,61796.01,12.03213
2026-06-07 22:06:00,61796.0,61796.0,61750.0,61767.18,7.57354
2026-06-07 22:07:00,61767.18,61879.99,61767.17,61864.33,8.08025
2026-06-07 22:08:00,61864.33,61886.85,61828.0,61872.71,9.02082
2026-06-07 22:09:00,61872.7,61880.01,61858.0,61876.52,3.83949
2026-06-07 22:10:00,61876.51,61912.0,61868.03,61912.0,5.30275
2026-06-07 22:11:00,61912.0,62039.42,61909.02,62039.42,42.54877
2026-06-07 22:12:00,62039.41,62298.41,62039.41,62233.36,79.4731
2026-06-07 22:13:00,62233.35,62728.18,62226.0,62611.52,146.61337
2026-06-07 22:14:00,62611.53,63737.99,62568.9,63586.98,679.67911
2026-06-07 22:15:00,63586.98,64234.68,63413.56,63627.54,483.59748
2026-06-07 22:16:00,63621.16,63638.09,63429.99,63440.98,181.63373
2026-06-07 22:17:00,63441.0,63457.65,63256.8,63438.48,171.57858
2026-06-07 22:18:00,63438.47,63510.0,63300.39,63371.99,183.84026
2026-06-07 22:19:00,63372.0,63392.55,63163.51,63163.52,339.13749
2026-06-07 22:20:00,63163.53,63246.0,63080.82,63140.78,120.88649
2026-06-07 22:21:00,63140.04,63217.52,63096.52,63141.22,164.72347
2026-06-07 22:22:00,63141.22,63146.19,62989.99,63000.0,266.19269
2026-06-07 22:23:00,62999.99,63033.2,62969.99,63000.0,248.08054
2026-06-07 22:24:00,63000.0,63066.79,62888.45,62949.99,182.0974
2026-06-07 22:25:00,62950.0,63055.69,62930.25,62935.95,44.02264
2026-06-07 22:26:00,62935.94,63070.62,62882.29,63056.0,40.24981
2026-06-07 22:27:00,63056.0,63100.0,63001.02,63083.75,34.47858
2026-06-07 22:28:00,63083.74,63083.75,62936.0,62936.0,71.98497
2026-06-07 22:29:00,62936.0,63009.02,62928.05,62985.6,9.06881
2026-06-07 22:30:00,62995.38,63058.34,62995.38,63054.65,5.70358
2026-06-07 22:31:00,62961.95,62961.95,62901.29,62928.37,14.85958
2026-06-07 22:32:00,62930.63,62965.0,62823.87,62824.33,11.86476
2026-06-07 22:33:00,62814.0,62857.81,62793.63,62794.27,11.44279
2026-06-07 22:34:00,62855.5,62966.99,62846.04,62966.99,12.30362
2026-06-07 22:35:00,63047.28,63055.75,63010.0,63043.38,9.35121
2026-06-07 22:36:00,63130.47,63199.6,63099.99,63190.11,35.09165
2026-06-07 22:37:00,63287.23,63399.97,63268.26,63370.01,261.06589
2026-06-07 22:38:00,63370.01,63373.36,63336.43,63336.43,1.51988
2026-06-07 22:39:00,63287.87,63287.87,63244.8,63275.73,2.42766
2026-06-07 22:40:00,63038.27,63055.44,63038.27,63053.04,1.08229
2026-06-07 22:41:00,63167.51,63188.95,63153.16,63182.16,3.76582
2026-06-07 22:42:00,63053.3,63057.39,63040.36,63043.05,1.26423
2026-06-07 22:43:00,63121.53,63126.39,63106.95,63120.55,1.55153
2026-06-07 22:44:00,63126.68,63187.65,63126.68,63181.32,2.18376
2026-06-07 22:45:00,63161.56,63177.07,63161.56,63164.41,1.88524
2026-06-07 22:46:00,63207.05,63216.42,63191.65,63216.41,5.79182
2026-06-07 22:47:00,63291.69,63291.7,63234.58,63234.58,6.34886
2026-06-07 22:48:00,63161.44,63200.84,63150.22,63200.84,4.04401
2026-06-07 22:49:00,63085.32,63163.66,63085.31,63163.66,2.59457
2026-06-07 22:50:00,63166.83,63167.4,63128.9,63146.19,4.044
2026-06-07 22:51:00,63159.65,63199.22,63149.24,63194.98,5.50391
2026-06-07 22:52:00,63148.27,63159.04,63134.33,63139.27,1.24868
2026-06-07 22:53:00,63122.59,63142.26,63105.07,63130.75,2.53723
2026-06-07 22:54:00,63133.96,63133.97,63088.0,63088.01,3.55443
2026-06-07 22:55:00,63025.0,63060.28,62948.52,62948.53,14.80149
2026-06-07 22:56:00,62933.25,62933.25,62848.76,62906.23,19.91079
2026-06-07 22:57:00,62909.62,62919.05,62892.51,62919.04,10.3581
2026-06-07 22:58:00,62981.36,62999.3,62948.01,62948.01,13.43186
2026-06-07 22:59:00,62924.83,62936.3,62912.22,62916.69,25.23456
2026-06-07 23:00:00,62865.87,62865.88,62828.0,62840.19,5.87422
2026-06-07 23:01:00,62971.94,63056.0,62961.99,62998.01,16.49031
2026-06-07 23:02:00,63021.69,63039.99,63000.79,63039.99,7.63626
2026-06-07 23:03:00,62990.24,62999.17,62980.21,62986.8,2.33891
2026-06-07 23:04:00,62848.01,62868.95,62811.26,62822.75,14.56405
2026-06-07 23:05:00,62856.65,62897.99,62856.0,62873.66,5.12483
2026-06-07 23:06:00,62828.0,62878.38,62828.0,62871.87,6.5481
2026-06-07 23:07:00,62831.86,62860.0,62820.0,62835.93,5.83738
2026-06-07 23:08:00,62872.01,62872.01,62830.64,62835.24,6.73454
2026-06-07 23:09:00,62856.59,62870.0,62814.0,62861.94,13.49812
2026-06-07 23:10:00,62814.01,62910.21,62814.01,62890.01,8.38945
2026-06-07 23:11:00,62875.47,62898.0,62852.01,62887.01,8.48727
2026-06-07 23:12:00,62914.0,62917.74,62844.0,62866.0,8.98519
2026-06-07 23:13:00,62904.0,62940.84,62903.99,62930.1,5.47278
2026-06-07 23:14:00,62972.01,62996.0,62972.01,62996.0,4.31844
2026-06-07 23:15:00,63012.71,63034.0,62925.99,62943.6,10.36995
2026-06-07 23:16:00,62942.9,62942.9,62902.22,62902.22,4.56869
2026-06-07 23:17:00,62900.0,62908.0,62812.0,62838.0,7.19996
2026-06-07 23:18:00,62826.0,62876.0,62822.07,62838.56,9.35324
2026-06-07 23:19:00,62823.6,62895.99,62812.0,62868.9,15.19275
2026-06-07 23:20:00,62882.0,62944.0,62860.0,62932.0,8.01977
2026-06-07 23:21:00,62946.0,62993.23,62938.77,62957.99,15.99959
2026-06-07 23:22:00,62957.99,62957.99,62856.01,62868.44,6.58154
2026-06-07 23:23:00,62919.38,62926.01,62902.0,62926.0,3.45711
2026-06-07 23:24:00,62923.01,62974.5,62919.92,62969.99,13.65679
2026-06-07 23:25:00,62961.98,63052.0,62942.0,63051.99,16.71717
2026-06-07 23:26:00,63087.66,63196.0,63074.03,63186.82,27.81697
2026-06-07 23:27:00,63190.9,63258.5,63190.89,63239.2,28.83765
2026-06-07 23:28:00,63217.57,63253.73,63201.52,63253.72,12.97434
2026-06-07 23:29:00,63225.6,63272.5,63224.06,63257.09,6.62858
2026-06-07 23:30:00,63260.14,63317.27,63257.76,63312.2,14.1477
2026-06-07 23:31:00,63301.99,63301.99,63192.97,63206.62,18.89853
2026-06-07 23:32:00,63213.07,63316.0,63213.07,63316.0,11.48151
2026-06-07 23:33:00,63321.07,63327.66,63232.0,63232.01,10.71163
2026-06-07 23:34:00,63245.99,63245.99,63214.0,63235.49,9.11537
2026-06-07 23:35:00,63232.38,63235.49,63126.0,63129.84,17.05222
2026-06-07 23:36:00,63127.67,63171.98,63124.0,63163.45,3.92104
2026-06-07 23:37:00,63154.78,63190.0,63154.34,63181.43,6.233
2026-06-07 23:38:00,63171.58,63244.0,63171.58,63231.28,5.89468
2026-06-07 23:39:00,63224.01,63224.01,63182.0,63202.0,15.0506
2026-06-07 23:40:00,63206.0,63246.0,63176.01,63238.56,8.47998
2026-06-07 23:41:00,63239.19,63239.19,63190.0,63190.0,4.26443
2026-06-07 23:42:00,63190.01,63246.0,63190.0,63245.61,5.31014
2026-06-07 23:43:00,63245.61,63307.57,63234.41,63307.57,17.37864
2026-06-07 23:44:00,63307.56,63307.57,63250.0,63297.33,10.05389
2026-06-07 23:45:00,63297.33,63314.0,63268.0,63268.0,10.79206
2026-06-07 23:46:00,63268.0,63268.0,63268.0,63268.0,0.0
2026-06-07 23:47:00,63296.0,63314.0,63296.0,63312.42,0.56512
2026-06-07 23:48:00,63380.21,63380.21,63352.0,63360.34,3.17247
2026-06-07 23:49:00,63400.0,63440.43,63400.0,63430.74,26.6565
2026-06-07 23:50:00,63218.19,63240.0,63218.19,63239.99,0.40062
2026-06-07 23:51:00,63232.4,63252.0,63222.61,63252.0,2.50521
2026-06-07 23:52:00,63124.01,63124.01,63118.0,63118.01,0.42109
2026-06-07 23:53:00,63114.63,63134.0,63104.0,63134.0,7.1728
2026-06-07 23:54:00,63166.0,63166.01,63166.0,63166.0,0.40362
2026-06-07 23:55:00,63152.33,63160.0,63138.0,63160.0,4.10659
2026-06-07 23:56:00,63220.0,63220.0,63195.84,63195.85,3.4871
2026-06-07 23:57:00,63210.98,63210.99,63210.98,63210.99,0.052
2026-06-07 23:58:00,63242.67,63254.37,63242.66,63254.37,0.48397
2026-06-07 23:59:00,63268.99,63310.0,63268.99,63310.0,4.24549
2026-06-08 00:00:00,63332.01,63336.34,63305.35,63334.0,4.85647
2026-06-08 00:01:00,63263.09,63269.01,63254.0,63268.0,5.79293
2026-06-08 00:02:00,63237.64,63237.64,63218.0,63224.34,2.73197
2026-06-08 00:03:00,63203.54,63203.55,63200.12,63200.13,2.04907
2026-06-08 00:04:00,63239.99,63247.99,63225.29,63239.85,3.16764
2026-06-08 00:05:00,63295.93,63295.93,63192.01,63192.01,4.72166
2026-06-08 00:06:00,63166.75,63188.0,63166.74,63177.63,2.16225
2026-06-08 00:07:00,63238.0,63242.1,63212.48,63236.54,1.74811
2026-06-08 00:08:00,63272.45,63290.92,63269.65,63283.26,4.85189
2026-06-08 00:09:00,63224.31,63250.0,63224.31,63236.0,1.2475
2026-06-08 00:10:00,63262.0,63262.0,63186.0,63197.78,4.37517
2026-06-08 00:11:00,63147.11,63197.52,63147.1,63197.52,6.94541
2026-06-08 00:12:00,63170.5,63225.83,63170.49,63225.82,3.85368
2026-06-08 00:13:00,63247.54,63254.92,63218.0,63224.0,5.25222
2026-06-08 00:14:00,63242.01,63242.01,63186.93,63207.99,6.52176
2026-06-08 00:15:00,63242.84,63242.85,63171.52,63172.0,3.1575
2026-06-08 00:16:00,63171.53,63226.0,63171.52,63194.0,5.24671
2026-06-08 00:17:00,63226.16,63254.92,63226.0,63236.01,1.24187
2026-06-08 00:18:00,63272.0,63278.0,63242.37,63278.0,3.75482
2026-06-08 00:19:00,63252.92,63252.92,63138.37,63146.58,15.76188
2026-06-08 00:20:00,63186.29,63202.0,63180.0,63202.0,2.7541
2026-06-08 00:21:00,63232.0,63278.0,63230.76,63278.0,5.13049
2026-06-08 00:22:00,63198.0,63207.64,63170.0,63194.47,12.48495
2026-06-08 00:23:00,63241.59,63274.0,63236.0,63270.01,7.16072
2026-06-08 00:24:00,63252.01,63294.0,63252.0,63287.21,19.52598
2026-06-08 00:25:00,63272.01,63299.76,63255.2,63294.01,5.87053
2026-06-08 00:26:00,63348.0,63449.3,63348.0,63424.0,20.97682
2026-06-08 00:27:00,63400.0,63519.61,63373.24,63506.67,20.13143
2026-06-08 00:28:00,63490.0,63494.79,63426.14,63463.99,12.13352
2026-06-08 00:29:00,63468.07,63473.99,63430.0,63461.67,5.55991
2026-06-08 00:30:00,63504.0,63536.73,63472.44,63536.73,7.00846
2026-06-08 00:31:00,63597.59,63612.62,63553.05,63594.0,16.98357
2026-06-08 00:32:00,63494.54,63494.54,63408.66,63413.53,21.28138
2026-06-08 00:33:00,63448.0,63460.01,63419.58,63440.59,21.89385
2026-06-08 00:34:00,63484.0,63484.01,63432.0,63456.0,6.75578
2026-06-08 00:35:00,63446.0,63524.0,63428.0,63504.01,9.69047
2026-06-08 00:36:00,63504.73,63558.0,63504.73,63553.99,11.30376
2026-06-08 00:37:00,63657.6,63698.0,63631.26,63670.0,17.75935
2026-06-08 00:38:00,63718.78,63721.99,63648.0,63687.67,20.42016
2026-06-08 00:39:00,63684.01,63790.0,63684.01,63766.97,117.63704
2026-06-08 00:40:00,63818.0,63863.06,63776.0,63791.15,34.723
2026-06-08 00:41:00,63704.01,63774.92,63642.0,63708.42,40.58677
2026-06-08 00:42:00,63711.99,63722.51,63686.27,63718.33,15.71046
2026-06-08 00:43:00,63734.84,63764.0,63732.0,63757.73,11.45845
2026-06-08 00:44:00,63795.49,63795.49,63720.76,63720.76,9.31168
2026-06-08 00:45:00,63719.0,63720.0,63660.0,63660.0,13.66662
2026-06-08 00:46:00,63650.39,63650.39,63590.0,63590.01,10.00253
2026-06-08 00:47:00,63574.0,63629.13,63574.0,63618.01,6.88858
2026-06-08 00:48:00,63588.3,63636.28,63567.54,63636.28,8.74538
2026-06-08 00:49:00,63650.0,63740.96,63649.99,63740.96,8.72824
2026-06-08 00:50:00,63735.97,63737.99,63698.09,63704.98,4.89958
2026-06-08 00:51:00,63687.52,63730.0,63687.51,63729.99,15.24174
2026-06-08 00:52:00,63754.0,63784.72,63754.0,63778.0,7.45561
2026-06-08 00:53:00,63774.0,63788.0,63738.0,63738.01,20.63128
2026-06-08 00:54:00,63748.0,63748.0,63655.53,63700.01,21.53638
2026-06-08 00:55:00,63702.99,63723.99,63637.25,63640.0,8.13011
2026-06-08 00:56:00,63643.38,63651.44,63595.0,63595.0,12.73894
2026-06-08 00:57:00,63588.01,63653.79,63556.0,63653.79,10.58772
2026-06-08 00:58:00,63653.79,63653.79,63614.01,63618.36,8.56653
2026-06-08 00:59:00,63626.05,63660.0,63609.4,63631.42,15.49169
2026-06-08 01:00:00,63631.43,63643.99,63588.06,63595.01,17.80141
2026-06-08 01:01:00,63609.88,63628.0,63550.0,63550.01,20.12339
2026-06-08 01:02:00,63550.01,63550.01,63458.05,63506.01,16.96124
2026-06-08 01:03:00,63506.01,63512.0,63373.49,63423.99,46.85114
2026-06-08 01:04:00,63424.0,63434.0,63424.0,63434.0,1.14467
2026-06-08 01:05:00,63372.0,63372.0,63366.02,63367.69,0.21942
2026-06-08 01:06:00,63343.67,63348.91,63343.66,63348.91,0.48975
2026-06-08 01:07:00,63340.2,63340.21,63340.2,63340.21,0.01383
2026-06-08 01:08:00,63353.99,63353.99,63340.0,63340.0,0.22381
2026-06-08 01:09:00,63338.0,63338.0,63337.99,63338.0,0.11263
2026-06-08 01:10:00,63282.94,63282.94,63261.64,63261.65,3.54627
2026-06-08 01:11:00,63211.96,63220.55,63208.22,63211.85,3.6033
2026-06-08 01:12:00,63237.41,63261.99,63237.41,63250.15,0.82582
2026-06-08 01:13:00,63200.01,63223.99,63200.0,63223.99,0.3861
2026-06-08 01:14:00,63189.86,63217.59,63189.86,63202.0,2.824
2026-06-08 01:15:00,63066.01,63073.95,62986.57,62987.15,34.95179
2026-06-08 01:16:00,63029.86,63050.0,63022.0,63035.29,5.80396
2026-06-08 01:17:00,62980.01,63012.31,62980.0,62996.48,3.96402
2026-06-08 01:18:00,63063.77,63146.0,63063.77,63145.33,15.1597
2026-06-08 01:19:00,63110.01,63110.01,63098.01,63110.0,1.39284
2026-06-08 01:20:00,63087.75,63087.76,63026.53,63026.53,3.32935
2026-06-08 01:21:00,62990.0,63011.0,62990.0,63002.0,3.34394
2026-06-08 01:22:00,63064.58,63082.01,63051.99,63064.01,2.04115
2026-06-08 01:23:00,63104.0,63110.0,63094.0,63100.01,3.13414
2026-06-08 01:24:00,63029.5,63029.5,62982.01,62984.24,5.9666
2026-06-08 01:25:00,62884.34,62896.0,62872.22,62886.71,6.02729
2026-06-08 01:26:00,62828.22,62846.0,62795.31,62846.0,21.1412
2026-06-08 01:27:00,62946.0,62990.0,62946.0,62984.01,10.17139
2026-06-08 01:28:00,62968.01,62970.0,62850.0,62853.32,8.93875
2026-06-08 01:29:00,62894.74,62894.74,62756.36,62787.33,70.27973
2026-06-08 01:30:00,62827.74,62827.74,62794.72,62826.0,5.18098
2026-06-08 01:31:00,62758.0,62809.99,62720.86,62809.99,26.17148
2026-06-08 01:32:00,62968.97,62968.97,62914.01,62922.0,5.22279
2026-06-08 01:33:00,62966.01,63005.99,62964.0,62964.0,4.77147
2026-06-08 01:34:00,62928.02,62952.0,62880.0,62952.0,4.6544
2026-06-08 01:35:00,63033.37,63049.89,62996.0,63049.89,6.58429
2026-06-08 01:36:00,63044.0,63049.22,63014.47,63023.99,6.0241
2026-06-08 01:37:00,62964.0,62995.99,62956.0,62990.83,1.74209
2026-06-08 01:38:00,63016.0,63033.99,63006.0,63033.99,4.57466
2026-06-08 01:39:00,63049.43,63050.0,62992.61,63006.0,10.73904
2026-06-08 01:40:00,63038.0,63096.18,63038.0,63068.2,8.6787
2026-06-08 01:41:00,63032.0,63046.0,63008.02,63020.01,3.95033
2026-06-08 01:42:00,63078.0,63078.0,63048.0,63071.99,2.01518
2026-06-08 01:43:00,63113.44,63113.44,63065.14,63094.0,2.08924
2026-06-08 01:44:00,63087.99,63112.0,63086.44,63100.31,3.29491
2026-06-08 01:45:00,63113.99,63156.0,63113.99,63145.65,5.96643
2026-06-08 01:46:00,63154.0,63166.07,63122.55,63145.99,7.8131
2026-06-08 01:47:00,63152.0,63154.0,63124.88,63135.2,2.78719
2026-06-08 01:48:00,63112.41,63134.0,63098.0,63122.01,4.66137
2026-06-08 01:49:00,63110.02,63142.68,63076.0,63076.0,4.87332
2026-06-08 01:50:00,63078.0,63078.0,62998.01,63034.0,9.24044
2026-06-08 01:51:00,63010.0,63069.03,63010.0,63069.03,3.77506
2026-06-08 01:52:00,63094.0,63169.88,63094.0,63138.38,8.33579
2026-06-08 01:53:00,63141.43,63147.99,63059.1,63059.11,4.74267
2026-06-08 01:54:00,63033.99,63062.0,63017.89,63054.0,9.10138
2026-06-08 01:55:00,63089.64,63147.3,63089.63,63147.29,4.57121
2026-06-08 01:56:00,63153.99,63198.19,63153.99,63198.19,5.03234
2026-06-08 01:57:00,63244.0,63244.0,63202.01,63202.01,2.81479
2026-06-08 01:58:00,63186.32,63186.32,63166.0,63174.0,1.30757
2026-06-08 01:59:00,63162.01,63180.0,63138.0,63180.0,8.19913
2026-06-08 02:00:00,63211.41,63260.0,63211.41,63244.01,4.14429
2026-06-08 02:01:00,63212.0,63212.0,63126.71,63140.0,5.0061
2026-06-08 02:02:00,63136.01,63148.0,63120.01,63148.0,2.85321
2026-06-08 02:03:00,63140.01,63182.0,63114.12,63114.13,3.46782
2026-06-08 02:04:00,63130.01,63130.01,63092.7,63092.71,3.04318
2026-06-08 02:05:00,63082.01,63082.01,63030.0,63066.0,4.36061
2026-06-08 02:06:00,63068.0,63123.64,63068.0,63104.01,2.99385
2026-06-08 02:07:00,63115.99,63161.99,63112.0,63118.0,5.95783
2026-06-08 02:08:00,63111.99,63116.0,63042.0,63042.0,8.43818
2026-06-08 02:09:00,63024.24,63027.58,63004.0,63006.01,2.24615
2026-06-08 02:10:00,63016.0,63062.0,63010.01,63023.99,3.72211
2026-06-08 02:11:00,63032.0,63106.0,63032.0,63084.01,11.3368
2026-06-08 02:12:00,63056.0,63128.22,63056.0,63128.22,7.40804
2026-06-08 02:13:00,63138.0,63172.0,63113.61,63116.12,5.76053
2026-06-08 02:14:00,63122.46,63144.0,63118.0,63128.01,3.99736
2026-06-08 02:15:00,63128.01,63128.01,63042.01,63042.01,6.552
2026-06-08 02:16:00,63026.0,63054.0,63015.98,63034.01,8.98685
2026-06-08 02:17:00,63032.0,63083.62,63031.09,63061.99,5.24952
2026-06-08 02:18:00,63067.99,63067.99,62998.0,63003.39,6.94195
2026-06-08 02:19:00,62999.99,63000.0,62965.07,62970.23,4.03864
2026-06-08 02:20:00,62975.99,63040.0,62975.25,63023.67,6.34922
2026-06-08 02:21:00,63023.66,63070.0,63023.66,63057.99,2.76702
2026-06-08 02:22:00,63058.0,63099.03,63058.0,63089.17,3.40947
2026-06-08 02:23:00,63089.17,63089.17,63034.0,63062.0,7.27006
2026-06-08 02:24:00,63076.0,63160.85,63068.0,63160.85,7.01155
2026-06-08 02:25:00,63160.85,63198.42,63160.85,63174.39,9.60192
2026-06-08 02:26:00,63174.39,63220.0,63174.39,63201.99,12.4584
2026-06-08 02:27:00,63201.99,63201.99,63201.99,63201.99,0.00054
2026-06-08 02:28:00,63160.01,63160.01,63160.01,63160.01,0.0
2026-06-08 02:29:00,63062.0,63062.0,63062.0,63062.0,0.00034
2026-06-08 02:30:00,63107.18,63107.18,63102.0,63106.75,0.27158
2026-06-08 02:31:00,63144.09,63144.09,63138.01,63138.01,0.15579
2026-06-08 02:32:00,63071.77,63071.77,63038.01,63038.01,1.34886
2026-06-08 02:33:00,63058.0,63058.01,63054.0,63054.0,0.26788
2026-06-08 02:34:00,63018.1,63020.0,63006.01,63006.01,1.20919
2026-06-08 02:35:00,62989.99,62990.03,62985.35,62990.02,0.48106
2026-06-08 02:36:00,62928.89,62952.0,62924.0,62952.0,6.20695
2026-06-08 02:37:00,62975.55,62975.55,62966.01,62966.01,0.32081
2026-06-08 02:38:00,63002.0,63010.0,63001.99,63009.99,0.30626
2026-06-08 02:39:00,63065.73,63090.0,63065.73,63090.0,0.80963
2026-06-08 02:40:00,63074.01,63074.01,63006.01,63006.01,5.54322
2026-06-08 02:41:00,63064.01,63072.02,63042.01,63042.01,0.93291
2026-06-08 02:42:00,63030.0,63043.99,63026.0,63026.01,0.66909
2026-06-08 02:43:00,63047.99,63047.99,63036.17,63036.65,0.36425
2026-06-08 02:44:00,63054.53,63061.99,63054.53,63061.99,0.13031
2026-06-08 02:45:00,63069.17,63069.17,63044.0,63045.17,1.57723
2026-06-08 02:46:00,63043.46,63056.0,63043.45,63051.09,1.12239
2026-06-08 02:47:00,63056.0,63058.0,63022.95,63022.95,9.82503
2026-06-08 02:48:00,63025.22,63025.22,63020.01,63020.01,1.08404
2026-06-08 02:49:00,62978.0,62978.0,62948.0,62970.0,5.63564
2026-06-08 02:50:00,63062.0,63066.0,63058.75,63058.76,0.69383
2026-06-08 02:51:00,63133.99,63139.03,63116.0,63131.99,2.94466
2026-06-08 02:52:00,63104.56,63116.0,63102.0,63102.01,0.98298
2026-06-08 02:53:00,63107.58,63112.92,63107.57,63112.92,0.50811
2026-06-08 02:54:00,63084.0,63084.0,63074.0,63074.01,2.34263
2026-06-08 02:55:00,63092.0,63100.01,63088.76,63100.01,1.01974
2026-06-08 02:56:00,63092.01,63120.0,63088.0,63106.0,2.20647
2026-06-08 02:57:00,63088.01,63088.01,63077.26,63077.27,0.80196
2026-06-08 02:58:00,63085.15,63119.77,63085.14,63119.76,2.50068
2026-06-08 02:59:00,63125.28,63132.0,63125.27,63131.99,1.57521
2026-06-08 03:00:00,63129.94,63134.0,63112.0,63113.65,1.87181
2026-06-08 03:01:00,63120.0,63122.0,63104.0,63112.0,1.20045
2026-06-08 03:02:00,63110.69,63141.61,63110.69,63132.0,2.20314
2026-06-08 03:03:00,63078.0,63078.0,63060.0,63076.0,1.37761
2026-06-08 03:04:00,63033.54,63040.95,63015.99,63040.94,3.049
2026-06-08 03:05:00,63018.01,63036.0,62978.36,62996.01,6.41849
2026-06-08 03:06:00,62994.01,63011.89,62992.0,62998.01,3.17341
2026-06-08 03:07:00,63053.95,63074.75,63034.0,63074.75,3.77151
2026-06-08 03:08:00,63060.01,63096.0,63056.01,63096.0,2.68104
2026-06-08 03:09:00,63141.54,63244.0,63138.41,63232.0,17.54986
2026-06-08 03:10:00,63235.76,63280.0,63232.38,63280.0,4.44638
2026-06-08 03:11:00,63391.09,63391.09,63290.0,63290.0,5.34597
2026-06-08 03:12:00,63318.01,63324.0,63288.0,63288.0,1.83184
2026-06-08 03:13:00,63304.45,63306.0,63292.0,63296.0,3.48614
2026-06-08 03:14:00,63250.01,63278.0,63250.01,63274.12,2.88976
2026-06-08 03:15:00,63284.01,63314.0,63284.0,63313.99,3.25629
2026-06-08 03:16:00,63307.99,63316.0,63274.14,63274.14,1.87238
2026-06-08 03:17:00,63280.0,63280.0,63270.0,63272.06,1.79912
2026-06-08 03:18:00,63260.39,63260.4,63232.52,63234.43,5.27089
2026-06-08 03:19:00,63222.0,63222.01,63205.7,63206.03,2.8995
2026-06-08 03:20:00,63215.28,63258.0,63180.0,63257.99,10.57123
2026-06-08 03:21:00,63273.99,63282.52,63248.0,63282.52,2.71932
2026-06-08 03:22:00,63298.0,63357.99,63297.99,63342.01,8.59228
2026-06-08 03:23:00,63279.6,63297.99,63252.0,63256.0,3.52364
2026-06-08 03:24:00,63242.01,63250.0,63228.0,63250.0,2.88896
2026-06-08 03:25:00,63270.0,63277.99,63222.0,63222.01,8.6919
2026-06-08 03:26:00,63210.0,63240.0,63210.0,63230.01,2.5222
2026-06-08 03:27:00,63227.37,63229.87,63198.0,63229.87,3.2112
2026-06-08 03:28:00,63246.0,63246.0,63198.01,63204.01,9.11135
2026-06-08 03:29:00,63207.44,63207.45,63156.76,63156.76,11.1238
2026-06-08 03:30:00,63152.0,63234.0,63150.27,63234.0,8.14636
2026-06-08 03:31:00,63214.0,63220.32,63184.0,63184.01,3.53697
2026-06-08 03:32:00,63182.01,63202.0,63168.0,63201.99,5.47106
2026-06-08 03:33:00,63196.66,63206.0,63182.01,63192.0,5.47782
2026-06-08 03:34:00,63186.0,63196.0,63184.0,63191.77,4.32244
2026-06-08 03:35:00,63197.98,63212.0,63188.6,63188.6,22.01728
2026-06-08 03:36:00,63188.61,63192.0,63176.0,63179.77,9.2642
2026-06-08 03:37:00,63179.77,63179.78,63112.08,63112.09,23.69265
2026-06-08 03:38:00,63112.08,63112.09,63072.07,63086.0,5.69939
2026-06-08 03:39:00,63085.16,63098.0,63082.0,63095.58,6.20329
2026-06-08 03:40:00,63100.0,63151.99,63099.99,63151.99,2.7224
2026-06-08 03:41:00,63164.93,63195.01,63164.93,63187.92,2.82973
2026-06-08 03:42:00,63187.92,63210.0,63186.79,63202.0,7.78721
2026-06-08 03:43:00,63202.0,63202.0,63196.0,63196.0,0.12572
2026-06-08 03:44:00,63118.0,63122.52,63118.0,63122.52,0.27686
2026-06-08 03:45:00,63148.0,63163.98,63148.0,63163.98,1.51409
2026-06-08 03:46:00,63162.0,63162.0,63161.99,63161.99,0.05009
2026-06-08 03:47:00,63145.56,63150.0,63130.01,63130.01,1.16209
2026-06-08 03:48:00,63112.0,63112.0,63106.0,63106.01,0.39943
2026-06-08 03:49:00,63086.01,63112.0,63086.01,63111.99,0.81946
2026-06-08 03:50:00,63106.0,63106.01,63096.0,63096.01,0.21091
2026-06-08 03:51:00,63094.0,63114.0,63094.0,63098.0,1.33575
2026-06-08 03:52:00,63100.0,63100.0,63080.0,63090.13,2.15393
2026-06-08 03:53:00,63101.99,63124.0,63101.99,63118.44,1.63252
2026-06-08 03:54:00,63124.6,63124.61,63116.0,63116.0,0.68237
2026-06-08 03:55:00,63134.0,63134.01,63125.27,63125.27,0.26275
2026-06-08 03:56:00,63166.0,63167.2,63156.0,63156.01,0.88394
2026-06-08 03:57:00,63167.19,63180.0,63167.19,63171.14,3.66282
2026-06-08 03:58:00,63155.62,63155.62,63143.44,63143.44,0.87501
2026-06-08 03:59:00,63129.55,63129.55,63116.0,63116.0,5.3478
2026-06-08 04:00:00,63130.12,63140.0,63130.0,63140.0,1.23304
2026-06-08 04:01:00,63160.0,63169.99,63158.45,63158.45,1.27128
2026-06-08 04:02:00,63171.1,63171.1,63161.35,63169.94,1.58547
2026-06-08 04:03:00,63124.0,63124.0,63078.0,63090.0,8.81152
2026-06-08 04:04:00,63004.15,63010.0,62985.02,62986.44,4.58664
2026-06-08 04:05:00,62980.0,62980.0,62946.59,62946.59,7.17305
2026-06-08 04:06:00,62946.58,62946.59,62856.0,62856.01,27.1985
2026-06-08 04:07:00,62880.01,62928.0,62854.41,62920.0,6.92394
2026-06-08 04:08:00,62926.0,62964.0,62926.0,62960.01,4.54778
2026-06-08 04:09:00,62938.01,62942.62,62934.01,62937.99,1.21166
2026-06-08 04:10:00,62980.0,63003.98,62964.0,62964.0,7.0328
2026-06-08 04:11:00,62969.99,62976.66,62968.66,62976.66,1.50963
2026-06-08 04:12:00,62968.66,62971.56,62900.01,62900.01,7.29071
2026-06-08 04:13:00,62917.19,62946.59,62914.0,62940.01,1.92984
2026-06-08 04:14:00,62958.8,62990.91,62958.8,62990.91,1.26692
2026-06-08 04:15:00,63004.0,63019.82,62994.01,62995.01,7.96865
2026-06-08 04:16:00,62965.99,63002.0,62960.0,63001.99,5.43766
2026-06-08 04:17:00,63024.04,63043.75,63016.0,63030.53,5.42256
2026-06-08 04:18:00,63040.01,63040.01,63006.0,63011.83,2.37839
2026-06-08 04:19:00,63017.99,63017.99,62927.76,62944.0,6.63941
2026-06-08 04:20:00,62914.01,62924.0,62908.0,62912.01,4.60688
2026-06-08 04:21:00,62857.97,62857.98,62842.0,62851.99,2.76911
2026-06-08 04:22:00,62856.01,62899.8,62856.01,62899.8,3.52109
2026-06-08 04:23:00,62943.99,62943.99,62880.0,62880.0,4.82746
2026-06-08 04:24:00,62884.0,62901.98,62876.0,62901.97,3.80728
2026-06-08 04:25:00,62905.99,62932.0,62904.0,62931.99,3.01504
2026-06-08 04:26:00,62933.39,62972.0,62933.39,62966.15,3.35523
2026-06-08 04:27:00,62964.0,62964.0,62924.65,62924.66,3.2766
2026-06-08 04:28:00,62935.99,62963.0,62928.0,62953.55,7.46243
2026-06-08 04:29:00,62955.61,62955.62,62936.01,62936.01,2.59413
2026-06-08 04:30:00,62939.82,62955.61,62912.0,62912.01,3.66198
2026-06-08 04:31:00,62904.59,62907.03,62878.0,62899.99,3.03271
2026-06-08 04:32:00,62906.0,62986.0,62905.99,62985.99,4.00954
2026-06-08 04:33:00,62960.0,62960.0,62894.0,62895.53,9.66116
2026-06-08 04:34:00,62876.87,62889.99,62807.36,62836.24,11.3043
2026-06-08 04:35:00,62829.3,62836.0,62791.54,62798.0,7.72874
2026-06-08 04:36:00,62798.01,62826.0,62779.91,62812.01,14.98197
2026-06-08 04:37:00,62812.0,62818.44,62802.01,62806.04,2.87754
2026-06-08 04:38:00,62804.41,62818.44,62804.41,62806.06,3.37925
2026-06-08 04:39:00,62788.01,62800.0,62766.33,62786.0,9.41365
2026-06-08 04:40:00,62793.99,62808.99,62741.74,62762.82,21.44517
2026-06-08 04:41:00,62744.01,62758.0,62738.31,62746.47,6.02399
2026-06-08 04:42:00,62746.47,62748.27,62665.93,62706.43,29.99977
2026-06-08 04:43:00,62706.43,62706.43,62657.07,62682.01,6.13637
2026-06-08 04:44:00,62684.0,62728.0,62684.0,62704.01,6.38345
2026-06-08 04:45:00,62704.01,62790.61,62702.01,62790.6,11.69804
2026-06-08 04:46:00,62790.6,62790.6,62790.6,62790.6,0.0
2026-06-08 04:47:00,62823.84,62823.84,62820.0,62820.0,0.19965
2026-06-08 04:48:00,62810.01,62813.99,62810.01,62813.99,0.01931
2026-06-08 04:49:00,62821.72,62821.72,62818.0,62818.0,0.06974
2026-06-08 04:50:00,62846.01,62847.99,62846.0,62847.99,0.01821
2026-06-08 04:51:00,62832.42,62832.42,62812.0,62812.01,7.0841
2026-06-08 04:52:00,62792.0,62804.5,62792.0,62804.5,0.52439
2026-06-08 04:53:00,62840.01,62840.01,62838.01,62838.01,0.19982
2026-06-08 04:54:00,62836.0,62836.0,62832.0,62832.0,0.5312
2026-06-08 04:55:00,62794.0,62794.0,62793.99,62794.0,0.16832
2026-06-08 04:56:00,62812.42,62816.0,62812.42,62815.99,0.48172
2026-06-08 04:57:00,62808.24,62808.24,62804.5,62804.5,0.30875
2026-06-08 04:58:00,62790.0,62790.0,62760.85,62772.37,2.83149
2026-06-08 04:59:00,62766.0,62770.0,62765.99,62770.0,1.19407
2026-06-08 05:00:00,62684.61,62708.0,62684.61,62708.0,2.59765
2026-06-08 05:01:00,62762.01,62784.0,62762.0,62784.0,0.61242
2026-06-08 05:02:00,62766.0,62784.0,62766.0,62784.0,1.68669
2026-06-08 05:03:00,62825.11,62825.12,62810.01,62812.04,1.60484
2026-06-08 05:04:00,62808.82,62812.54,62798.0,62798.01,0.85483
2026-06-08 05:05:00,62752.01,62752.01,62742.01,62742.01,0.51565
2026-06-08 05:06:00,62712.0,62712.0,62671.73,62672.01,4.39646
2026-06-08 05:07:00,62618.27,62618.27,62579.74,62601.99,11.55207
2026-06-08 05:08:00,62586.0,62639.68,62586.0,62639.68,4.53391
2026-06-08 05:09:00,62623.28,62623.29,62606.01,62606.01,1.75959
2026-06-08 05:10:00,62684.0,62698.0,62683.99,62697.99,2.26271
2026-06-08 05:11:00,62674.01,62697.99,62672.0,62690.0,2.24462
2026-06-08 05:12:00,62650.1,62650.1,62600.01,62600.01,2.08545
2026-06-08 05:13:00,62579.65,62592.0,62575.28,62584.01,3.47972
2026-06-08 05:14:00,62550.0,62560.56,62550.0,62560.55,3.7739
2026-06-08 05:15:00,62575.47,62600.0,62500.0,62510.75,20.52841
2026-06-08 05:16:00,62609.55,62609.55,62565.11,62568.01,4.37715
2026-06-08 05:17:00,62611.1,62612.0,62602.0,62602.0,1.5671
2026-06-08 05:18:00,62636.56,62651.6,62632.78,62643.99,2.42908
2026-06-08 05:19:00,62670.02,62670.02,62615.46,62629.8,3.25342
2026-06-08 05:20:00,62654.0,62664.33,62609.43,62622.77,12.52004
2026-06-08 05:21:00,62622.01,62644.12,62620.0,62643.91,3.28725
2026-06-08 05:22:00,62644.01,62673.0,62644.01,62671.22,2.85046
2026-06-08 05:23:00,62671.34,62676.0,62652.25,62652.26,2.40367
2026-06-08 05:24:00,62632.0,62634.25,62612.77,62620.86,4.31874
2026-06-08 05:25:00,62620.02,62654.0,62592.0,62596.71,4.24901
2026-06-08 05:26:00,62586.01,62592.0,62570.0,62592.0,1.51751
2026-06-08 05:27:00,62624.0,62655.32,62620.0,62655.32,4.18251
2026-06-08 05:28:00,62746.07,62746.07,62698.01,62704.0,4.47333
2026-06-08 05:29:00,62699.61,62706.0,62698.0,62706.0,0.55788
2026-06-08 05:30:00,62721.99,62735.07,62668.84,62674.0,4.54839
2026-06-08 05:31:00,62676.01,62700.0,62676.01,62691.12,0.99561
2026-06-08 05:32:00,62654.01,62654.01,62620.0,62631.42,9.08306
2026-06-08 05:33:00,62638.0,62696.0,62637.99,62682.01,2.7863
2026-06-08 05:34:00,62660.01,62666.0,62604.0,62604.0,5.43548
2026-06-08 05:35:00,62620.0,62620.0,62543.19,62543.68,7.6571
2026-06-08 05:36:00,62535.9,62561.99,62500.0,62561.99,5.94492
2026-06-08 05:37:00,62582.01,62586.0,62454.29,62471.99,15.36206
2026-06-08 05:38:00,62499.99,62518.0,62484.0,62503.96,5.92107
2026-06-08 05:39:00,62536.72,62556.29,62494.0,62497.51,7.09645
2026-06-08 05:40:00,62523.56,62542.23,62500.18,62500.18,5.96592
2026-06-08 05:41:00,62484.01,62488.0,62420.82,62430.0,9.28437
2026-06-08 05:42:00,62431.99,62452.0,62408.0,62439.99,8.60978
2026-06-08 05:43:00,62469.92,62530.0,62469.92,62526.62,9.71068
2026-06-08 05:44:00,62517.24,62517.24,62448.06,62479.45,11.7926
2026-06-08 05:45:00,62478.01,62481.98,62458.0,62473.25,4.7506
2026-06-08 05:46:00,62481.98,62578.0,62481.98,62537.99,21.01363
2026-06-08 05:47:00,62518.0,62548.0,62492.23,62534.0,17.99304
2026-06-08 05:48:00,62532.0,62571.67,62520.0,62550.99,16.89624
2026-06-08 05:49:00,62562.0,62580.0,62534.0,62534.0,6.03628
2026-06-08 05:50:00,62529.93,62612.0,62520.0,62612.0,11.48787
2026-06-08 05:51:00,62606.79,62661.14,62593.13,62661.14,9.19783
2026-06-08 05:52:00,62689.05,62689.05,62662.0,62678.48,11.93083
2026-06-08 05:53:00,62678.48,62678.48,62602.04,62602.04,6.49226
2026-06-08 05:54:00,62602.05,62725.0,62602.05,62725.0,23.20158
2026-06-08 05:55:00,62735.01,62753.98,62698.0,62734.92,16.25579
2026-06-08 05:56:00,62720.0,62782.55,62718.0,62756.01,9.10354
2026-06-08 05:57:00,62756.01,62774.0,62713.93,62724.16,6.82268
2026-06-08 05:58:00,62724.15,62724.16,62696.0,62708.75,7.30205
2026-06-08 05:59:00,62710.34,62764.0,62710.34,62764.0,5.34897
2026-06-08 06:00:00,62763.99,62891.99,62734.0,62886.34,17.77611
2026-06-08 06:01:00,62886.34,62886.34,62886.34,62886.34,0.0
2026-06-08 06:02:00,62896.0,62896.0,62896.0,62896.0,0.0
2026-06-08 06:03:00,62854.89,62856.43,62854.89,62856.42,0.01067
2026-06-08 06:04:00,62919.28,62919.28,62910.58,62910.59,0.11982
2026-06-08 06:05:00,62904.0,62904.0,62898.01,62898.01,0.04489
2026-06-08 06:06:00,62840.0,62850.0,62840.0,62849.99,0.55915
2026-06-08 06:07:00,62889.93,62910.41,62889.92,62908.0,1.49142
2026-06-08 06:08:00,62867.67,62867.68,62858.72,62858.73,1.09662
2026-06-08 06:09:00,62887.99,62888.0,62882.0,62887.45,0.47454
2026-06-08 06:10:00,62966.64,62972.94,62964.0,62967.52,2.28073
2026-06-08 06:11:00,62965.99,62966.0,62948.0,62948.01,4.63323
2026-06-08 06:12:00,62954.37,62957.75,62930.01,62930.01,1.43293
2026-06-08 06:13:00,62934.01,62934.01,62930.03,62930.04,1.36364
2026-06-08 06:14:00,62959.92,62970.0,62956.74,62956.74,0.64526
2026-06-08 06:15:00,62947.37,62947.38,62928.0,62928.0,0.60738
2026-06-08 06:16:00,62888.05,62905.48,62888.05,62905.48,1.6273
2026-06-08 06:17:00,62908.0,62908.0,62906.0,62906.01,0.16027
2026-06-08 06:18:00,62953.01,63036.0,62947.07,63023.12,16.12155
2026-06-08 06:19:00,63081.16,63094.5,63068.0,63094.5,6.62014
2026-06-08 06:20:00,63075.29,63075.29,63002.0,63041.16,6.87529
2026-06-08 06:21:00,63032.01,63042.0,63022.0,63022.01,2.44779
2026-06-08 06:22:00,63076.37,63092.94,63066.01,63066.01,7.47128
2026-06-08 06:23:00,63112.21,63118.0,63100.0,63106.12,5.75025
2026-06-08 06:24:00,63045.78,63045.78,63014.47,63017.28,1.46187
2026-06-08 06:25:00,62969.41,62991.76,62969.39,62991.76,3.8617
2026-06-08 06:26:00,63018.95,63073.15,63016.0,63073.15,2.38108
2026-06-08 06:27:00,63042.0,63084.0,63042.0,63083.99,3.71273
2026-06-08 06:28:00,63062.79,63062.79,63038.06,63043.86,8.75026
2026-06-08 06:29:00,63062.79,63072.0,63062.79,63072.0,0.26062
2026-06-08 06:30:00,63076.0,63080.67,63058.0,63063.17,4.4234
2026-06-08 06:31:00,63068.0,63070.0,63044.0,63044.01,12.22755
2026-06-08 06:32:00,63064.0,63073.0,63059.96,63073.0,4.19578
2026-06-08 06:33:00,63067.0,63077.19,63067.0,63067.96,2.08369
2026-06-08 06:34:00,63099.57,63099.57,63063.16,63074.0,3.569
2026-06-08 06:35:00,63024.01,63060.0,63024.01,63050.01,2.71562
2026-06-08 06:36:00,63016.26,63016.26,62988.61,63002.0,5.1788
2026-06-08 06:37:00,63014.0,63044.0,63004.0,63004.01,5.54247
2026-06-08 06:38:00,62969.6,62975.99,62922.37,62922.37,29.59102
2026-06-08 06:39:00,62936.72,62946.59,62936.71,62946.58,1.57712
2026-06-08 06:40:00,62951.99,62959.76,62951.99,62959.76,1.32893
2026-06-08 06:41:00,62980.18,62996.36,62980.04,62988.44,4.08085
2026-06-08 06:42:00,62966.08,62966.08,62938.0,62948.0,9.27332
2026-06-08 06:43:00,62973.99,63047.59,62973.99,63047.59,8.69374
2026-06-08 06:44:00,63020.44,63036.0,63020.43,63036.0,4.18879
2026-06-08 06:45:00,63035.99,63046.08,63016.78,63025.15,3.84431
2026-06-08 06:46:00,63004.0,63022.0,63004.0,63012.0,4.34559
2026-06-08 06:47:00,62991.95,62992.41,62984.0,62984.01,4.79221
2026-06-08 06:48:00,62995.99,62996.0,62980.09,62987.69,4.09227
2026-06-08 06:49:00,62975.99,62987.69,62945.47,62979.18,4.98966
2026-06-08 06:50:00,62987.44,62994.4,62954.01,62960.4,2.80355
2026-06-08 06:51:00,62974.0,62992.4,62969.77,62989.55,4.03733
2026-06-08 06:52:00,62986.01,63014.84,62986.0,62993.01,5.22619
2026-06-08 06:53:00,62997.05,63003.74,62984.9,63003.74,1.19843
2026-06-08 06:54:00,63005.99,63013.7,63005.99,63007.83,2.85559
2026-06-08 06:55:00,63009.56,63010.54,62984.9,62994.22,2.34706
2026-06-08 06:56:00,62999.11,63002.74,62990.0,63000.0,0.76568
2026-06-08 06:57:00,63000.0,63000.0,62954.06,62971.72,3.0157
2026-06-08 06:58:00,62990.0,63008.0,62990.0,62992.01,3.21052
2026-06-08 06:59:00,62992.01,62998.0,62988.0,62988.0,2.01814
2026-06-08 07:00:00,62988.58,63024.0,62988.58,63023.99,4.14201
2026-06-08 07:01:00,63023.99,63023.99,62938.0,62943.38,6.05068
2026-06-08 07:02:00,62943.38,62956.0,62908.78,62922.36,27.96611
2026-06-08 07:03:00,62922.36,62978.0,62899.51,62956.01,48.96975
2026-06-08 07:04:00,62956.0,62956.0,62860.1,62867.98,32.43421
2026-06-08 07:05:00,62867.97,62868.37,62816.91,62836.0,38.60139
2026-06-08 07:06:00,62836.0,62850.72,62812.0,62844.92,18.24915
2026-06-08 07:07:00,62844.92,62881.49,62844.92,62874.04,3.20606
2026-06-08 07:08:00,62874.04,62959.82,62874.04,62953.41,9.06972
2026-06-08 07:09:00,62953.41,62953.41,62922.09,62936.24,2.79323
2026-06-08 07:10:00,62936.23,62946.59,62926.56,62946.59,1.69961
2026-06-08 07:11:00,62946.59,63057.83,62946.58,63054.65,8.79347
2026-06-08 07:12:00,63054.0,63144.58,63052.6,63130.01,19.47801
2026-06-08 07:13:00,63130.01,63204.27,63124.0,63204.26,10.04045
2026-06-08 07:14:00,63198.54,63198.54,63080.0,63084.56,11.71553
2026-06-08 07:15:00,63084.57,63097.76,62970.94,63020.01,35.14539
2026-06-08 07:16:00,63020.01,63126.0,63020.01,63116.25,6.76148
2026-06-08 07:17:00,63116.26,63158.1,63116.26,63124.03,23.29965
2026-06-08 07:18:00,63124.03,63124.03,63053.2,63058.45,7.59662
2026-06-08 07:19:00,63059.99,63106.0,63059.99,63105.99,4.07366
2026-06-08 07:20:00,63106.0,63173.65,63106.0,63154.69,26.57244
2026-06-08 07:21:00,63154.69,63154.69,63154.69,63154.69,0.0
2026-06-08 07:22:00,63210.0,63217.99,63150.0,63158.1,12.37239
2026-06-08 07:23:00,63158.1,63185.13,63154.84,63176.0,11.52898
2026-06-08 07:24:00,63176.0,63187.67,63176.0,63187.67,0.15184
2026-06-08 07:25:00,63198.0,63198.0,63192.01,63192.01,0.09102
2026-06-08 07:26:00,63200.6,63202.94,63198.01,63202.94,5.89119
2026-06-08 07:27:00,63206.39,63212.0,63202.0,63212.0,0.13625
2026-06-08 07:28:00,63252.61,63252.61,63248.16,63248.16,0.57685
2026-06-08 07:29:00,63211.32,63213.84,63208.0,63208.0,0.23835
2026-06-08 07:30:00,63189.26,63200.0,63184.01,63184.01,1.32832
2026-06-08 07:31:00,63238.0,63241.88,63235.31,63235.31,1.83828
2026-06-08 07:32:00,63244.01,63244.01,63221.88,63221.89,2.83252
2026-06-08 07:33:00,63186.0,63186.01,63164.0,63165.26,1.71428
2026-06-08 07:34:00,63218.67,63218.68,63204.0,63204.0,0.95737
2026-06-08 07:35:00,63220.0,63228.0,63214.42,63214.43,3.17325
2026-06-08 07:36:00,63216.57,63238.0,63216.57,63237.99,1.58875
2026-06-08 07:37:00,63201.99,63213.33,63196.0,63203.76,1.41433
2026-06-08 07:38:00,63231.99,63243.54,63228.0,63232.0,4.60066
2026-06-08 07:39:00,63210.05,63212.0,63200.0,63212.0,1.60794
2026-06-08 07:40:00,63275.57,63275.57,63233.36,63233.36,2.04062
2026-06-08 07:41:00,63236.56,63236.56,63228.0,63229.27,0.79029
2026-06-08 07:42:00,63182.0,63182.0,63160.0,63160.0,2.14713
2026-06-08 07:43:00,63115.78,63134.0,63115.78,63130.0,1.0503
2026-06-08 07:44:00,63107.46,63107.47,63082.0,63093.99,2.55156
2026-06-08 07:45:00,63114.26,63114.27,63107.2,63107.2,2.05789
2026-06-08 07:46:00,63170.97,63193.68,63170.97,63192.18,4.92806
2026-06-08 07:47:00,63200.0,63205.42,63181.59,63190.02,7.82875
2026-06-08 07:48:00,63221.57,63307.99,63221.57,63307.99,9.49378
2026-06-08 07:49:00,63328.01,63350.0,63326.0,63350.0,2.4049
2026-06-08 07:50:00,63350.0,63350.0,63328.0,63328.15,8.02404
2026-06-08 07:51:00,63316.0,63316.01,63260.0,63270.0,4.80826
2026-06-08 07:52:00,63242.01,63274.0,63242.0,63265.39,1.98922
2026-06-08 07:53:00,63265.02,63282.37,63265.02,63282.36,5.77779
2026-06-08 07:54:00,63274.0,63279.91,63256.33,63260.0,10.30091
2026-06-08 07:55:00,63250.37,63277.0,63242.0,63277.0,13.33979
2026-06-08 07:56:00,63297.86,63309.3,63289.2,63309.29,13.66934
2026-06-08 07:57:00,63306.88,63315.99,63299.08,63315.99,3.30921
2026-06-08 07:58:00,63321.29,63324.0,63300.39,63311.19,3.19861
2026-06-08 07:59:00,63309.6,63309.61,63284.73,63302.0,11.06786
2026-06-08 08:00:00,63284.0,63284.0,63215.45,63222.93,15.56963
2026-06-08 08:01:00,63220.01,63238.0,63187.07,63187.07,10.20549
2026-06-08 08:02:00,63125.84,63125.84,63062.0,63116.3,14.48776
2026-06-08 08:03:00,63191.33,63214.31,63172.32,63174.0,34.46132
2026-06-08 08:04:00,63175.26,63175.27,63142.1,63158.1,4.3352
2026-06-08 08:05:00,63138.01,63199.95,63138.01,63166.01,7.84249
2026-06-08 08:06:00,63167.7,63179.08,63158.0,63179.08,2.83024
2026-06-08 08:07:00,63222.01,63224.19,63190.68,63190.94,4.07236
2026-06-08 08:08:00,63137.99,63140.0,63094.01,63125.99,3.30792
2026-06-08 08:09:00,63133.99,63163.99,63103.96,63163.99,3.8249
2026-06-08 08:10:00,63233.7,63233.7,63124.0,63124.83,4.51396
2026-06-08 08:11:00,63138.0,63148.0,63130.52,63133.7,3.21656
2026-06-08 08:12:00,63164.0,63185.99,63158.0,63158.42,2.53376
2026-06-08 08:13:00,63155.6,63170.0,63148.0,63158.1,2.33421
2026-06-08 08:14:00,63158.1,63190.73,63154.48,63190.73,1.91661
2026-06-08 08:15:00,63190.74,63220.0,63184.0,63209.87,1.5582
2026-06-08 08:16:00,63209.99,63209.99,63122.0,63122.01,4.1274
2026-06-08 08:17:00,63100.0,63104.0,63073.87,63073.88,2.21565
2026-06-08 08:18:00,63080.0,63108.0,63080.0,63103.49,2.12241
2026-06-08 08:19:00,63118.0,63150.0,63108.0,63149.99,2.52999
2026-06-08 08:20:00,63126.03,63128.0,63076.0,63076.0,13.6467
2026-06-08 08:21:00,63042.41,63050.0,62994.0,63019.4,16.72603
2026-06-08 08:22:00,63011.99,63038.0,63004.0,63026.0,4.98582
2026-06-08 08:23:00,62994.0,63047.99,62992.01,63047.99,11.71787
2026-06-08 08:24:00,63049.99,63068.0,63049.99,63056.2,1.35798
2026-06-08 08:25:00,63060.96,63081.58,63056.19,63080.51,2.95837
2026-06-08 08:26:00,63092.0,63116.0,63091.99,63109.3,6.31116
2026-06-08 08:27:00,63099.1,63103.57,63059.27,63059.28,2.18516
2026-06-08 08:28:00,63059.27,63064.0,63038.0,63060.8,5.85716
2026-06-08 08:29:00,63092.0,63100.0,63061.46,63098.0,7.40644
2026-06-08 08:30:00,63103.99,63120.0,63102.42,63120.0,4.23966
2026-06-08 08:31:00,63120.0,63120.0,63046.0,63047.81,4.26587
2026-06-08 08:32:00,63049.12,63114.0,63049.11,63113.99,4.82699
2026-06-08 08:33:00,63120.0,63130.0,63110.0,63129.51,9.66407
2026-06-08 08:34:00,63129.52,63196.0,63114.0,63196.0,7.26496
2026-06-08 08:35:00,63196.0,63196.0,63154.0,63160.0,2.88546
2026-06-08 08:36:00,63159.99,63161.37,63124.0,63146.0,5.29925
2026-06-08 08:37:00,63146.0,63169.99,63134.0,63154.01,3.16021
2026-06-08 08:38:00,63156.66,63184.0,63142.0,63178.47,6.84279
2026-06-08 08:39:00,63178.48,63181.99,63148.0,63148.0,2.91574
2026-06-08 08:40:00,63148.01,63148.01,63148.01,63148.01,0.31946
2026-06-08 08:41:00,63114.01,63118.0,63109.45,63118.0,0.19399
2026-06-08 08:42:00,63127.41,63158.09,63127.41,63158.09,1.5954
2026-06-08 08:43:00,63150.01,63158.09,63150.01,63158.09,0.18679
2026-06-08 08:44:00,63155.73,63155.73,63155.72,63155.72,2.00523
2026-06-08 08:45:00,63166.0,63169.39,63162.02,63162.02,0.79931
2026-06-08 08:46:00,63167.99,63168.0,63163.96,63163.96,0.05722
2026-06-08 08:47:00,63098.01,63098.01,63098.0,63098.01,0.13945
2026-06-08 08:48:00,63067.99,63080.0,63067.99,63075.82,0.709
2026-06-08 08:49:00,63147.99,63152.0,63147.99,63151.99,0.05576
2026-06-08 08:50:00,63106.01,63113.99,63106.01,63106.13,0.43273
2026-06-08 08:51:00,63078.41,63078.41,63064.0,63064.01,1.2438
2026-06-08 08:52:00,63045.56,63045.56,63040.0,63040.45,0.61988
2026-06-08 08:53:00,63054.0,63063.69,63054.0,63063.68,1.82274
2026-06-08 08:54:00,63070.08,63072.0,63070.08,63071.99,0.12829
2026-06-08 08:55:00,63093.99,63093.99,63082.0,63082.78,1.65365
2026-06-08 08:56:00,63073.95,63084.0,63073.95,63078.92,0.50551
2026-06-08 08:57:00,63093.79,63103.73,63093.79,63098.26,5.07297
2026-06-08 08:58:00,63093.83,63103.66,63093.82,63103.65,4.73723
2026-06-08 08:59:00,63170.42,63180.03,63160.0,63160.0,3.3316
2026-06-08 09:00:00,63132.84,63146.0,63132.83,63146.0,0.56872
2026-06-08 09:01:00,63136.0,63146.0,63135.99,63145.99,0.48056
2026-06-08 09:02:00,63195.99,63195.99,63188.0,63193.12,0.40855
2026-06-08 09:03:00,63228.0,63252.0,63224.0,63248.0,4.07072
2026-06-08 09:04:00,63264.0,63284.0,63264.0,63268.0,2.40027
2026-06-08 09:05:00,63252.0,63276.0,63247.8,63272.0,2.1502
2026-06-08 09:06:00,63285.48,63312.0,63285.48,63294.01,2.56988
2026-06-08 09:07:00,63243.31,63260.0,63236.05,63248.01,4.34106
2026-06-08 09:08:00,63210.0,63241.99,63206.92,63241.99,1.04808
2026-06-08 09:09:00,63238.48,63238.48,63200.0,63200.01,1.53219
2026-06-08 09:10:00,63164.01,63164.01,63136.51,63136.51,4.67671
2026-06-08 09:11:00,63252.0,63262.0,63246.0,63260.12,2.57812
2026-06-08 09:12:00,63256.67,63273.99,63256.67,63260.0,3.43125
2026-06-08 09:13:00,63269.37,63269.37,63260.9,63263.26,0.52369
2026-06-08 09:14:00,63278.01,63289.42,63278.0,63279.68,2.70934
2026-06-08 09:15:00,63337.19,63337.19,63298.27,63298.27,1.40899
2026-06-08 09:16:00,63314.0,63329.66,63298.28,63329.65,5.32403
2026-06-08 09:17:00,63546.27,63577.86,63468.0,63530.0,20.79522
2026-06-08 09:18:00,63444.01,63458.0,63427.15,63446.19,4.60925
2026-06-08 09:19:00,63478.37,63482.41,63468.01,63472.0,1.74192
2026-06-08 09:20:00,63466.01,63494.0,63458.0,63484.3,4.5851
2026-06-08 09:21:00,63539.99,63556.0,63526.24,63555.99,6.90573
2026-06-08 09:22:00,63534.13,63550.0,63508.0,63508.0,8.35418
2026-06-08 09:23:00,63509.59,63509.59,63503.82,63503.82,2.32744
2026-06-08 09:24:00,63494.44,63494.44,63460.01,63460.02,2.9125
2026-06-08 09:25:00,63400.74,63410.0,63400.0,63404.0,9.90682
2026-06-08 09:26:00,63422.0,63422.0,63380.54,63393.62,24.78193
2026-06-08 09:27:00,63393.62,63402.01,63390.0,63402.0,2.84551
2026-06-08 09:28:00,63410.24,63410.24,63380.0,63390.0,4.64478
2026-06-08 09:29:00,63400.0,63422.0,63399.99,63421.99,3.50704
2026-06-08 09:30:00,63388.55,63388.55,63348.0,63374.0,5.20732
2026-06-08 09:31:00,63380.0,63405.99,63380.0,63405.98,1.71031
2026-06-08 09:32:00,63380.82,63380.82,63324.0,63326.01,9.75335
2026-06-08 09:33:00,63346.0,63346.0,63300.08,63302.38,8.40274
2026-06-08 09:34:00,63309.33,63309.33,63212.81,63212.81,13.15869
2026-06-08 09:35:00,63196.01,63234.0,63194.53,63194.54,4.2981
2026-06-08 09:36:00,63170.0,63318.0,63170.0,63306.1,11.91573
2026-06-08 09:37:00,63354.0,63402.0,63334.01,63363.96,7.01496
2026-06-08 09:38:00,63302.25,63322.0,63279.79,63288.47,4.98782
2026-06-08 09:39:00,63230.0,63334.0,63230.0,63324.85,6.06535
2026-06-08 09:40:00,63296.64,63309.15,63279.95,63292.0,2.27255
2026-06-08 09:41:00,63260.0,63272.0,63232.67,63237.99,2.27861
2026-06-08 09:42:00,63206.01,63285.21,63206.0,63285.21,5.75019
2026-06-08 09:43:00,63320.26,63320.26,63303.99,63312.01,1.51551
2026-06-08 09:44:00,63330.0,63369.61,63321.13,63369.61,2.98771
2026-06-08 09:45:00,63363.14,63382.0,63333.34,63382.0,9.39627
2026-06-08 09:46:00,63389.99,63434.0,63373.44,63373.44,8.34808
2026-06-08 09:47:00,63368.0,63382.0,63347.83,63382.0,3.93467
2026-06-08 09:48:00,63398.01,63464.0,63388.0,63454.01,14.06361
2026-06-08 09:49:00,63446.01,63472.0,63446.01,63464.0,2.94251
2026-06-08 09:50:00,63464.01,63473.76,63443.8,63473.76,9.25682
2026-06-08 09:51:00,63473.75,63473.75,63446.39,63461.99,2.96817
2026-06-08 09:52:00,63460.01,63464.0,63435.47,63435.81,5.76265
2026-06-08 09:53:00,63435.81,63448.0,63418.0,63426.01,15.69131
2026-06-08 09:54:00,63426.01,63440.0,63426.0,63426.01,4.81149
2026-06-08 09:55:00,63429.99,63445.99,63420.28,63445.99,3.25427
2026-06-08 09:56:00,63457.9,63457.9,63430.0,63452.0,8.07356
2026-06-08 09:57:00,63447.36,63474.29,63447.36,63455.99,5.0694
2026-06-08 09:58:00,63451.39,63473.84,63430.0,63473.83,4.23053
2026-06-08 09:59:00,63474.0,63504.81,63473.99,63501.99,66.00437
2026-06-08 10:00:00,63501.99,63568.19,63489.04,63560.61,135.40682
2026-06-08 10:01:00,63560.6,63560.6,63464.84,63464.92,23.12161
2026-06-08 10:02:00,63464.93,63504.42,63390.0,63504.42,20.82441
2026-06-08 10:03:00,63504.42,63504.42,63504.42,63504.42,0.0
2026-06-08 10:04:00,63452.96,63458.0,63452.95,63458.0,0.15451
2026-06-08 10:05:00,63450.54,63450.55,63450.54,63450.55,0.03846
2026-06-08 10:06:00,63450.0,63450.01,63450.0,63450.01,0.10731
2026-06-08 10:07:00,63485.99,63486.01,63485.99,63486.01,0.53617
2026-06-08 10:08:00,63474.66,63483.99,63474.66,63483.99,0.3439
2026-06-08 10:09:00,63439.8,63440.42,63434.55,63440.42,0.60239
2026-06-08 10:10:00,63407.78,63410.18,63407.78,63408.0,0.06039
2026-06-08 10:11:00,63397.01,63397.01,63390.91,63395.76,0.48523
2026-06-08 10:12:00,63404.0,63408.0,63404.0,63407.79,1.2983
2026-06-08 10:13:00,63408.18,63410.0,63406.08,63409.99,0.70347
2026-06-08 10:14:00,63374.01,63384.0,63366.87,63383.99,3.89513
2026-06-08 10:15:00,63387.98,63387.99,63387.98,63387.99,0.08953
2026-06-08 10:16:00,63377.95,63377.96,63366.87,63366.87,2.06219
2026-06-08 10:17:00,63349.03,63350.0,63341.31,63348.01,4.89142
2026-06-08 10:18:00,63316.36,63320.0,63308.0,63308.01,1.18878
2026-06-08 10:19:00,63295.24,63295.24,63295.23,63295.24,0.01983
2026-06-08 10:20:00,63250.0,63274.0,63247.23,63266.0,3.95329
2026-06-08 10:21:00,63290.0,63292.0,63289.99,63292.0,0.51365
2026-06-08 10:22:00,63282.82,63282.83,63282.82,63282.83,1.19716
2026-06-08 10:23:00,63227.75,63230.0,63227.74,63230.0,0.21545
2026-06-08 10:24:00,63238.0,63249.99,63238.0,63249.99,0.42977
2026-06-08 10:25:00,63197.57,63201.72,63175.76,63175.76,2.82092
2026-06-08 10:26:00,63168.57,63168.57,63150.0,63150.0,3.46773
2026-06-08 10:27:00,63121.99,63132.0,63118.27,63118.28,3.2744
2026-06-08 10:28:00,63120.01,63136.0,63120.01,63133.44,3.80109
2026-06-08 10:29:00,63112.45,63115.87,63109.33,63115.38,8.03946
2026-06-08 10:30:00,63152.0,63154.0,63151.99,63153.99,1.09761
2026-06-08 10:31:00,63154.01,63156.0,63146.0,63146.0,1.5895
2026-06-08 10:32:00,63140.0,63144.97,63139.99,63141.01,3.569
2026-06-08 10:33:00,63144.04,63144.05,63138.81,63143.88,0.91723
2026-06-08 10:34:00,63174.0,63368.0,63174.0,63315.21,48.39893
2026-06-08 10:35:00,63316.32,63327.3,63290.44,63304.0,3.74432
2026-06-08 10:36:00,63262.0,63262.0,63220.0,63248.0,3.39538
2026-06-08 10:37:00,63268.83,63286.07,63268.82,63286.06,0.74107
2026-06-08 10:38:00,63230.0,63248.0,63230.0,63237.34,3.77342
2026-06-08 10:39:00,63228.31,63244.0,63228.3,63244.0,2.16533
2026-06-08 10:40:00,63242.65,63242.66,63216.72,63226.29,7.90345
2026-06-08 10:41:00,63242.0,63242.0,63218.0,63223.99,2.35822
2026-06-08 10:42:00,63225.3,63225.3,63186.0,63186.01,4.8169
2026-06-08 10:43:00,63200.0,63260.0,63199.99,63260.0,6.24119
2026-06-08 10:44:00,63246.0,63246.0,63231.47,63231.47,2.76809
2026-06-08 10:45:00,63218.01,63234.0,63216.24,63233.99,3.88551
2026-06-08 10:46:00,63176.92,63176.93,63114.63,63114.63,20.4155
2026-06-08 10:47:00,63096.88,63138.0,63096.88,63138.0,3.11362
2026-06-08 10:48:00,63145.19,63148.0,63132.0,63148.0,1.15631
2026-06-08 10:49:00,63174.15,63178.66,63164.64,63164.65,2.51181
2026-06-08 10:50:00,63146.0,63162.0,63134.01,63155.33,5.48175
2026-06-08 10:51:00,63167.99,63167.99,63122.0,63138.35,3.49095
2026-06-08 10:52:00,63108.0,63138.0,63108.0,63137.99,5.85374
2026-06-08 10:53:00,63146.0,63162.78,63146.0,63162.78,3.39852
2026-06-08 10:54:00,63171.27,63174.0,63169.59,63174.0,0.63611
2026-06-08 10:55:00,63161.11,63161.11,63148.0,63152.01,6.772
2026-06-08 10:56:00,63152.0,63158.09,63148.0,63148.01,4.71765
2026-06-08 10:57:00,63110.57,63120.85,63110.56,63120.84,2.76421
2026-06-08 10:58:00,63120.84,63138.0,63120.84,63138.0,1.84955
2026-06-08 10:59:00,63145.44,63150.0,63145.44,63146.01,2.87204
2026-06-08 11:00:00,63172.3,63172.3,63139.2,63156.18,8.37483
2026-06-08 11:01:00,63108.38,63112.92,63079.1,63079.11,15.49417
2026-06-08 11:02:00,63079.11,63084.58,63058.0,63073.92,9.73086
2026-06-08 11:03:00,63082.0,63092.0,63076.0,63083.14,3.0439
2026-06-08 11:04:00,63076.83,63095.71,63076.01,63095.71,2.43461
2026-06-08 11:05:00,63095.71,63138.0,63095.69,63120.0,9.30192
2026-06-08 11:06:00,63120.0,63162.0,63088.0,63138.25,51.19774
2026-06-08 11:07:00,63122.92,63221.85,63122.92,63208.0,36.41899
2026-06-08 11:08:00,63212.0,63212.0,63188.05,63205.99,6.89435
2026-06-08 11:09:00,63202.85,63256.0,63202.85,63248.24,5.60423
2026-06-08 11:10:00,63254.0,63298.0,63236.0,63298.0,5.26453
2026-06-08 11:11:00,63446.0,63454.54,63350.01,63353.88,19.87064
2026-06-08 11:12:00,63360.0,63421.74,63356.0,63421.74,35.67862
2026-06-08 11:13:00,63418.0,63420.0,63368.1,63399.99,10.71673
2026-06-08 11:14:00,63400.0,63407.99,63386.9,63407.99,5.56254
2026-06-08 11:15:00,63446.0,63508.62,63446.0,63497.28,27.94155
2026-06-08 11:16:00,63502.0,63502.0,63370.7,63418.0,18.09232
2026-06-08 11:17:00,63400.24,63444.0,63400.24,63428.01,4.07679
2026-06-08 11:18:00,63426.2,63488.0,63424.82,63488.0,5.21255
2026-06-08 11:19:00,63500.07,63558.42,63481.01,63558.0,9.08389
2026-06-08 11:20:00,63557.99,63576.38,63490.0,63500.0,34.21846
2026-06-08 11:21:00,63499.99,63613.33,63499.99,63613.33,15.82504
2026-06-08 11:22:00,63620.99,63666.0,63610.0,63624.29,19.78807
2026-06-08 11:23:00,63624.29,63656.3,63604.82,63656.29,9.23815
2026-06-08 11:24:00,63656.29,63656.29,63656.29,63656.29,0.0
2026-06-08 11:25:00,63572.57,63572.57,63572.0,63572.0,0.34328
2026-06-08 11:26:00,63630.77,63631.99,63630.77,63631.99,0.4015
2026-06-08 11:27:00,63636.0,63636.0,63628.0,63628.01,1.24934
2026-06-08 11:28:00,63620.36,63634.0,63620.36,63633.64,0.41249
2026-06-08 11:29:00,63615.99,63616.0,63614.0,63614.0,0.15256
2026-06-08 11:30:00,63616.37,63645.0,63616.37,63645.0,0.90088
2026-06-08 11:31:00,63598.36,63600.0,63598.35,63600.0,0.24526
2026-06-08 11:32:00,63655.3,63666.0,63642.0,63642.0,2.34107
2026-06-08 11:33:00,63658.5,63658.5,63646.01,63646.01,0.50555
2026-06-08 11:34:00,63566.06,63566.06,63564.81,63565.44,1.57361
2026-06-08 11:35:00,63596.73,63620.0,63590.0,63619.99,7.63968
2026-06-08 11:36:00,63702.71,63735.61,63698.51,63731.01,15.40417
2026-06-08 11:37:00,63770.0,63818.94,63770.0,63811.45,22.19941
2026-06-08 11:38:00,63829.92,63873.08,63826.71,63855.9,39.50739
2026-06-08 11:39:00,63864.0,63870.0,63854.21,63854.22,3.16379
2026-06-08 11:40:00,63754.61,63754.61,63694.01,63700.0,12.86642
2026-06-08 11:41:00,63753.85,63768.0,63750.15,63755.04,8.09449
2026-06-08 11:42:00,63721.88,63725.97,63715.49,63722.58,4.8984
2026-06-08 11:43:00,63721.6,63721.61,63721.6,63721.6,1.53865
2026-06-08 11:44:00,63670.0,63670.0,63633.51,63636.01,6.74717
2026-06-08 11:45:00,63632.89,63663.99,63632.89,63650.12,7.88485
2026-06-08 11:46:00,63637.87,63637.87,63615.32,63615.46,2.65717
2026-06-08 11:47:00,63529.1,63542.0,63519.78,63530.01,17.08241
2026-06-08 11:48:00,63512.0,63526.6,63506.12,63506.4,4.85534
2026-06-08 11:49:00,63500.01,63500.01,63477.32,63477.32,20.95708
2026-06-08 11:50:00,63499.71,63572.91,63499.71,63561.07,6.63004
2026-06-08 11:51:00,63534.06,63534.07,63497.78,63511.16,10.94227
2026-06-08 11:52:00,63490.28,63521.83,63490.28,63510.89,6.38872
2026-06-08 11:53:00,63507.13,63507.13,63490.01,63490.66,5.79461
2026-06-08 11:54:00,63502.49,63502.5,63468.0,63468.01,3.5874
2026-06-08 11:55:00,63482.9,63482.9,63438.56,63444.58,6.25104
2026-06-08 11:56:00,63430.23,63450.0,63424.0,63447.62,4.8449
2026-06-08 11:57:00,63474.55,63474.56,63438.0,63438.0,5.80625
2026-06-08 11:58:00,63457.46,63484.06,63457.46,63466.0,7.21471
2026-06-08 11:59:00,63471.99,63479.99,63453.86,63479.98,5.51507
2026-06-08 12:00:00,63479.62,63486.0,63439.5,63480.05,13.79164
2026-06-08 12:01:00,63616.63,63656.0,63450.0,63450.0,43.69993
2026-06-08 12:02:00,63292.0,63330.28,63242.0,63315.56,51.49653
2026-06-08 12:03:00,63234.51,63264.0,63176.09,63176.1,37.6194
2026-06-08 12:04:00,63052.45,63091.67,63008.35,63040.02,82.87922
2026-06-08 12:05:00,62866.91,63028.0,62803.74,62807.99,83.55384
2026-06-08 12:06:00,62843.99,62868.86,62798.01,62862.58,41.32381
2026-06-08 12:07:00,62930.0,63001.37,62896.89,63001.36,11.43682
2026-06-08 12:08:00,63006.5,63078.0,63006.24,63068.23,18.24816
2026-06-08 12:09:00,63041.99,63072.0,63022.0,63036.45,31.64658
2026-06-08 12:10:00,63027.99,63066.32,62990.0,63043.73,20.04322
2026-06-08 12:11:00,63028.31,63100.58,63012.25,63078.01,19.67338
2026-06-08 12:12:00,63073.1,63073.1,63022.0,63031.99,5.97826
2026-06-08 12:13:00,63017.98,63017.98,62993.16,62993.16,5.47979
2026-06-08 12:14:00,62996.0,63012.58,62854.82,62854.82,31.54642
2026-06-08 12:15:00,62720.81,62961.99,62720.8,62888.0,34.6929
2026-06-08 12:16:00,62911.71,62930.81,62884.22,62924.51,15.45374
2026-06-08 12:17:00,62926.27,62958.0,62924.09,62936.77,9.57977
2026-06-08 12:18:00,62955.99,63007.98,62954.0,62971.88,39.07804
2026-06-08 12:19:00,62897.51,62937.99,62885.0,62921.99,5.13103
2026-06-08 12:20:00,62893.38,62941.67,62843.58,62941.67,9.79728
2026-06-08 12:21:00,62936.0,62979.52,62918.81,62921.42,15.37845
2026-06-08 12:22:00,62929.77,62969.99,62865.68,62926.82,18.09071
2026-06-08 12:23:00,62959.99,62989.13,62935.61,62959.99,22.39112
2026-06-08 12:24:00,62954.23,62995.99,62943.68,62975.99,11.62075
2026-06-08 12:25:00,62985.68,63028.0,62977.13,63027.99,8.11532
2026-06-08 12:26:00,63017.34,63049.22,63016.01,63020.0,12.91438
2026-06-08 12:27:00,63018.18,63024.48,63006.0,63014.88,14.5475
2026-06-08 12:28:00,63025.99,63068.97,63022.07,63068.97,4.61111
2026-06-08 12:29:00,63062.65,63104.0,63062.65,63095.69,13.72041
2026-06-08 12:30:00,63103.99,63218.0,63103.99,63202.01,17.54759
2026-06-08 12:31:00,63245.68,63280.55,63221.57,63240.01,37.61731
2026-06-08 12:32:00,63201.98,63210.1,63178.0,63210.1,11.65367
2026-06-08 12:33:00,63204.01,63250.0,63204.0,63205.99,9.83434
2026-06-08 12:34:00,63193.89,63247.36,63191.71,63236.0,9.66543
2026-06-08 12:35:00,63216.01,63240.9,63209.67,63240.89,11.75737
2026-06-08 12:36:00,63245.64,63456.48,63245.64,63442.67,64.65589
2026-06-08 12:37:00,63445.52,63496.43,63440.58,63460.33,21.71732
2026-06-08 12:38:00,63473.69,63473.69,63353.47,63353.47,46.54447
2026-06-08 12:39:00,63361.28,63472.35,63358.86,63472.35,32.09218
2026-06-08 12:40:00,63419.36,63432.7,63384.57,63393.99,12.08806
2026-06-08 12:41:00,63393.98,63444.83,63393.98,63419.14,9.0717
2026-06-08 12:42:00,63419.14,63600.0,63419.14,63590.93,46.51513
2026-06-08 12:43:00,63586.6,63666.66,63540.81,63646.01,27.2004
2026-06-08 12:44:00,63646.0,63646.0,63646.0,63646.0,0.0001
2026-06-08 12:45:00,63638.73,63638.73,63638.73,63638.73,0.00569
2026-06-08 12:46:00,63554.0,63555.99,63554.0,63554.01,0.19841
2026-06-08 12:47:00,63595.65,63595.65,63590.0,63590.0,0.17841
2026-06-08 12:48:00,63589.39,63602.0,63589.39,63602.0,0.3142
2026-06-08 12:49:00,63587.29,63625.3,63584.0,63625.3,1.0634
2026-06-08 12:50:00,63575.99,63576.0,63575.99,63576.0,0.17875
2026-06-08 12:51:00,63546.0,63546.0,63526.0,63542.0,0.82529
2026-06-08 12:52:00,63542.0,63542.0,63527.99,63527.99,1.04484
2026-06-08 12:53:00,63532.01,63540.0,63532.0,63540.0,0.57459
2026-06-08 12:54:00,63614.61,63614.61,63600.0,63600.01,0.74124
2026-06-08 12:55:00,63566.01,63597.76,63566.01,63597.76,1.92229
2026-06-08 12:56:00,63622.0,63634.0,63622.0,63630.0,5.06702
2026-06-08 12:57:00,63668.0,63679.83,63668.0,63679.83,0.39494
2026-06-08 12:58:00,63927.08,63927.09,63775.44,63775.44,50.75559
2026-06-08 12:59:00,63838.06,63850.0,63838.05,63843.53,3.88074
2026-06-08 13:00:00,63872.0,63878.0,63852.38,63858.53,6.83917
2026-06-08 13:01:00,63800.01,63800.01,63780.08,63791.71,15.51129
2026-06-08 13:02:00,63778.01,63784.0,63778.01,63779.12,0.46113
2026-06-08 13:03:00,63750.0,63785.99,63750.0,63785.99,0.83836
2026-06-08 13:04:00,63786.0,63786.0,63726.0,63726.01,4.53709
2026-06-08 13:05:00,63731.98,63749.99,63731.98,63746.0,3.35884
2026-06-08 13:06:00,63740.21,63744.0,63722.5,63732.92,1.51502
2026-06-08 13:07:00,63815.99,63816.0,63788.76,63801.51,3.94557
2026-06-08 13:08:00,63836.0,63836.0,63816.43,63824.46,4.24334
2026-06-08 13:09:00,63805.95,63886.0,63805.95,63885.99,5.47462
2026-06-08 13:10:00,63854.0,63878.0,63852.0,63860.48,6.26021
2026-06-08 13:11:00,63796.83,63796.83,63788.0,63788.0,1.15149
2026-06-08 13:12:00,63839.46,63884.0,63839.46,63868.0,3.13559
2026-06-08 13:13:00,63923.6,63943.56,63887.29,63887.29,9.17421
2026-06-08 13:14:00,63941.98,63941.99,63787.02,63801.78,15.84474
2026-06-08 13:15:00,63780.64,63810.0,63780.64,63794.99,2.51677
2026-06-08 13:16:00,63778.15,63826.0,63778.15,63824.0,9.17612
2026-06-08 13:17:00,63802.01,63802.01,63754.01,63756.8,9.50243
2026-06-08 13:18:00,63706.17,63713.05,63668.7,63706.71,41.41668
2026-06-08 13:19:00,63680.0,63707.11,63668.77,63707.1,4.1206
2026-06-08 13:20:00,63749.99,63757.99,63730.74,63739.85,6.82018
2026-06-08 13:21:00,63753.01,63889.99,63753.0,63860.0,36.0848
2026-06-08 13:22:00,63800.01,63920.0,63799.13,63878.01,20.18457
2026-06-08 13:23:00,63852.01,63852.01,63784.76,63784.76,5.83869
2026-06-08 13:24:00,63766.75,63773.02,63747.51,63756.21,5.22034
2026-06-08 13:25:00,63720.34,63741.72,63706.49,63706.5,46.28001
2026-06-08 13:26:00,63653.84,63653.85,63618.0,63650.0,12.19259
2026-06-08 13:27:00,63624.01,63650.05,63618.0,63620.71,5.51941
2026-06-08 13:28:00,63584.0,63603.17,63581.11,63600.0,5.89824
2026-06-08 13:29:00,63587.39,63606.72,63576.0,63598.01,5.15019
2026-06-08 13:30:00,63593.01,63646.0,63560.68,63608.62,33.27915
2026-06-08 13:31:00,63654.0,63658.0,63514.0,63536.0,17.07462
2026-06-08 13:32:00,63498.95,63498.95,63362.1,63387.99,24.66317
2026-06-08 13:33:00,63417.39,63507.74,63406.0,63438.0,11.11352
2026-06-08 13:34:00,63377.51,63445.99,63365.57,63440.01,8.69566
2026-06-08 13:35:00,63475.71,63591.42,63448.08,63558.01,15.31581
2026-06-08 13:36:00,63678.99,63762.67,63643.84,63683.98,28.98452
2026-06-08 13:37:00,63658.6,63658.6,63544.0,63570.01,12.6705
2026-06-08 13:38:00,63543.53,63658.0,63540.0,63622.0,46.17891
2026-06-08 13:39:00,63586.01,63617.91,63524.01,63568.0,12.72296
2026-06-08 13:40:00,63460.0,63616.0,63454.0,63566.01,12.60208
2026-06-08 13:41:00,63552.0,63570.0,63462.0,63534.0,11.0589
2026-06-08 13:42:00,63504.59,63600.0,63492.0,63560.01,11.61807
2026-06-08 13:43:00,63582.0,63582.0,63447.84,63499.28,31.55931
2026-06-08 13:44:00,63504.0,63551.24,63460.55,63512.01,13.68794
2026-06-08 13:45:00,63486.0,63573.99,63484.01,63555.95,18.39856
2026-06-08 13:46:00,63604.58,63688.0,63602.0,63666.68,11.78136
2026-06-08 13:47:00,63640.1,63656.0,63548.92,63581.12,9.07848
2026-06-08 13:48:00,63528.0,63548.0,63424.0,63438.17,24.14418
2026-06-08 13:49:00,63428.0,63580.0,63420.01,63574.01,12.73144
2026-06-08 13:50:00,63570.82,63590.0,63538.02,63540.0,9.5523
2026-06-08 13:51:00,63555.99,63688.0,63555.99,63644.01,13.19533
2026-06-08 13:52:00,63673.99,63726.0,63646.0,63725.99,15.0141
2026-06-08 13:53:00,63742.0,63874.0,63742.0,63822.01,24.99009
2026-06-08 13:54:00,63804.96,63832.79,63716.01,63718.01,22.47878
2026-06-08 13:55:00,63704.01,63770.0,63691.32,63710.01,11.1535
2026-06-08 13:56:00,63692.01,63801.99,63691.32,63798.38,25.62736
2026-06-08 13:57:00,63798.38,63806.0,63682.0,63682.02,17.54066
2026-06-08 13:58:00,63690.0,63742.0,63690.0,63719.05,9.42331
2026-06-08 13:59:00,63718.01,63812.0,63718.01,63760.0,14.87036
2026-06-08 14:00:00,63758.0,63795.99,63724.0,63744.01,22.47333
2026-06-08 14:01:00,63744.01,63838.0,63726.0,63820.01,27.66921
2026-06-08 14:02:00,63820.01,63863.54,63688.88,63695.26,26.11619
2026-06-08 14:03:00,63700.0,63758.0,63648.0,63675.03,17.74891
2026-06-08 14:04:00,63675.03,63675.03,63560.68,63638.34,18.67349
2026-06-08 14:05:00,63638.34,63638.34,63638.34,63638.34,0.0
2026-06-08 14:06:00,63631.99,63631.99,63620.48,63620.48,0.99711
2026-06-08 14:07:00,63788.0,63788.0,63780.0,63783.36,0.34979
2026-06-08 14:08:00,63752.0,63764.0,63752.0,63763.99,1.45572
2026-06-08 14:09:00,63804.01,63818.0,63790.0,63817.99,1.86878
2026-06-08 14:10:00,63822.0,63822.0,63800.01,63820.68,0.75499
2026-06-08 14:11:00,63804.01,63816.8,63790.01,63790.01,0.88636
2026-06-08 14:12:00,63846.0,63846.0,63814.52,63814.52,0.81587
2026-06-08 14:13:00,63835.78,63842.4,63828.0,63835.66,1.87473
2026-06-08 14:14:00,63872.0,63872.0,63842.0,63842.0,2.01438
2026-06-08 14:15:00,63874.0,63874.01,63850.0,63850.0,1.14639
2026-06-08 14:16:00,63702.0,63779.42,63702.0,63779.42,2.86556
2026-06-08 14:17:00,63750.0,63775.99,63750.0,63775.99,0.50899
2026-06-08 14:18:00,63700.0,63706.87,63696.0,63706.87,2.36374
2026-06-08 14:19:00,63742.04,63810.0,63742.03,63794.69,10.63832
2026-06-08 14:20:00,63793.99,63821.18,63793.99,63810.36,3.61504
2026-06-08 14:21:00,63778.02,63801.99,63735.22,63749.28,15.01448
2026-06-08 14:22:00,63840.57,63850.0,63816.02,63822.0,19.40103
2026-06-08 14:23:00,63777.08,63829.71,63777.08,63825.21,9.50406
2026-06-08 14:24:00,63872.97,63887.45,63868.0,63878.0,4.07565
2026-06-08 14:25:00,63776.55,63784.44,63760.0,63766.0,4.43971
2026-06-08 14:26:00,63780.0,63780.0,63756.0,63774.0,7.52346
2026-06-08 14:27:00,63754.0,63772.0,63744.0,63769.99,6.0587
2026-06-08 14:28:00,63866.87,63866.88,63812.05,63828.36,35.83666
2026-06-08 14:29:00,63860.71,63860.71,63818.4,63827.69,2.62976
2026-06-08 14:30:00,63756.37,63816.0,63756.37,63815.99,4.05717
2026-06-08 14:31:00,63853.39,63857.64,63847.0,63856.87,21.32998
2026-06-08 14:32:00,63842.0,63895.99,63842.0,63884.89,10.72284
2026-06-08 14:33:00,63893.99,63920.0,63866.46,63913.14,11.49727
2026-06-08 14:34:00,63890.39,63890.4,63855.43,63857.99,6.24838
2026-06-08 14:35:00,63910.0,63910.0,63827.94,63856.0,10.80325
2026-06-08 14:36:00,63828.0,63852.2,63786.0,63852.2,14.26699
2026-06-08 14:37:00,63887.2,63887.2,63808.44,63836.0,14.62431
2026-06-08 14:38:00,63808.0,63814.0,63789.99,63814.0,5.22949
2026-06-08 14:39:00,63836.21,63905.47,63822.0,63894.97,17.52897
2026-06-08 14:40:00,63823.75,63870.0,63823.75,63832.39,12.11755
2026-06-08 14:41:00,63870.69,63922.04,63853.37,63920.3,9.14617
2026-06-08 14:42:00,63866.0,63880.78,63797.29,63816.0,6.76736
2026-06-08 14:43:00,63807.16,63851.99,63807.16,63851.98,7.31416
2026-06-08 14:44:00,63853.61,63888.0,63853.61,63887.58,3.288
2026-06-08 14:45:00,63905.73,63906.92,63887.57,63887.58,5.90623
2026-06-08 14:46:00,63903.05,63928.61,63898.0,63898.01,11.2061
2026-06-08 14:47:00,63926.0,63942.0,63913.32,63922.0,16.78122
2026-06-08 14:48:00,63921.1,63921.11,63888.0,63888.01,6.74174
2026-06-08 14:49:00,63910.0,63928.0,63894.0,63894.0,8.72887
2026-06-08 14:50:00,63854.3,63893.99,63848.0,63848.0,6.65529
2026-06-08 14:51:00,63873.99,63931.65,63868.0,63931.65,4.99768
2026-06-08 14:52:00,63917.28,63946.67,63906.0,63906.0,114.01464
2026-06-08 14:53:00,63903.08,63906.0,63846.0,63847.32,10.14655
2026-06-08 14:54:00,63886.45,63906.0,63868.0,63870.91,6.02713
2026-06-08 14:55:00,63872.37,63889.98,63868.0,63889.98,33.91216
2026-06-08 14:56:00,63940.79,63947.19,63929.19,63931.99,16.50254
2026-06-08 14:57:00,63938.01,64059.58,63938.0,64048.62,287.88535
2026-06-08 14:58:00,64052.0,64077.57,63974.0,63980.01,27.84245
2026-06-08 14:59:00,63981.03,64000.55,63958.02,63958.03,17.45617
2026-06-08 15:00:00,63964.07,64006.0,63941.17,63944.01,51.38455
2026-06-08 15:01:00,63965.44,64046.0,63965.44,64021.46,21.95726
2026-06-08 15:02:00,64036.27,64072.66,64030.0,64072.65,21.69767
2026-06-08 15:03:00,64077.18,64100.0,63980.0,63986.65,20.27529
2026-06-08 15:04:00,64005.2,64013.99,63976.0,63987.99,17.42658
2026-06-08 15:05:00,63935.28,63987.99,63884.01,63987.99,34.99257
2026-06-08 15:06:00,63991.06,64040.0,63991.05,64036.0,51.97043
2026-06-08 15:07:00,64033.29,64039.15,64017.26,64030.0,8.03162
2026-06-08 15:08:00,64022.0,64040.0,64005.83,64039.99,4.8526
2026-06-08 15:09:00,64049.78,64066.0,64034.0,64041.99,6.1832
2026-06-08 15:10:00,64060.01,64094.0,64028.01,64094.0,9.10596
2026-06-08 15:11:00,64099.99,64100.0,64080.11,64085.99,12.34903
2026-06-08 15:12:00,64092.02,64181.62,64092.01,64176.0,224.34379
2026-06-08 15:13:00,64183.97,64198.0,64164.0,64198.0,17.02632
2026-06-08 15:14:00,64192.0,64198.0,64173.73,64173.74,17.60381
2026-06-08 15:15:00,64183.99,64200.0,64079.99,64106.74,183.56122
2026-06-08 15:16:00,64039.56,64080.0,64024.01,64046.01,66.00196
2026-06-08 15:17:00,64031.76,64031.76,63984.01,63984.01,35.69396
2026-06-08 15:18:00,63943.63,64092.0,63937.53,64061.2,22.29432
2026-06-08 15:19:00,64056.0,64198.16,64056.0,64176.78,24.9546
2026-06-08 15:20:00,64188.71,64200.0,64081.6,64109.5,68.23612
2026-06-08 15:21:00,64101.06,64117.19,64068.0,64092.01,33.40283
2026-06-08 15:22:00,64077.17,64126.0,64056.71,64087.61,27.91533
2026-06-08 15:23:00,64084.51,64094.01,64051.19,64086.2,19.99338
2026-06-08 15:24:00,64086.2,64159.5,64086.19,64134.94,40.84989
2026-06-08 15:25:00,64134.94,64142.0,64064.0,64098.01,19.18092
2026-06-08 15:26:00,64096.01,64105.82,64022.0,64022.01,8.46688
2026-06-08 15:27:00,64022.01,64022.01,64022.0,64022.0,0.23664
2026-06-08 15:28:00,64082.01,64082.01,64074.01,64074.01,0.62337
2026-06-08 15:29:00,64040.02,64040.02,64040.01,64040.02,0.0128
2026-06-08 15:30:00,64000.01,64006.0,64000.0,64000.0,0.54489
2026-06-08 15:31:00,63878.01,63906.0,63878.0,63906.0,33.42094
2026-06-08 15:32:00,63905.87,63934.0,63905.86,63934.0,0.77291
2026-06-08 15:33:00,63950.0,63950.01,63950.0,63950.0,3.62799
2026-06-08 15:34:00,63931.28,63935.93,63916.01,63916.01,1.45303
2026-06-08 15:35:00,63864.01,63878.0,63850.0,63861.87,2.37924
2026-06-08 15:36:00,63828.0,63841.51,63816.05,63826.94,4.16053
2026-06-08 15:37:00,63868.18,63868.18,63838.0,63838.0,3.32931
2026-06-08 15:38:00,63885.36,63885.37,63872.0,63880.0,2.10648
2026-06-08 15:39:00,63860.89,63860.9,63848.0,63848.01,2.82135
2026-06-08 15:40:00,63848.0,63864.0,63842.0,63864.0,0.83896
2026-06-08 15:41:00,63850.01,63858.4,63844.01,63844.01,1.2205
2026-06-08 15:42:00,63828.0,63840.0,63828.0,63840.0,2.24313
2026-06-08 15:43:00,63830.01,63843.99,63830.0,63843.98,1.30942
2026-06-08 15:44:00,63863.13,63873.04,63863.13,63873.04,0.793
2026-06-08 15:45:00,63865.99,63870.92,63865.4,63865.42,0.85734
2026-06-08 15:46:00,63826.61,63847.97,63826.61,63847.97,2.28834
2026-06-08 15:47:00,63864.58,63875.2,63862.55,63864.01,3.09416
2026-06-08 15:48:00,63841.99,63849.0,63835.99,63849.0,2.02133
2026-06-08 15:49:00,63806.69,63823.42,63795.61,63795.61,9.81716
2026-06-08 15:50:00,63818.24,63846.0,63818.24,63846.0,2.19978
2026-06-08 15:51:00,63843.01,63843.02,63824.0,63828.0,2.87802
2026-06-08 15:52:00,63879.99,63880.0,63872.02,63875.02,1.6442
2026-06-08 15:53:00,64010.59,64028.0,63987.72,63987.72,4.35993
2026-06-08 15:54:00,63924.0,63926.0,63896.0,63896.01,3.4696
2026-06-08 15:55:00,63888.0,63888.0,63860.0,63864.56,3.47029
2026-06-08 15:56:00,63845.99,63862.0,63843.32,63847.99,3.67677
2026-06-08 15:57:00,63809.12,63809.12,63713.54,63713.55,26.68539
2026-06-08 15:58:00,63772.41,63792.63,63768.0,63784.67,19.00188
2026-06-08 15:59:00,63750.02,63758.0,63728.49,63734.49,28.78956
2026-06-08 16:00:00,63774.48,63786.0,63736.0,63736.0,8.37056
2026-06-08 16:01:00,63700.01,63700.02,63668.51,63693.97,15.1507
2026-06-08 16:02:00,63729.52,63771.95,63717.92,63771.95,2.84059
2026-06-08 16:03:00,63830.0,63852.46,63814.97,63852.45,5.60896
2026-06-08 16:04:00,63802.01,63826.0,63802.01,63825.58,3.89755
2026-06-08 16:05:00,63854.0,63878.0,63853.99,63855.74,4.17664
2026-06-08 16:06:00,63890.47,63912.23,63890.47,63905.6,2.5731
2026-06-08 16:07:00,63928.46,63928.46,63820.54,63820.61,11.37169
2026-06-08 16:08:00,63866.04,63866.05,63825.59,63852.0,5.78884
2026-06-08 16:09:00,63812.0,63826.0,63808.99,63811.15,3.61753
2026-06-08 16:10:00,63827.39,63827.4,63792.0,63796.0,3.78873
2026-06-08 16:11:00,63802.19,63876.0,63802.18,63876.0,4.36202
2026-06-08 16:12:00,63872.0,63872.0,63840.08,63863.99,5.2367
2026-06-08 16:13:00,63893.99,63894.0,63874.0,63874.0,2.37612
2026-06-08 16:14:00,63874.01,63874.01,63810.0,63810.0,2.78756
2026-06-08 16:15:00,63800.01,63867.6,63800.0,63851.6,4.29648
2026-06-08 16:16:00,63852.0,63868.0,63816.0,63868.0,2.49806
2026-06-08 16:17:00,63864.0,63900.0,63856.0,63896.78,4.25811
2026-06-08 16:18:00,63907.7,63985.56,63907.69,63958.01,16.4109
2026-06-08 16:19:00,63940.29,63962.0,63928.0,63956.0,3.51669
2026-06-08 16:20:00,63942.0,63948.0,63922.0,63933.24,2.90185
2026-06-08 16:21:00,63962.51,63992.0,63962.51,63984.01,5.09679
2026-06-08 16:22:00,63997.21,63997.21,63932.0,63937.71,6.67078
2026-06-08 16:23:00,63924.02,63971.93,63914.0,63953.73,11.76827
2026-06-08 16:24:00,63950.63,64019.61,63950.63,64014.3,21.65847
2026-06-08 16:25:00,64041.39,64041.39,63990.0,64030.0,52.17378
2026-06-08 16:26:00,64019.6,64035.6,64012.0,64016.12,12.09498
2026-06-08 16:27:00,64019.99,64019.99,63920.36,63924.33,19.84158
2026-06-08 16:28:00,63923.99,63928.0,63858.46,63889.33,14.41678
2026-06-08 16:29:00,63881.33,63898.0,63881.32,63883.62,5.81567
2026-06-08 16:30:00,63874.01,63878.0,63829.28,63847.48,10.66581
2026-06-08 16:31:00,63847.47,63862.99,63824.83,63833.99,7.45676
2026-06-08 16:32:00,63830.01,63830.01,63782.0,63782.0,8.64239
2026-06-08 16:33:00,63792.0,63810.49,63744.0,63745.01,15.07915
2026-06-08 16:34:00,63745.0,63745.0,63685.81,63689.99,15.44733
2026-06-08 16:35:00,63666.01,63680.0,63648.32,63673.2,19.39021
2026-06-08 16:36:00,63652.89,63700.0,63647.23,63664.53,26.60735
2026-06-08 16:37:00,63661.32,63676.0,63646.0,63662.01,5.39292
2026-06-08 16:38:00,63654.0,63654.0,63590.69,63590.7,15.36629
2026-06-08 16:39:00,63586.76,63697.0,63586.76,63686.0,18.79154
2026-06-08 16:40:00,63684.03,63692.0,63674.01,63691.99,4.53564
2026-06-08 16:41:00,63721.25,63761.3,63706.0,63756.0,7.03312
2026-06-08 16:42:00,63752.0,63752.01,63670.0,63670.01,5.24578
2026-06-08 16:43:00,63682.0,63684.0,63642.0,63648.03,9.67504
2026-06-08 16:44:00,63646.01,63664.0,63633.2,63663.99,7.14149
2026-06-08 16:45:00,63678.0,63692.0,63642.01,63660.0,3.02007
2026-06-08 16:46:00,63660.0,63660.0,63581.11,63590.0,20.20863
2026-06-08 16:47:00,63590.01,63642.66,63590.0,63642.65,7.33784
2026-06-08 16:48:00,63638.0,63654.0,63634.0,63642.68,3.44977
2026-06-08 16:49:00,63642.68,63642.68,63596.0,63606.02,5.07024
2026-06-08 16:50:00,63606.02,63626.0,63596.78,63596.78,9.54739
2026-06-08 16:51:00,63596.78,63605.67,63581.11,63587.99,4.1346
2026-06-08 16:52:00,63587.99,63587.99,63587.99,63587.99,0.00357
2026-06-08 16:53:00,63584.99,63584.99,63584.98,63584.98,0.07882
2026-06-08 16:54:00,63573.99,63574.0,63573.99,63573.99,0.09844
2026-06-08 16:55:00,63550.0,63551.98,63550.0,63551.98,0.05879
2026-06-08 16:56:00,63542.96,63550.0,63542.96,63547.09,8.11995
2026-06-08 16:57:00,63522.0,63528.0,63522.0,63528.0,0.50638
2026-06-08 16:58:00,63500.01,63500.01,63500.0,63500.01,0.04914
2026-06-08 16:59:00,63500.01,63500.01,63472.0,63472.01,26.65698
2026-06-08 17:00:00,63532.01,63575.17,63532.0,63562.08,8.7287
2026-06-08 17:01:00,63458.49,63459.93,63443.47,63443.48,2.41735
2026-06-08 17:02:00,63441.35,63443.41,63424.22,63424.22,2.11661
2026-06-08 17:03:00,63398.01,63406.0,63398.0,63402.01,1.46181
2026-06-08 17:04:00,63322.53,63350.0,63301.77,63348.64,10.66664
2026-06-08 17:05:00,63467.64,63492.0,63467.64,63491.99,2.25703
2026-06-08 17:06:00,63552.01,63552.01,63526.01,63526.01,0.79942
2026-06-08 17:07:00,63574.0,63581.12,63574.0,63579.42,1.49143
2026-06-08 17:08:00,63534.0,63534.0,63502.01,63502.01,7.22992
2026-06-08 17:09:00,63522.01,63522.03,63500.01,63500.01,1.13456
2026-06-08 17:10:00,63470.0,63478.0,63454.01,63454.01,1.64016
2026-06-08 17:11:00,63459.99,63460.0,63418.03,63422.01,4.60585
2026-06-08 17:12:00,63423.99,63434.0,63418.0,63418.01,3.00026
2026-06-08 17:13:00,63448.01,63448.02,63448.0,63448.01,1.2996
2026-06-08 17:14:00,63382.6,63382.6,63356.07,63382.0,7.77579
2026-06-08 17:15:00,63356.05,63397.08,63356.05,63397.08,13.17627
2026-06-08 17:16:00,63397.07,63397.08,63384.01,63384.01,1.59606
2026-06-08 17:17:00,63451.12,63478.0,63444.0,63478.0,3.11781
2026-06-08 17:18:00,63490.0,63490.0,63439.16,63439.17,3.57697
2026-06-08 17:19:00,63424.0,63439.96,63424.0,63436.17,1.23498
2026-06-08 17:20:00,63448.76,63472.0,63448.76,63472.0,0.7046
2026-06-08 17:21:00,63491.14,63534.0,63491.13,63534.0,8.34852
2026-06-08 17:22:00,63528.01,63534.0,63520.0,63520.01,1.6561
2026-06-08 17:23:00,63536.0,63542.0,63516.0,63516.01,2.65126
2026-06-08 17:24:00,63531.64,63531.64,63506.0,63511.99,1.66073
2026-06-08 17:25:00,63535.94,63560.0,63535.94,63560.0,3.878
2026-06-08 17:26:00,63596.04,63602.0,63570.0,63602.0,7.26349
2026-06-08 17:27:00,63596.0,63610.0,63574.0,63588.0,4.89559
2026-06-08 17:28:00,63567.92,63630.74,63567.92,63630.74,7.58963
2026-06-08 17:29:00,63610.0,63646.0,63610.0,63625.99,3.5607
2026-06-08 17:30:00,63625.99,63626.0,63604.01,63604.01,1.297
2026-06-08 17:31:00,63602.83,63602.83,63534.0,63534.01,5.02792
2026-06-08 17:32:00,63476.01,63476.01,63438.0,63438.0,5.34911
2026-06-08 17:33:00,63455.99,63455.99,63410.0,63423.99,4.35595
2026-06-08 17:34:00,63420.01,63425.64,63400.0,63423.99,4.07707
2026-06-08 17:35:00,63441.71,63441.71,63396.0,63398.89,9.84701
2026-06-08 17:36:00,63355.99,63388.68,63349.09,63388.68,4.16347
2026-06-08 17:37:00,63416.0,63418.0,63384.0,63384.0,1.77372
2026-06-08 17:38:00,63406.0,63428.0,63392.0,63408.0,1.86196
2026-06-08 17:39:00,63441.33,63448.0,63414.0,63418.0,2.12426
2026-06-08 17:40:00,63430.0,63430.0,63418.0,63418.0,2.04618
2026-06-08 17:41:00,63393.87,63393.87,63309.99,63309.99,123.49831
2026-06-08 17:42:00,63310.0,63344.0,63295.0,63297.87,76.01586
2026-06-08 17:43:00,63299.99,63361.16,63268.01,63351.04,117.98261
2026-06-08 17:44:00,63362.0,63386.0,63362.0,63385.99,1.87424
2026-06-08 17:45:00,63380.56,63402.0,63380.56,63382.65,4.29448
2026-06-08 17:46:00,63400.0,63437.69,63400.0,63437.69,5.40597
2026-06-08 17:47:00,63446.0,63470.08,63432.0,63438.64,8.03313
2026-06-08 17:48:00,63440.0,63471.93,63440.0,63471.93,3.24559
2026-06-08 17:49:00,63432.0,63468.83,63428.0,63468.0,2.89006
2026-06-08 17:50:00,63469.99,63496.0,63469.99,63473.56,4.69481
2026-06-08 17:51:00,63480.0,63496.0,63474.0,63474.01,2.78741
2026-06-08 17:52:00,63487.99,63495.0,63480.0,63494.99,2.62538
2026-06-08 17:53:00,63499.99,63520.0,63499.99,63520.0,5.29177
2026-06-08 17:54:00,63522.64,63522.65,63502.0,63502.01,4.22243
2026-06-08 17:55:00,63502.0,63502.0,63460.0,63460.0,4.27012
2026-06-08 17:56:00,63464.01,63500.63,63464.0,63496.01,8.87215
2026-06-08 17:57:00,63496.01,63514.84,63496.0,63504.09,5.75589
2026-06-08 17:58:00,63504.09,63532.71,63504.09,63510.01,4.54427
2026-06-08 17:59:00,63506.01,63550.0,63506.0,63550.0,13.36277
2026-06-08 18:00:00,63549.99,63592.0,63549.99,63570.0,5.88891
2026-06-08 18:01:00,63576.88,63626.0,63576.41,63620.89,8.03267
2026-06-08 18:02:00,63629.65,63636.12,63620.0,63620.01,2.72103
2026-06-08 18:03:00,63633.64,63633.64,63600.0,63600.01,8.71356
2026-06-08 18:04:00,63587.29,63594.01,63574.0,63588.71,6.48554
2026-06-08 18:05:00,63588.72,63624.0,63588.71,63614.32,4.94374
2026-06-08 18:06:00,63614.0,63625.64,63600.17,63625.64,4.55083
2026-06-08 18:07:00,63635.43,63635.99,63588.71,63588.72,8.11679
2026-06-08 18:08:00,63588.72,63588.72,63520.0,63549.9,30.66457
2026-06-08 18:09:00,63547.32,63612.01,63547.32,63608.01,4.86564
2026-06-08 18:10:00,63608.01,63629.58,63592.0,63592.01,3.78325
2026-06-08 18:11:00,63592.0,63592.01,63548.0,63548.01,7.73519
2026-06-08 18:12:00,63544.01,63544.01,63517.59,63517.59,6.35513
2026-06-08 18:13:00,63517.6,63620.0,63517.59,63606.11,7.84686
2026-06-08 18:14:00,63606.1,63606.1,63606.1,63606.1,0.00029
2026-06-08 18:15:00,63588.65,63606.0,63588.65,63606.0,0.39658
2026-06-08 18:16:00,63596.01,63596.01,63596.0,63596.01,0.01073
2026-06-08 18:17:00,63552.0,63555.18,63552.0,63555.18,0.09297
2026-06-08 18:18:00,63538.0,63538.01,63536.0,63536.01,0.12952
2026-06-08 18:19:00,63540.01,63540.01,63540.0,63540.0,0.09397
2026-06-08 18:20:00,63566.0,63566.0,63562.77,63562.78,0.13704
2026-06-08 18:21:00,63540.01,63542.0,63540.0,63541.99,0.78346
2026-06-08 18:22:00,63574.0,63605.99,63574.0,63605.98,1.74929
2026-06-08 18:23:00,63582.01,63582.01,63558.0,63558.0,2.0007
2026-06-08 18:24:00,63565.57,63565.57,63552.0,63552.01,0.27063
2026-06-08 18:25:00,63538.79,63564.0,63538.78,63563.99,1.84844
2026-06-08 18:26:00,63576.0,63581.12,63575.99,63581.12,0.65383
2026-06-08 18:27:00,63578.01,63578.01,63563.92,63563.92,4.59611
2026-06-08 18:28:00,63588.0,63607.66,63588.0,63604.96,2.3265
2026-06-08 18:29:00,63642.65,63642.65,63642.64,63642.64,0.07199
2026-06-08 18:30:00,63640.03,63690.0,63640.02,63690.0,2.27219
2026-06-08 18:31:00,63684.0,63684.01,63626.0,63635.98,2.0955
2026-06-08 18:32:00,63567.99,63568.01,63534.0,63534.01,2.04341
2026-06-08 18:33:00,63585.99,63586.0,63585.99,63586.0,0.27993
2026-06-08 18:34:00,63613.09,63613.09,63572.01,63572.01,1.85828
2026-06-08 18:35:00,63528.01,63546.0,63518.9,63518.9,4.41535
2026-06-08 18:36:00,63518.55,63518.55,63512.0,63512.01,1.27977
2026-06-08 18:37:00,63470.89,63500.0,63463.4,63499.99,3.42844
2026-06-08 18:38:00,63452.01,63461.48,63452.0,63461.48,1.20956
2026-06-08 18:39:00,63488.0,63500.0,63487.99,63488.0,1.54721
2026-06-08 18:40:00,63463.99,63463.99,63433.5,63452.0,10.1194
2026-06-08 18:41:00,63473.75,63492.0,63473.75,63488.01,1.85445
2026-06-08 18:42:00,63496.0,63510.0,63496.0,63510.0,0.41326
2026-06-08 18:43:00,63527.47,63535.56,63520.0,63534.72,4.47498
2026-06-08 18:44:00,63524.01,63526.0,63514.35,63514.35,2.16427
2026-06-08 18:45:00,63500.01,63516.0,63500.01,63516.0,2.06358
2026-06-08 18:46:00,63498.0,63498.01,63488.0,63496.57,3.66335
2026-06-08 18:47:00,63440.0,63448.0,63418.0,63418.01,1.75572
2026-06-08 18:48:00,63414.0,63414.0,63376.0,63376.01,3.4844
2026-06-08 18:49:00,63376.01,63376.01,63376.0,63376.01,2.39928
2026-06-08 18:50:00,63379.75,63379.76,63376.25,63376.26,3.07847
2026-06-08 18:51:00,63356.0,63402.33,63356.0,63401.99,5.51288
2026-06-08 18:52:00,63410.01,63453.08,63410.01,63453.08,6.52795
2026-06-08 18:53:00,63453.07,63453.07,63424.0,63424.0,1.86756
2026-06-08 18:54:00,63417.37,63420.81,63417.37,63420.81,1.04115
2026-06-08 18:55:00,63408.0,63422.0,63407.6,63414.01,2.67775
2026-06-08 18:56:00,63419.97,63492.76,63419.97,63492.75,4.03779
2026-06-08 18:57:00,63500.67,63516.0,63492.0,63492.0,3.0894
2026-06-08 18:58:00,63474.0,63481.22,63470.01,63476.01,1.75434
2026-06-08 18:59:00,63456.0,63466.0,63446.78,63466.0,1.52495
2026-06-08 19:00:00,63466.83,63466.83,63438.0,63446.01,2.94479
2026-06-08 19:01:00,63446.0,63468.0,63444.0,63467.99,2.30537
2026-06-08 19:02:00,63483.99,63517.95,63483.99,63517.95,4.34051
2026-06-08 19:03:00,63526.01,63551.05,63526.0,63550.0,3.81538
2026-06-08 19:04:00,63548.7,63548.7,63530.01,63540.01,1.75409
2026-06-08 19:05:00,63522.0,63536.0,63496.0,63496.01,1.55312
2026-06-08 19:06:00,63494.0,63541.07,63493.99,63532.0,5.41864
2026-06-08 19:07:00,63508.17,63532.0,63508.17,63518.45,2.08979
2026-06-08 19:08:00,63506.0,63506.0,63472.0,63480.0,2.39129
2026-06-08 19:09:00,63480.0,63480.0,63445.3,63454.0,3.94475
2026-06-08 19:10:00,63428.01,63428.01,63382.0,63403.89,7.49107
2026-06-08 19:11:00,63397.68,63442.0,63397.68,63441.99,5.59241
2026-06-08 19:12:00,63432.0,63436.0,63429.4,63435.99,4.13713
2026-06-08 19:13:00,63434.0,63488.0,63434.0,63488.0,2.88367
2026-06-08 19:14:00,63497.99,63506.0,63440.0,63440.01,6.39465
2026-06-08 19:15:00,63428.01,63428.01,63368.5,63374.0,5.64782
2026-06-08 19:16:00,63388.98,63431.8,63380.01,63380.01,9.51813
2026-06-08 19:17:00,63392.1,63412.0,63392.1,63410.01,2.86412
2026-06-08 19:18:00,63410.01,63410.65,63368.0,63410.65,10.12018
2026-06-08 19:19:00,63418.68,63470.0,63418.68,63454.01,2.89771
2026-06-08 19:20:00,63464.0,63531.0,63464.0,63518.01,5.31778
2026-06-08 19:21:00,63508.16,63530.0,63508.15,63530.0,2.15109
2026-06-08 19:22:00,63529.99,63568.0,63529.99,63536.0,7.96597
2026-06-08 19:23:00,63524.01,63524.81,63464.01,63464.01,3.85065
2026-06-08 19:24:00,63464.0,63486.0,63448.0,63448.01,5.44366
2026-06-08 19:25:00,63452.0,63498.0,63446.01,63446.01,4.76937
2026-06-08 19:26:00,63444.01,63478.0,63440.0,63478.0,3.74737
2026-06-08 19:27:00,63478.0,63552.63,63478.0,63552.63,5.74403
2026-06-08 19:28:00,63553.99,63553.99,63518.0,63531.01,8.12087
2026-06-08 19:29:00,63531.02,63532.0,63512.0,63526.0,1.29555
2026-06-08 19:30:00,63526.0,63550.0,63508.01,63512.0,6.92471
2026-06-08 19:31:00,63516.0,63548.0,63516.0,63547.77,3.33005
2026-06-08 19:32:00,63547.77,63596.0,63507.99,63508.0,12.012
2026-06-08 19:33:00,63508.0,63518.0,63496.0,63513.23,2.45844
2026-06-08 19:34:00,63513.24,63548.67,63513.23,63545.99,8.89449
2026-06-08 19:35:00,63545.99,63545.99,63545.99,63545.99,0.0
2026-06-08 19:36:00,63531.99,63531.99,63527.69,63527.69,0.16634
2026-06-08 19:37:00,63498.0,63498.01,63498.0,63498.01,0.00256
2026-06-08 19:38:00,63526.01,63526.01,63526.0,63526.0,0.00799
2026-06-08 19:39:00,63509.99,63509.99,63504.01,63504.01,0.41363
2026-06-08 19:40:00,63470.85,63470.85,63464.01,63464.02,0.2585
2026-06-08 19:41:00,63464.0,63468.49,63464.0,63465.3,1.49765
2026-06-08 19:42:00,63476.0,63486.0,63476.0,63486.0,0.29502
2026-06-08 19:43:00,63496.0,63503.21,63496.0,63503.2,0.2063
2026-06-08 19:44:00,63510.0,63510.0,63509.99,63510.0,0.02584
2026-06-08 19:45:00,63488.01,63498.0,63488.0,63498.0,0.71286
2026-06-08 19:46:00,63492.19,63492.2,63468.0,63468.0,3.04342
2026-06-08 19:47:00,63492.62,63500.0,63492.61,63500.0,0.80635
2026-06-08 19:48:00,63522.01,63522.01,63502.0,63502.0,0.98754
2026-06-08 19:49:00,63493.99,63494.0,63484.01,63484.01,0.39514
2026-06-08 19:50:00,63518.02,63556.45,63490.15,63498.77,20.10036
2026-06-08 19:51:00,63521.18,63521.18,63502.01,63502.01,0.52074
2026-06-08 19:52:00,63445.98,63453.81,63445.97,63453.8,1.61658
2026-06-08 19:53:00,63405.99,63418.54,63404.55,63418.53,1.20025
2026-06-08 19:54:00,63425.01,63447.99,63425.0,63447.99,0.98089
2026-06-08 19:55:00,63408.01,63408.01,63386.0,63395.99,4.42266
2026-06-08 19:56:00,63429.62,63429.62,63412.0,63419.99,1.67051
2026-06-08 19:57:00,63411.02,63413.44,63404.0,63413.44,6.26286
2026-06-08 19:58:00,63388.08,63388.09,63388.08,63388.09,0.34304
2026-06-08 19:59:00,63401.79,63408.0,63386.0,63390.0,3.22525
2026-06-08 20:00:00,63372.01,63398.42,63372.01,63388.01,7.05116
2026-06-08 20:01:00,63432.83,63432.83,63404.0,63404.0,1.1869
2026-06-08 20:02:00,63364.0,63373.99,63362.0,63373.99,0.68394
2026-06-08 20:03:00,63379.5,63384.87,63379.5,63384.86,0.35175
2026-06-08 20:04:00,63375.13,63388.0,63375.13,63380.01,0.87036
2026-06-08 20:05:00,63370.0,63383.99,63368.0,63383.99,0.46452
2026-06-08 20:06:00,63406.0,63418.0,63398.0,63418.0,0.58783
2026-06-08 20:07:00,63398.0,63404.0,63377.52,63382.19,2.31772
2026-06-08 20:08:00,63372.01,63372.01,63368.0,63368.0,0.39604
2026-06-08 20:09:00,63370.0,63382.0,63370.0,63382.0,0.19591
2026-06-08 20:10:00,63336.59,63336.59,63308.0,63313.91,7.3966
2026-06-08 20:11:00,63314.16,63330.0,63314.16,63329.99,0.86956
2026-06-08 20:12:00,63360.0,63376.0,63360.0,63372.01,1.09296
2026-06-08 20:13:00,63254.79,63262.83,63210.0,63213.85,8.26988
2026-06-08 20:14:00,63226.94,63252.0,63226.94,63252.0,1.61181
2026-06-08 20:15:00,63250.0,63276.0,63250.0,63276.0,1.18816
2026-06-08 20:16:00,63262.0,63275.99,63262.0,63275.98,0.6748
2026-06-08 20:17:00,63264.0,63264.0,63160.5,63185.93,24.08959
2026-06-08 20:18:00,63178.0,63194.0,63177.99,63193.99,1.25349
2026-06-08 20:19:00,63196.46,63214.21,63196.46,63204.01,19.73503
2026-06-08 20:20:00,63234.12,63235.99,63199.74,63219.99,24.41098
2026-06-08 20:21:00,63222.01,63222.01,63196.85,63214.0,14.68896
2026-06-08 20:22:00,63233.99,63308.0,63233.99,63284.38,34.59953
2026-06-08 20:23:00,63278.32,63302.0,63278.32,63301.99,12.7907
2026-06-08 20:24:00,63300.56,63300.57,63259.7,63263.99,12.07781
2026-06-08 20:25:00,63267.99,63268.0,63261.23,63261.24,11.91578
2026-06-08 20:26:00,63260.8,63262.09,63226.0,63248.99,34.17187
2026-06-08 20:27:00,63260.77,63285.09,63250.35,63251.45,18.72253
2026-06-08 20:28:00,63251.98,63251.98,63197.16,63197.16,18.11258
2026-06-08 20:29:00,63168.0,63184.0,63160.31,63179.99,20.53093
2026-06-08 20:30:00,63170.89,63210.0,63166.98,63181.27,19.27106
2026-06-08 20:31:00,63204.13,63253.96,63204.12,63253.95,20.68229
2026-06-08 20:32:00,63242.78,63260.0,63238.0,63246.27,17.70851
2026-06-08 20:33:00,63240.0,63252.43,63227.17,63252.42,23.16786
2026-06-08 20:34:00,63268.04,63268.04,63232.51,63232.51,16.76019
2026-06-08 20:35:00,63255.99,63295.19,63247.99,63260.55,27.35487
2026-06-08 20:36:00,63274.88,63290.0,63274.88,63290.0,17.14227
2026-06-08 20:37:00,63305.68,63305.69,63289.34,63289.34,1.64618
2026-06-08 20:38:00,63297.09,63316.62,63297.08,63316.62,2.57689
2026-06-08 20:39:00,63316.62,63346.0,63316.61,63346.0,2.55968
2026-06-08 20:40:00,63352.0,63404.86,63352.0,63400.01,7.40654
2026-06-08 20:41:00,63404.77,63411.98,63372.0,63402.3,28.35732
2026-06-08 20:42:00,63405.99,63406.0,63382.57,63382.57,1.08124
2026-06-08 20:43:00,63387.99,63388.0,63348.0,63356.01,4.66335
2026-06-08 20:44:00,63356.01,63390.46,63356.0,63390.45,1.64499
2026-06-08 20:45:00,63388.0,63416.0,63388.0,63404.01,14.24141
2026-06-08 20:46:00,63404.0,63404.01,63392.0,63392.0,2.59699
2026-06-08 20:47:00,63390.02,63394.0,63368.11,63368.11,1.78401
2026-06-08 20:48:00,63368.12,63401.43,63368.11,63401.43,3.42625
2026-06-08 20:49:00,63401.43,63421.37,63401.42,63419.99,2.94957
2026-06-08 20:50:00,63419.99,63420.0,63400.0,63400.01,1.82163
2026-06-08 20:51:00,63397.18,63408.0,63397.18,63408.0,0.4772
2026-06-08 20:52:00,63408.0,63414.01,63396.57,63399.85,2.13068
2026-06-08 20:53:00,63396.57,63421.25,63394.0,63418.01,1.25493
2026-06-08 20:54:00,63414.01,63428.0,63414.0,63417.98,7.54221
2026-06-08 20:55:00,63417.98,63434.78,63414.0,63434.77,3.33812
2026-06-08 20:56:00,63434.77,63458.42,63428.2,63456.81,24.07767
2026-06-08 20:57:00,63456.82,63458.28,63450.0,63450.01,2.59475
2026-06-08 20:58:00,63450.0,63458.28,63436.0,63457.21,4.027
2026-06-08 20:59:00,63457.21,63457.21,63457.21,63457.21,0.0
2026-06-08 21:00:00,63485.49,63496.0,63485.49,63491.99,0.39458
2026-06-08 21:01:00,63510.01,63510.01,63495.73,63495.73,0.72801
2026-06-08 21:02:00,63511.0,63524.47,63511.0,63524.47,0.88127
2026-06-08 21:03:00,63567.11,63567.12,63567.11,63567.12,0.03082
2026-06-08 21:04:00,63593.99,63602.0,63593.99,63599.95,1.70529
2026-06-08 21:05:00,63610.02,63618.0,63610.01,63618.0,0.30713
2026-06-08 21:06:00,63602.85,63602.85,63586.59,63588.18,0.34569
2026-06-08 21:07:00,63590.0,63590.0,63589.99,63589.99,0.05246
2026-06-08 21:08:00,63722.12,63722.12,63710.0,63710.0,0.76527
2026-06-08 21:09:00,63704.02,63707.99,63704.02,63706.69,0.66718
2026-06-08 21:10:00,63782.0,63782.0,63764.0,63765.43,1.6566
2026-06-08 21:11:00,63718.98,63718.99,63715.46,63718.97,1.28245
2026-06-08 21:12:00,63718.98,63718.99,63710.0,63710.0,1.08797
2026-06-08 21:13:00,63752.0,63759.99,63752.0,63759.99,0.21312
2026-06-08 21:14:00,63730.01,63730.01,63724.01,63724.01,0.18861
2026-06-08 21:15:00,63730.83,63730.84,63718.77,63730.84,3.44422
2026-06-08 21:16:00,63714.0,63742.0,63714.0,63741.99,1.45665
2026-06-08 21:17:00,63739.99,63750.01,63738.08,63744.0,5.91607
2026-06-08 21:18:00,63669.95,63675.99,63669.41,63669.42,1.3789
2026-06-08 21:19:00,63622.62,63622.62,63622.61,63622.61,0.55077
2026-06-08 21:20:00,63656.0,63685.74,63656.0,63685.73,2.86718
2026-06-08 21:21:00,63729.63,63732.92,63700.01,63706.59,4.72243
2026-06-08 21:22:00,63710.0,63710.0,63666.01,63666.01,2.83979
2026-06-08 21:23:00,63676.81,63686.0,63670.0,63670.0,1.73026
2026-06-08 21:24:00,63688.24,63700.0,63688.24,63700.0,1.028
2026-06-08 21:25:00,63705.99,63706.0,63698.01,63706.0,1.25138
2026-06-08 21:26:00,63695.99,63732.84,63695.99,63732.81,3.5874
2026-06-08 21:27:00,63753.91,63753.91,63730.0,63730.0,1.0558
2026-06-08 21:28:00,63709.99,63709.99,63700.0,63701.99,0.30752
2026-06-08 21:29:00,63701.47,63714.0,63701.47,63714.0,0.5504
2026-06-08 21:30:00,63714.76,63722.5,63714.0,63714.0,1.88658
2026-06-08 21:31:00,63672.0,63672.0,63633.46,63634.0,6.3584
2026-06-08 21:32:00,63640.0,63655.99,63639.99,63655.72,3.90971
2026-06-08 21:33:00,63676.0,63676.01,63675.76,63676.01,0.54479
2026-06-08 21:34:00,63697.47,63697.48,63674.0,63674.01,2.33882
2026-06-08 21:35:00,63680.02,63746.0,63680.01,63728.01,3.99418
2026-06-08 21:36:00,63730.0,63732.01,63729.99,63732.0,1.11144
2026-06-08 21:37:00,63742.0,63772.0,63739.99,63771.99,5.34059
2026-06-08 21:38:00,63771.99,63785.22,63766.0,63766.0,5.36979
2026-06-08 21:39:00,63743.09,63743.1,63726.08,63733.99,1.69227
2026-06-08 21:40:00,63743.08,63767.59,63730.05,63767.59,3.49455
2026-06-08 21:41:00,63784.0,63789.96,63778.0,63778.01,2.394
2026-06-08 21:42:00,63776.01,63784.0,63776.0,63784.0,0.71494
2026-06-08 21:43:00,63805.99,63808.2,63803.71,63803.71,1.50741
2026-06-08 21:44:00,63816.01,63832.0,63812.29,63832.0,5.85837
2026-06-08 21:45:00,63838.0,63838.0,63831.64,63831.65,2.38298
2026-06-08 21:46:00,63802.23,63802.23,63789.99,63795.99,0.65769
2026-06-08 21:47:00,63790.53,63790.53,63754.0,63773.99,1.27871
2026-06-08 21:48:00,63764.83,63777.99,63764.82,63777.98,1.60277
2026-06-08 21:49:00,63777.99,63782.0,63770.0,63782.0,8.96391
2026-06-08 21:50:00,63782.0,63788.0,63772.0,63787.99,7.99212
2026-06-08 21:51:00,63786.8,63788.46,63786.79,63788.46,0.13891
2026-06-08 21:52:00,63770.01,63770.01,63752.0,63759.99,7.45473
2026-06-08 21:53:00,63754.0,63754.01,63754.0,63754.01,2.20077
2026-06-08 21:54:00,63750.0,63750.0,63730.06,63740.64,12.7295
2026-06-08 21:55:00,63748.0,63758.0,63745.73,63758.0,5.13475
2026-06-08 21:56:00,63758.0,63758.0,63730.6,63741.99,7.03418
2026-06-08 21:57:00,63742.0,63766.0,63741.99,63766.0,3.9163
2026-06-08 21:58:00,63772.01,63792.83,63772.01,63792.83,2.80031
2026-06-08 21:59:00,63799.84,63799.84,63734.68,63734.69,28.39151
2026-06-08 22:00:00,63728.96,63728.96,63588.0,63614.58,17.30717
2026-06-08 22:01:00,63594.0,63594.0,63522.94,63553.48,21.48739
2026-06-08 22:02:00,63553.47,63591.99,63551.49,63573.97,8.67819
2026-06-08 22:03:00,63551.49,63563.5,63522.4,63551.59,14.09872
2026-06-08 22:04:00,63546.12,63557.5,63518.0,63553.7,9.13842
2026-06-08 22:05:00,63553.69,63581.12,63540.0,63540.0,6.74171
2026-06-08 22:06:00,63534.0,63545.85,63500.0,63507.4,9.8246
2026-06-08 22:07:00,63503.99,63524.0,63480.0,63524.0,9.23497
2026-06-08 22:08:00,63491.66,63494.0,63466.66,63494.0,3.84144
2026-06-08 22:09:00,63494.0,63494.0,63450.0,63450.0,11.39112
2026-06-08 22:10:00,63446.0,63460.86,63418.0,63437.4,7.36768
2026-06-08 22:11:00,63437.39,63476.04,63424.49,63426.0,51.67975
2026-06-08 22:12:00,63426.01,63454.0,63390.95,63390.95,8.86509
2026-06-08 22:13:00,63390.95,63390.96,63332.0,63332.0,12.30129
2026-06-08 22:14:00,63323.01,63332.0,63294.0,63294.01,14.10089
2026-06-08 22:15:00,63294.01,63322.0,63270.0,63270.01,11.90138
2026-06-08 22:16:00,63270.01,63270.01,63270.01,63270.01,0.0
2026-06-08 22:17:00,63336.05,63336.05,63336.04,63336.04,0.00658
2026-06-08 22:18:00,63294.0,63296.01,63292.0,63296.01,0.30403
2026-06-08 22:19:00,63225.99,63225.99,63220.0,63220.01,0.74022
2026-06-08 22:20:00,63261.99,63262.0,63261.99,63261.99,0.16308
2026-06-08 22:21:00,63310.36,63310.37,63306.0,63306.0,0.73643
2026-06-08 22:22:00,63368.0,63378.0,63368.0,63378.0,0.86193
2026-06-08 22:23:00,63411.76,63411.76,63404.59,63404.59,0.8713
2026-06-08 22:24:00,63402.0,63402.0,63368.0,63368.0,3.57019
2026-06-08 22:25:00,63346.04,63349.35,63346.04,63349.35,0.06318
2026-06-08 22:26:00,63314.0,63314.01,63290.46,63290.46,0.83337
2026-06-08 22:27:00,63327.99,63328.0,63327.99,63327.99,0.09227
2026-06-08 22:28:00,63327.16,63327.17,63327.16,63327.16,0.08582
2026-06-08 22:29:00,63354.01,63372.0,63354.01,63372.0,0.42854
2026-06-08 22:30:00,63364.83,63377.53,63364.83,63377.53,0.31866
2026-06-08 22:31:00,63369.61,63369.61,63346.0,63346.01,3.44252
2026-06-08 22:32:00,63323.99,63350.0,63323.99,63350.0,0.65182
2026-06-08 22:33:00,63376.23,63376.23,63335.2,63335.21,3.61326
2026-06-08 22:34:00,63248.01,63286.0,63248.01,63286.0,31.6388
2026-06-08 22:35:00,63305.99,63306.0,63300.0,63300.01,0.24891
2026-06-08 22:36:00,63346.01,63360.0,63346.0,63359.99,1.20596
2026-06-08 22:37:00,63350.0,63350.0,63322.66,63327.34,3.40986
2026-06-08 22:38:00,63351.16,63358.82,63351.16,63355.8,0.29473
2026-06-08 22:39:00,63346.44,63346.44,63318.43,63318.44,1.92544
2026-06-08 22:40:00,63320.0,63330.0,63320.0,63330.0,1.19986
2026-06-08 22:41:00,63319.99,63319.99,63306.0,63312.0,0.69754
2026-06-08 22:42:00,63306.48,63309.99,63306.48,63308.54,1.83113
2026-06-08 22:43:00,63290.0,63290.92,63290.0,63290.01,1.13863
2026-06-08 22:44:00,63280.25,63304.0,63280.24,63304.0,0.45175
2026-06-08 22:45:00,63306.01,63314.0,63306.0,63314.0,0.59141
2026-06-08 22:46:00,63286.01,63312.0,63286.01,63304.01,3.56409
2026-06-08 22:47:00,63275.22,63283.74,63275.22,63283.5,13.00621
2026-06-08 22:48:00,63257.29,63257.29,63236.22,63239.99,2.25774
2026-06-08 22:49:00,63276.0,63294.0,63275.99,63294.0,0.55131
2026-06-08 22:50:00,63335.91,63335.92,63329.26,63329.99,0.53643
2026-06-08 22:51:00,63338.0,63338.0,63321.72,63323.84,1.55721
2026-06-08 22:52:00,63325.99,63325.99,63325.98,63325.99,0.28349
2026-06-08 22:53:00,63341.84,63341.84,63339.32,63339.33,1.77116
2026-06-08 22:54:00,63332.0,63332.0,63326.0,63329.17,1.99405
2026-06-08 22:55:00,63330.76,63336.0,63330.75,63335.99,0.24853
2026-06-08 22:56:00,63344.04,63380.28,63344.03,63380.28,3.96194
2026-06-08 22:57:00,63368.01,63368.01,63336.0,63336.0,1.9333
2026-06-08 22:58:00,63389.99,63405.1,63389.99,63405.1,1.1756
2026-06-08 22:59:00,63439.61,63456.0,63439.61,63440.01,2.83445
2026-06-08 23:00:00,63440.0,63440.01,63412.47,63412.47,2.15277
2026-06-08 23:01:00,63437.99,63444.0,63437.99,63444.0,1.48683
2026-06-08 23:02:00,63480.55,63514.0,63468.0,63468.01,4.33245
2026-06-08 23:03:00,63423.37,63423.37,63406.0,63414.01,1.39644
2026-06-08 23:04:00,63421.99,63457.24,63421.99,63457.24,2.37673
2026-06-08 23:05:00,63430.01,63466.0,63430.0,63458.0,1.82538
2026-06-08 23:06:00,63408.01,63432.0,63408.01,63431.99,1.1466
2026-06-08 23:07:00,63465.53,63475.71,63454.0,63475.71,2.24305
2026-06-08 23:08:00,63470.0,63520.0,63470.0,63520.0,2.58293
2026-06-08 23:09:00,63544.56,63581.12,63542.0,63571.19,5.33529
2026-06-08 23:10:00,63560.01,63560.01,63482.0,63497.63,5.50009
2026-06-08 23:11:00,63492.38,63501.1,63478.0,63484.0,1.7095
2026-06-08 23:12:00,63494.0,63534.0,63493.99,63533.99,1.68136
2026-06-08 23:13:00,63568.0,63568.0,63544.0,63544.01,0.96164
2026-06-08 23:14:00,63555.99,63586.82,63555.99,63586.82,1.45343
2026-06-08 23:15:00,63587.81,63594.0,63514.0,63514.0,4.2792
2026-06-08 23:16:00,63504.03,63516.0,63404.0,63404.0,9.04716
2026-06-08 23:17:00,63386.0,63386.0,63333.46,63333.46,4.87286
2026-06-08 23:18:00,63298.5,63301.0,63260.01,63262.0,10.37875
2026-06-08 23:19:00,63243.39,63243.39,63088.0,63114.98,33.97083
2026-06-08 23:20:00,63146.0,63176.27,63110.0,63157.76,6.38436
2026-06-08 23:21:00,63144.0,63144.01,63078.0,63128.91,15.24131
2026-06-08 23:22:00,63175.67,63218.0,63175.66,63212.0,9.72363
2026-06-08 23:23:00,63212.0,63223.99,63175.0,63175.19,3.80661
2026-06-08 23:24:00,63181.99,63214.0,63148.0,63199.99,4.60347
2026-06-08 23:25:00,63199.99,63210.83,63098.0,63108.0,10.66931
2026-06-08 23:26:00,63124.0,63146.94,63090.3,63126.0,7.39957
2026-06-08 23:27:00,63126.0,63132.02,63118.0,63130.0,6.85372
2026-06-08 23:28:00,63129.99,63174.0,63129.99,63174.0,2.4012
2026-06-08 23:29:00,63173.99,63173.99,63154.0,63154.01,2.05278
2026-06-08 23:30:00,63152.01,63160.64,63132.0,63144.0,4.45547
2026-06-08 23:31:00,63136.0,63136.01,63066.01,63068.01,4.46231
2026-06-08 23:32:00,63068.0,63102.0,63013.5,63072.0,21.60435
2026-06-08 23:33:00,63092.0,63106.0,63044.01,63044.01,6.81625
2026-06-08 23:34:00,63040.01,63080.92,63040.0,63080.91,3.30116
2026-06-08 23:35:00,63081.99,63110.0,63078.0,63084.0,3.19495
2026-06-08 23:36:00,63084.01,63142.0,63084.0,63142.0,3.36652
2026-06-08 23:37:00,63141.99,63187.92,63141.99,63183.27,29.70187
2026-06-08 23:38:00,63183.27,63183.27,63183.27,63183.27,0.0
2026-06-08 23:39:00,63160.0,63160.0,63160.0,63160.0,0.0
2026-06-08 23:40:00,63110.79,63110.79,63106.0,63106.0,1.13083
2026-06-08 23:41:00,63142.0,63146.0,63142.0,63146.0,0.07759
2026-06-08 23:42:00,63180.63,63186.0,63180.63,63185.37,0.21203
2026-06-08 23:43:00,63172.01,63172.01,63163.6,63163.6,0.51169
2026-06-08 23:44:00,63154.01,63154.01,63148.0,63148.01,0.10736
2026-06-08 23:45:00,63134.0,63134.0,63098.0,63098.0,0.85654
2026-06-08 23:46:00,63023.51,63032.0,63023.51,63031.52,1.22769
2026-06-08 23:47:00,63048.4,63050.01,63033.04,63050.01,0.85232
2026-06-08 23:48:00,63024.8,63037.0,63024.8,63026.01,0.28676
2026-06-08 23:49:00,63020.0,63021.99,62990.0,62990.0,75.453
2026-06-08 23:50:00,63016.01,63050.0,63016.01,63050.0,1.29565
2026-06-08 23:51:00,63048.0,63058.0,63029.73,63057.99,1.86334
2026-06-08 23:52:00,63070.57,63074.0,63070.57,63074.0,0.16609
2026-06-08 23:53:00,63038.01,63072.0,63038.01,63052.01,2.04462
2026-06-08 23:54:00,63045.97,63045.97,63018.0,63018.01,3.86714
2026-06-08 23:55:00,63026.0,63036.0,63026.0,63035.99,0.6833
2026-06-08 23:56:00,63076.97,63076.98,63071.24,63071.24,0.7023
2026-06-08 23:57:00,63078.0,63082.0,63077.99,63082.0,1.70326
2026-06-08 23:58:00,63111.49,63122.76,63102.01,63102.03,2.79173
2026-06-08 23:59:00,63114.0,63114.0,63094.0,63094.01,3.90425
2026-06-09 00:00:00,63086.0,63104.0,63074.0,63081.98,3.41218
2026-06-09 00:01:00,63080.0,63080.0,63062.0,63074.01,0.95276
2026-06-09 00:02:00,63090.31,63127.68,63090.31,63109.2,3.91178
2026-06-09 00:03:00,63148.37,63148.38,63119.81,63119.99,2.74647
2026-06-09 00:04:00,63086.01,63099.49,63044.01,63044.01,2.75377
2026-06-09 00:05:00,63032.0,63076.0,63031.99,63064.01,2.70514
2026-06-09 00:06:00,63055.09,63094.0,63055.08,63080.0,1.74953
2026-06-09 00:07:00,63061.15,63092.0,63051.99,63052.0,2.60595
2026-06-09 00:08:00,63034.01,63118.79,63034.01,63118.79,5.39105
2026-06-09 00:09:00,63088.69,63088.69,63020.0,63045.99,4.57635
2026-06-09 00:10:00,63031.47,63066.0,63022.0,63066.0,1.84638
2026-06-09 00:11:00,63070.02,63070.02,63030.0,63055.99,2.75965
2026-06-09 00:12:00,63040.0,63067.88,63040.0,63064.0,1.68828
2026-06-09 00:13:00,63046.45,63055.69,63046.2,63046.2,0.67191
2026-06-09 00:14:00,63027.99,63028.0,63006.0,63006.0,1.83533
2026-06-09 00:15:00,63004.71,63022.0,63000.0,63010.0,9.30708
2026-06-09 00:16:00,62992.21,63130.25,62988.0,63130.25,14.98288
2026-06-09 00:17:00,63183.99,63184.0,63084.55,63090.88,6.7431
2026-06-09 00:18:00,63102.08,63134.0,63084.01,63084.01,4.95028
2026-06-09 00:19:00,63045.19,63054.0,63012.0,63012.0,3.95524
2026-06-09 00:20:00,63004.01,63058.82,63004.01,63046.21,7.55862
2026-06-09 00:21:00,63041.99,63048.0,62988.0,62990.01,11.0837
2026-06-09 00:22:00,62913.99,62984.0,62913.99,62984.0,15.07994
2026-06-09 00:23:00,63022.0,63025.99,62882.7,62934.0,32.25738
2026-06-09 00:24:00,62966.65,62966.65,62904.16,62917.99,27.48677
2026-06-09 00:25:00,62890.01,62942.0,62849.53,62856.16,39.49214
2026-06-09 00:26:00,62856.16,62918.0,62852.0,62914.01,14.53205
2026-06-09 00:27:00,62962.0,62962.0,62830.42,62870.69,80.57469
2026-06-09 00:28:00,62853.99,62859.53,62806.0,62822.67,22.94563
2026-06-09 00:29:00,62761.3,62764.0,62693.3,62743.69,65.7265
2026-06-09 00:30:00,62728.0,62775.3,62692.0,62718.0,28.44027
2026-06-09 00:31:00,62713.99,62718.0,62569.23,62614.0,55.92016
2026-06-09 00:32:00,62561.23,62670.0,62561.23,62637.42,9.55494
2026-06-09 00:33:00,62597.41,62636.0,62594.12,62626.14,11.50168
2026-06-09 00:34:00,62629.24,62756.0,62629.24,62751.99,11.81744
2026-06-09 00:35:00,62736.0,62739.99,62660.16,62660.16,9.45113
2026-06-09 00:36:00,62669.98,62713.57,62588.0,62625.99,27.8943
2026-06-09 00:37:00,62615.27,62655.99,62598.34,62655.99,17.62254
2026-06-09 00:38:00,62660.0,62660.0,62592.27,62597.49,7.99947
2026-06-09 00:39:00,62581.99,62641.99,62576.0,62632.01,9.58249
2026-06-09 00:40:00,62607.87,62658.34,62607.87,62658.33,3.42082
2026-06-09 00:41:00,62655.9,62683.86,62643.11,62675.23,20.53746
2026-06-09 00:42:00,62689.82,62751.21,62684.02,62692.0,19.81154
2026-06-09 00:43:00,62660.01,62664.03,62656.0,62664.03,3.49724
2026-06-09 00:44:00,62668.04,62735.99,62668.03,62735.98,19.3849
2026-06-09 00:45:00,62714.01,62714.01,62599.99,62600.0,21.7139
2026-06-09 00:46:00,62593.73,62600.0,62514.28,62571.58,41.93001
2026-06-09 00:47:00,62570.25,62590.05,62534.0,62543.12,9.85557
2026-06-09 00:48:00,62504.01,62512.92,62468.0,62491.99,31.90708
2026-06-09 00:49:00,62499.99,62516.99,62423.07,62440.0,37.89641
2026-06-09 00:50:00,62451.53,62454.0,62423.19,62428.0,24.253
2026-06-09 00:51:00,62428.01,62543.99,62428.01,62543.99,41.7868
2026-06-09 00:52:00,62516.65,62525.99,62442.01,62507.27,21.25372
2026-06-09 00:53:00,62507.27,62570.0,62504.13,62569.99,17.47909
2026-06-09 00:54:00,62569.57,62570.0,62530.71,62538.01,12.97519
2026-06-09 00:55:00,62538.02,62601.01,62538.02,62589.02,20.88587
2026-06-09 00:56:00,62582.98,62624.9,62582.98,62586.0,50.2447
2026-06-09 00:57:00,62578.13,62578.13,62517.01,62535.83,7.64126
2026-06-09 00:58:00,62562.17,62573.08,62482.0,62573.07,35.96138
2026-06-09 00:59:00,62573.07,62573.43,62526.95,62562.0,22.96361
2026-06-09 01:00:00,62562.0,62562.0,62557.99,62557.99,0.07601
2026-06-09 01:01:00,62644.36,62655.99,62644.36,62655.99,0.99748
2026-06-09 01:02:00,62683.56,62683.56,62671.95,62671.95,0.50269
2026-06-09 01:03:00,62683.99,62694.0,62683.99,62694.0,1.43945
2026-06-09 01:04:00,62668.01,62674.0,62666.0,62674.0,0.74693
2026-06-09 01:05:00,62642.5,62642.5,62627.01,62639.56,1.09925
2026-06-09 01:06:00,62671.47,62700.0,62668.0,62699.99,3.75971
2026-06-09 01:07:00,62620.0,62632.54,62620.0,62632.53,2.03606
2026-06-09 01:08:00,62587.45,62591.86,62568.01,62582.19,10.07633
2026-06-09 01:09:00,62585.22,62633.95,62585.22,62633.95,1.70879
2026-06-09 01:10:00,62642.0,62656.0,62642.0,62656.0,0.31156
2026-06-09 01:11:00,62650.88,62674.0,62650.69,62674.0,1.01939
2026-06-09 01:12:00,62654.01,62664.0,62648.0,62648.01,1.17025
2026-06-09 01:13:00,62684.77,62687.28,62677.86,62687.28,1.12771
2026-06-09 01:14:00,62694.0,62694.0,62693.99,62693.99,1.35293
2026-06-09 01:15:00,62666.0,62666.0,62622.0,62646.44,6.81106
2026-06-09 01:16:00,62682.42,62706.0,62682.42,62706.0,0.8315
2026-06-09 01:17:00,62705.99,62706.0,62694.0,62694.0,0.49573
2026-06-09 01:18:00,62719.79,62723.43,62712.0,62720.53,0.48672
2026-06-09 01:19:00,62720.62,62725.46,62718.05,62718.05,0.48329
2026-06-09 01:20:00,62672.0,62689.29,62660.01,62689.29,1.57516
2026-06-09 01:21:00,62723.43,62730.0,62717.99,62727.99,1.00497
2026-06-09 01:22:00,62727.15,62766.13,62722.0,62766.13,5.59525
2026-06-09 01:23:00,62832.01,62838.0,62824.0,62838.0,0.497
2026-06-09 01:24:00,62777.99,62813.71,62777.99,62813.71,1.56167
2026-06-09 01:25:00,62789.92,62796.0,62784.0,62796.0,1.05754
2026-06-09 01:26:00,62759.85,62801.19,62759.85,62785.56,4.93903
2026-06-09 01:27:00,62789.99,62817.99,62789.99,62817.99,1.23767
2026-06-09 01:28:00,62842.74,62847.99,62832.0,62847.99,2.08685
2026-06-09 01:29:00,62832.01,62840.0,62826.0,62826.01,2.39752
2026-06-09 01:30:00,62778.0,62797.64,62762.24,62788.35,79.49288
2026-06-09 01:31:00,62815.79,62815.79,62779.64,62779.65,5.1366
2026-06-09 01:32:00,62797.99,62830.0,62797.99,62819.11,2.24019
2026-06-09 01:33:00,62792.0,62800.01,62783.32,62794.01,3.68509
2026-06-09 01:34:00,62807.19,62856.0,62807.19,62854.91,4.3168
2026-06-09 01:35:00,62864.89,62879.1,62804.01,62806.29,6.98723
2026-06-09 01:36:00,62794.43,62808.0,62794.0,62808.0,1.58343
2026-06-09 01:37:00,62818.0,62849.44,62780.0,62780.01,9.74921
2026-06-09 01:38:00,62748.0,62760.01,62722.01,62722.01,3.1136
2026-06-09 01:39:00,62712.01,62747.99,62712.01,62747.99,3.88831
2026-06-09 01:40:00,62780.0,62814.0,62775.29,62775.3,4.12476
2026-06-09 01:41:00,62772.16,62774.0,62762.0,62762.0,1.02446
2026-06-09 01:42:00,62779.99,62798.0,62777.99,62789.99,1.3002
2026-06-09 01:43:00,62743.95,62743.95,62670.21,62685.0,5.23781
2026-06-09 01:44:00,62672.01,62710.0,62672.0,62710.0,2.3132
2026-06-09 01:45:00,62710.0,62770.39,62710.0,62740.01,3.90531
2026-06-09 01:46:00,62732.01,62751.92,62728.0,62751.91,1.76484
2026-06-09 01:47:00,62771.99,62792.0,62765.98,62792.0,1.01134
2026-06-09 01:48:00,62794.0,62855.28,62794.0,62840.67,5.60441
2026-06-09 01:49:00,62814.0,62814.0,62770.79,62780.01,4.57529
2026-06-09 01:50:00,62762.01,62780.21,62752.0,62776.01,2.8789
2026-06-09 01:51:00,62748.01,62748.01,62708.0,62723.99,4.44415
2026-06-09 01:52:00,62733.61,62790.0,62733.6,62782.73,9.63973
2026-06-09 01:53:00,62782.73,62798.0,62778.01,62786.01,4.05775
2026-06-09 01:54:00,62786.01,62786.01,62761.34,62778.0,3.88704
2026-06-09 01:55:00,62789.99,62790.0,62768.0,62768.0,9.45298
2026-06-09 01:56:00,62760.0,62781.74,62758.01,62781.74,2.40805
2026-06-09 01:57:00,62782.0,62802.0,62782.0,62794.01,4.75622
2026-06-09 01:58:00,62789.96,62789.96,62782.01,62782.01,4.13984
2026-06-09 01:59:00,62782.01,62804.0,62771.33,62771.33,32.51461
2026-06-09 02:00:00,62764.0,62787.91,62763.99,62780.51,34.6985
2026-06-09 02:01:00,62780.5,62810.29,62778.07,62802.29,2.4126
2026-06-09 02:02:00,62802.28,62856.9,62802.28,62824.0,12.32447
2026-06-09 02:03:00,62824.01,62870.07,62824.01,62868.43,4.5337
2026-06-09 02:04:00,62864.01,62864.01,62819.66,62819.66,6.184
2026-06-09 02:05:00,62819.66,62820.68,62737.13,62766.57,11.4445
2026-06-09 02:06:00,62766.56,62766.57,62766.56,62766.57,0.00034
2026-06-09 02:07:00,62758.01,62758.01,62758.0,62758.0,0.14996
2026-06-09 02:08:00,62814.69,62825.88,62814.69,62825.04,3.38346
2026-06-09 02:09:00,62818.01,62818.01,62808.01,62808.01,0.12577
2026-06-09 02:10:00,62822.61,62835.99,62822.61,62835.99,0.3023
2026-06-09 02:11:00,62789.94,62789.94,62784.0,62784.0,0.12927
2026-06-09 02:12:00,62790.0,62790.0,62784.57,62784.57,0.2062
2026-06-09 02:13:00,62762.01,62764.52,62762.0,62764.52,3.50882
2026-06-09 02:14:00,62754.59,62756.89,62750.01,62754.76,1.49641
2026-06-09 02:15:00,62744.62,62744.63,62730.0,62730.01,2.31517
2026-06-09 02:16:00,62654.31,62654.32,62640.0,62640.0,2.22127
2026-06-09 02:17:00,62642.0,62688.0,62642.0,62688.0,2.44585
2026-06-09 02:18:00,62690.17,62690.18,62690.17,62690.17,0.11521
2026-06-09 02:19:00,62621.87,62621.87,62589.64,62602.0,1.69363
2026-06-09 02:20:00,62596.48,62604.0,62594.0,62595.72,1.46805
2026-06-09 02:21:00,62583.55,62589.66,62583.55,62589.65,0.31842
2026-06-09 02:22:00,62651.66,62661.39,62642.0,62642.0,1.47549
2026-06-09 02:23:00,62637.99,62642.0,62633.41,62636.59,0.58774
2026-06-09 02:24:00,62690.01,62700.0,62690.01,62696.53,0.91761
2026-06-09 02:25:00,62708.0,62722.0,62702.0,62722.0,0.4629
2026-06-09 02:26:00,62726.0,62726.0,62672.0,62672.0,2.01129
2026-06-09 02:27:00,62662.49,62696.0,62662.49,62696.0,0.90654
2026-06-09 02:28:00,62705.49,62728.0,62705.49,62723.74,1.41146
2026-06-09 02:29:00,62760.0,62765.01,62753.18,62765.01,1.62343
2026-06-09 02:30:00,62776.0,62830.0,62774.01,62810.01,8.87904
2026-06-09 02:31:00,62772.0,62778.0,62766.0,62774.01,1.07437
2026-06-09 02:32:00,62748.84,62772.31,62748.84,62760.3,4.71483
2026-06-09 02:33:00,62768.01,62791.4,62764.87,62764.87,1.74018
2026-06-09 02:34:00,62780.0,62780.0,62772.0,62772.01,0.42747
2026-06-09 02:35:00,62746.01,62746.01,62690.49,62690.49,1.75265
2026-06-09 02:36:00,62637.68,62658.0,62637.67,62650.01,3.03353
2026-06-09 02:37:00,62590.01,62626.0,62590.01,62625.99,1.45382
2026-06-09 02:38:00,62612.0,62615.99,62588.0,62591.26,1.43832
2026-06-09 02:39:00,62562.31,62583.87,62554.0,62578.0,2.49227
2026-06-09 02:40:00,62608.0,62651.93,62608.0,62642.0,7.32456
2026-06-09 02:41:00,62630.0,62644.0,62618.0,62643.99,2.38755
2026-06-09 02:42:00,62654.0,62668.0,62654.0,62668.0,2.5764
2026-06-09 02:43:00,62628.0,62630.0,62611.12,62630.0,0.78685
2026-06-09 02:44:00,62620.0,62639.96,62620.0,62620.01,3.92021
2026-06-09 02:45:00,62654.38,62743.23,62654.38,62736.0,3.34437
2026-06-09 02:46:00,62718.01,62725.99,62715.58,62725.99,1.03477
2026-06-09 02:47:00,62738.14,62770.0,62738.14,62748.01,4.67738
2026-06-09 02:48:00,62734.0,62734.0,62702.0,62725.99,2.09784
2026-06-09 02:49:00,62750.15,62762.0,62740.0,62743.99,2.44039
2026-06-09 02:50:00,62730.0,62730.0,62700.01,62712.0,2.32562
2026-06-09 02:51:00,62686.0,62686.0,62656.0,62665.41,1.38215
2026-06-09 02:52:00,62670.0,62681.36,62662.0,62676.0,1.11338
2026-06-09 02:53:00,62683.99,62728.0,62683.99,62727.99,1.71623
2026-06-09 02:54:00,62721.99,62792.5,62721.99,62792.5,3.24814
2026-06-09 02:55:00,62797.32,62818.0,62793.46,62818.0,2.91875
2026-06-09 02:56:00,62816.6,62820.0,62812.0,62820.0,3.7
2026-06-09 02:57:00,62819.99,62840.0,62814.84,62836.85,2.73531
2026-06-09 02:58:00,62845.29,62848.0,62839.03,62842.38,7.15888
2026-06-09 02:59:00,62842.38,62874.0,62842.37,62864.01,1.97205
2026-06-09 03:00:00,62867.99,62912.59,62867.99,62892.0,8.27738
2026-06-09 03:01:00,62905.99,62933.89,62859.17,62862.48,11.44917
2026-06-09 03:02:00,62865.99,62866.11,62840.01,62844.0,4.17342
2026-06-09 03:03:00,62847.11,62847.12,62814.0,62825.99,4.1763
2026-06-09 03:04:00,62827.42,62834.0,62816.0,62816.01,0.99854
2026-06-09 03:05:00,62880.0,62880.0,62830.0,62850.48,9.57736
2026-06-09 03:06:00,62863.72,62887.33,62840.0,62887.33,2.89417
2026-06-09 03:07:00,62890.0,62900.0,62867.71,62877.99,32.51975
2026-06-09 03:08:00,62875.58,62875.58,62844.0,62849.68,1.37528
2026-06-09 03:09:00,62842.61,62842.61,62830.0,62837.95,2.94731
2026-06-09 03:10:00,62838.0,62840.0,62818.15,62838.0,2.24404
2026-06-09 03:11:00,62847.99,62864.0,62847.99,62857.26,3.18708
2026-06-09 03:12:00,62868.0,62901.99,62866.0,62898.91,55.27256
2026-06-09 03:13:00,62898.91,62922.0,62890.05,62919.99,48.87184
2026-06-09 03:14:00,62920.0,62920.0,62914.0,62914.0,0.72422
2026-06-09 03:15:00,62914.01,62964.7,62914.0,62954.59,25.4528
2026-06-09 03:16:00,62954.58,62970.0,62930.56,62970.0,6.80155
2026-06-09 03:17:00,62969.99,62970.02,62928.13,62928.15,6.69262
2026-06-09 03:18:00,62928.15,62979.94,62928.14,62972.76,17.63851
2026-06-09 03:19:00,62972.76,62972.76,62972.76,62972.76,0.00016
2026-06-09 03:20:00,62886.99,62892.0,62886.99,62892.0,0.13738
2026-06-09 03:21:00,62910.91,62913.27,62910.91,62913.27,0.08209
2026-06-09 03:22:00,62840.0,62840.0,62838.0,62838.0,0.07754
2026-06-09 03:23:00,62855.08,62855.08,62855.07,62855.07,0.15477
2026-06-09 03:24:00,62831.98,62831.98,62826.0,62826.01,0.56244
2026-06-09 03:25:00,62794.0,62795.93,62788.66,62788.67,1.08694
2026-06-09 03:26:00,62783.94,62783.94,62783.94,62783.94,0.00238
2026-06-09 03:27:00,62827.99,62828.0,62810.0,62810.01,0.4154
2026-06-09 03:28:00,62820.27,62820.27,62820.26,62820.27,0.01065
2026-06-09 03:29:00,62826.02,62826.02,62826.01,62826.01,0.00486
2026-06-09 03:30:00,62808.0,62828.0,62808.0,62814.01,0.61811
2026-06-09 03:31:00,62798.0,62798.0,62784.0,62784.01,0.5621
2026-06-09 03:32:00,62736.0,62752.0,62736.0,62751.99,0.53883
2026-06-09 03:33:00,62764.22,62764.22,62746.0,62746.0,0.5122
2026-06-09 03:34:00,62724.86,62724.86,62714.0,62716.87,1.38148
2026-06-09 03:35:00,62706.0,62712.0,62702.0,62711.99,0.79304
2026-06-09 03:36:00,62766.0,62766.0,62760.0,62760.0,0.24096
2026-06-09 03:37:00,62746.0,62746.0,62723.44,62723.44,2.03561
2026-06-09 03:38:00,62712.47,62720.0,62712.46,62715.59,1.5597
2026-06-09 03:39:00,62709.12,62770.0,62709.12,62764.0,3.76001
2026-06-09 03:40:00,62740.0,62764.0,62734.0,62764.0,1.74353
2026-06-09 03:41:00,62765.9,62778.0,62760.0,62777.99,1.13269
2026-06-09 03:42:00,62777.6,62777.6,62774.0,62774.0,0.11762
2026-06-09 03:43:00,62759.99,62760.0,62759.99,62759.99,0.01424
2026-06-09 03:44:00,62772.0,62772.0,62771.99,62772.0,0.03398
2026-06-09 03:45:00,62825.05,62825.05,62800.0,62800.0,0.81343
2026-06-09 03:46:00,62804.0,62804.0,62778.0,62778.0,0.45803
2026-06-09 03:47:00,62784.0,62786.97,62784.0,62786.0,0.7388
2026-06-09 03:48:00,62779.53,62779.53,62774.01,62774.01,0.20202
2026-06-09 03:49:00,62792.1,62796.44,62792.1,62796.43,0.14544
2026-06-09 03:50:00,62845.28,62845.29,62811.43,62811.43,2.8708
2026-06-09 03:51:00,62796.01,62799.15,62796.0,62799.15,2.43957
2026-06-09 03:52:00,62763.62,62763.62,62760.0,62760.0,0.18843
2026-06-09 03:53:00,62760.0,62780.0,62759.99,62772.0,1.36366
2026-06-09 03:54:00,62762.0,62762.01,62758.0,62758.01,0.45132
2026-06-09 03:55:00,62756.0,62762.89,62756.0,62756.0,1.03045
2026-06-09 03:56:00,62750.01,62766.0,62750.0,62766.0,1.23368
2026-06-09 03:57:00,62766.0,62768.0,62766.0,62768.0,0.16702
2026-06-09 03:58:00,62804.0,62843.43,62803.99,62836.06,33.1905
2026-06-09 03:59:00,62874.01,62878.91,62874.0,62878.9,1.61354
2026-06-09 04:00:00,62875.18,62875.18,62862.0,62862.01,1.65803
2026-06-09 04:01:00,62854.0,62854.01,62820.0,62820.0,1.6218
2026-06-09 04:02:00,62841.99,62848.0,62841.99,62844.77,0.94453
2026-06-09 04:03:00,62838.79,62870.0,62838.79,62870.0,3.54464
2026-06-09 04:04:00,62834.01,62837.65,62834.0,62837.64,0.38905
2026-06-09 04:05:00,62770.0,62772.0,62748.0,62765.99,8.13874
2026-06-09 04:06:00,62774.0,62798.0,62773.99,62798.0,2.70934
2026-06-09 04:07:00,62797.86,62802.0,62756.01,62756.01,8.93091
2026-06-09 04:08:00,62770.0,62854.0,62770.0,62854.0,5.01263
2026-06-09 04:09:00,62890.0,62900.0,62884.0,62900.0,34.45783
2026-06-09 04:10:00,62915.0,62974.72,62914.99,62972.6,16.18698
2026-06-09 04:11:00,62952.0,62952.0,62929.04,62929.04,29.34175
2026-06-09 04:12:00,62960.01,62960.6,62950.0,62958.69,1.31111
2026-06-09 04:13:00,62952.0,62953.93,62938.0,62948.93,1.33865
2026-06-09 04:14:00,62952.2,62952.2,62932.47,62932.47,1.47762
2026-06-09 04:15:00,62899.93,62899.93,62872.05,62895.99,89.11569
2026-06-09 04:16:00,62896.28,62897.13,62879.84,62883.0,2.94689
2026-06-09 04:17:00,62901.43,62905.92,62892.0,62897.48,4.21167
2026-06-09 04:18:00,62888.71,62888.71,62868.55,62880.53,3.83339
2026-06-09 04:19:00,62877.28,62880.44,62861.22,62861.22,0.91987
2026-06-09 04:20:00,62860.95,62865.75,62841.26,62865.74,4.40504
2026-06-09 04:21:00,62905.92,62911.26,62878.01,62899.66,6.53157
2026-06-09 04:22:00,62897.41,62897.51,62889.06,62897.41,11.44861
2026-06-09 04:23:00,62890.61,62890.84,62864.82,62864.82,2.38838
2026-06-09 04:24:00,62862.0,62862.01,62848.08,62849.32,4.96936
2026-06-09 04:25:00,62846.59,62865.88,62846.58,62865.56,4.17748
2026-06-09 04:26:00,62859.9,62859.9,62844.0,62849.4,2.39339
2026-06-09 04:27:00,62849.39,62849.39,62830.13,62837.98,3.07734
2026-06-09 04:28:00,62820.28,62820.28,62804.87,62804.88,1.36628
2026-06-09 04:29:00,62804.88,62804.88,62788.02,62793.65,22.30369
2026-06-09 04:30:00,62793.64,62848.0,62793.64,62810.02,9.23986
2026-06-09 04:31:00,62803.01,62803.01,62770.84,62770.84,3.00493
2026-06-09 04:32:00,62770.29,62804.84,62763.11,62804.84,3.44816
2026-06-09 04:33:00,62819.68,62946.0,62819.68,62891.97,30.54371
2026-06-09 04:34:00,62901.99,63189.98,62901.99,63160.49,140.55203
2026-06-09 04:35:00,63189.99,63288.67,63189.99,63240.01,39.56459
2026-06-09 04:36:00,63208.53,63273.73,63172.6,63268.01,15.81955
2026-06-09 04:37:00,63286.09,63337.78,63286.08,63303.98,17.9626
2026-06-09 04:38:00,63301.85,63386.0,63248.0,63305.17,47.17851
2026-06-09 04:39:00,63300.26,63332.0,63232.71,63327.31,41.73419
2026-06-09 04:40:00,63327.31,63396.0,63295.01,63337.96,41.24942
2026-06-09 04:41:00,63330.0,63342.0,63253.76,63253.77,19.45266
2026-06-09 04:42:00,63253.77,63255.92,63232.72,63235.47,9.96536
2026-06-09 04:43:00,63232.72,63235.48,63198.58,63210.0,30.76452
2026-06-09 04:44:00,63209.99,63255.41,63209.99,63244.01,6.83126
2026-06-09 04:45:00,63244.0,63284.0,63240.0,63257.68,16.06965
2026-06-09 04:46:00,63257.68,63257.68,63257.68,63257.68,0.00163
2026-06-09 04:47:00,63356.01,63356.01,63349.67,63349.67,0.532
2026-06-09 04:48:00,63321.12,63321.12,63320.33,63320.34,0.02296
2026-06-09 04:49:00,63341.68,63341.68,63341.68,63341.68,0.03123
2026-06-09 04:50:00,63420.0,63420.0,63400.42,63400.43,1.13391
2026-06-09 04:51:00,63377.57,63377.57,63334.9,63334.91,3.30313
2026-06-09 04:52:00,63278.0,63278.01,63263.78,63263.78,1.34723
2026-06-09 04:53:00,63264.02,63264.02,63257.86,63257.86,0.06449
2026-06-09 04:54:00,63334.0,63334.0,63324.82,63324.82,5.49109
2026-06-09 04:55:00,63298.8,63307.21,63296.08,63307.21,2.09334
2026-06-09 04:56:00,63329.99,63334.0,63327.33,63327.33,1.9171
2026-06-09 04:57:00,63290.8,63290.8,63287.26,63287.26,0.35496
2026-06-09 04:58:00,63284.76,63284.76,63284.74,63284.74,1.1009
2026-06-09 04:59:00,63256.01,63256.01,63252.0,63256.01,0.90399
2026-06-09 05:00:00,63242.36,63246.83,63240.0,63246.82,2.03748
2026-06-09 05:01:00,63253.37,63266.0,63253.37,63266.0,2.32247
2026-06-09 05:02:00,63220.77,63220.77,63206.0,63206.0,2.46066
2026-06-09 05:03:00,63204.99,63204.99,63194.0,63194.01,1.52805
2026-06-09 05:04:00,63252.39,63268.0,63239.32,63246.0,3.65007
2026-06-09 05:05:00,63282.0,63294.03,63278.01,63294.03,5.80879
2026-06-09 05:06:00,63255.54,63255.54,63216.01,63216.01,1.5919
2026-06-09 05:07:00,63178.96,63178.96,63162.14,63162.14,2.581
2026-06-09 05:08:00,63152.06,63171.69,63143.49,63152.8,6.27773
2026-06-09 05:09:00,63134.12,63148.17,63132.94,63139.2,1.37035
2026-06-09 05:10:00,63132.95,63132.95,63120.24,63132.76,1.70473
2026-06-09 05:11:00,63151.67,63162.0,63151.67,63162.0,0.95596
2026-06-09 05:12:00,63153.79,63158.1,63142.0,63158.1,1.82144
2026-06-09 05:13:00,63174.34,63213.97,63152.01,63210.59,9.66086
2026-06-09 05:14:00,63236.0,63268.0,63236.0,63268.0,1.31136
2026-06-09 05:15:00,63252.01,63318.0,63252.01,63318.0,3.9535
2026-06-09 05:16:00,63329.43,63336.0,63317.35,63336.0,3.47622
2026-06-09 05:17:00,63352.81,63356.71,63346.0,63356.71,1.3683
2026-06-09 05:18:00,63335.33,63343.85,63330.03,63343.85,0.36255
2026-06-09 05:19:00,63338.62,63338.62,63323.82,63323.83,1.07679
2026-06-09 05:20:00,63324.64,63331.91,63316.75,63330.65,5.46137
2026-06-09 05:21:00,63324.92,63324.92,63324.0,63324.01,0.28179
2026-06-09 05:22:00,63330.95,63337.95,63317.45,63318.92,5.56949
2026-06-09 05:23:00,63336.0,63343.56,63332.66,63332.66,1.57409
2026-06-09 05:24:00,63326.36,63326.36,63320.0,63325.6,2.85238
2026-06-09 05:25:00,63336.0,63352.0,63336.0,63338.27,1.39244
2026-06-09 05:26:00,63325.71,63325.71,63304.01,63325.71,1.83378
2026-06-09 05:27:00,63328.17,63328.17,63314.53,63320.88,2.68605
2026-06-09 05:28:00,63330.0,63330.0,63312.37,63312.38,1.93768
2026-06-09 05:29:00,63312.38,63325.99,63312.37,63318.66,2.3118
2026-06-09 05:30:00,63315.85,63340.0,63315.85,63322.26,3.00581
2026-06-09 05:31:00,63312.38,63332.0,63308.0,63332.0,2.32289
2026-06-09 05:32:00,63389.98,63423.0,63365.5,63414.12,14.72642
2026-06-09 05:33:00,63420.0,63426.0,63404.02,63409.44,14.86974
2026-06-09 05:34:00,63420.0,63526.01,63419.99,63511.61,20.0807
2026-06-09 05:35:00,63514.0,63518.4,63496.0,63500.01,9.3268
2026-06-09 05:36:00,63495.73,63517.32,63487.9,63517.32,1.50333
2026-06-09 05:37:00,63478.0,63478.0,63450.0,63465.72,2.79476
2026-06-09 05:38:00,63450.48,63450.49,63408.0,63425.99,18.10426
2026-06-09 05:39:00,63427.99,63459.41,63412.16,63427.73,22.07029
2026-06-09 05:40:00,63435.89,63435.9,63408.01,63412.58,20.60924
2026-06-09 05:41:00,63412.34,63416.0,63389.98,63399.15,17.04439
2026-06-09 05:42:00,63409.93,63450.17,63393.06,63393.06,15.09552
2026-06-09 05:43:00,63380.89,63415.82,63362.58,63415.81,19.13271
2026-06-09 05:44:00,63388.01,63400.0,63375.04,63375.04,16.00278
2026-06-09 05:45:00,63367.59,63408.46,63362.5,63394.35,20.12228
2026-06-09 05:46:00,63386.17,63412.0,63366.24,63391.15,23.4011
2026-06-09 05:47:00,63394.34,63414.0,63379.86,63414.0,19.6607
2026-06-09 05:48:00,63415.13,63431.06,63407.24,63431.06,19.17621
2026-06-09 05:49:00,63441.52,63441.52,63412.23,63423.61,42.04038
2026-06-09 05:50:00,63419.46,63419.46,63358.1,63358.11,25.60191
2026-06-09 05:51:00,63369.97,63407.81,63368.05,63389.47,26.73859
2026-06-09 05:52:00,63376.25,63378.48,63348.0,63378.48,20.87599
2026-06-09 05:53:00,63373.8,63453.72,63365.19,63435.4,34.84895
2026-06-09 05:54:00,63423.96,63427.73,63345.74,63354.23,22.96763
2026-06-09 05:55:00,63353.99,63354.0,63325.59,63336.0,21.9996
2026-06-09 05:56:00,63336.0,63336.0,63302.31,63314.0,22.6583
2026-06-09 05:57:00,63314.0,63343.47,63309.99,63330.0,26.5963
2026-06-09 05:58:00,63334.58,63352.51,63334.58,63346.35,34.18671
2026-06-09 05:59:00,63346.35,63355.99,63336.12,63338.69,28.40307
2026-06-09 06:00:00,63338.69,63361.99,63296.44,63296.45,43.69728
2026-06-09 06:01:00,63294.0,63324.88,63276.0,63305.04,29.7765
2026-06-09 06:02:00,63305.05,63326.39,63280.0,63303.24,23.27194
2026-06-09 06:03:00,63303.24,63322.0,63300.47,63309.99,4.56455
2026-06-09 06:04:00,63310.0,63384.57,63293.07,63354.78,74.05145
2026-06-09 06:05:00,63354.78,63354.78,63354.78,63354.78,0.0
2026-06-09 06:06:00,63397.67,63402.56,63397.67,63402.55,0.22582
2026-06-09 06:07:00,63376.68,63376.68,63376.68,63376.68,0.0
2026-06-09 06:08:00,63372.02,63372.02,63372.01,63372.01,0.00086
2026-06-09 06:09:00,63394.51,63394.51,63389.22,63389.22,0.29975
2026-06-09 06:10:00,63334.5,63334.5,63327.3,63327.3,0.20137
2026-06-09 06:11:00,63364.03,63369.61,63364.02,63369.6,0.13191
2026-06-09 06:12:00,63398.01,63398.01,63398.0,63398.01,0.07618
2026-06-09 06:13:00,63383.89,63383.89,63380.71,63380.72,0.23508
2026-06-09 06:14:00,63356.14,63358.53,63356.14,63357.59,4.23581
2026-06-09 06:15:00,63368.99,63368.99,63368.98,63368.98,0.05481
2026-06-09 06:16:00,63378.01,63378.01,63373.36,63373.36,0.1771
2026-06-09 06:17:00,63340.39,63352.47,63340.39,63351.99,3.15034
2026-06-09 06:18:00,63401.99,63403.29,63395.64,63395.64,0.25396
2026-06-09 06:19:00,63429.43,63429.43,63412.01,63416.27,1.06205
2026-06-09 06:20:00,63420.82,63425.67,63420.81,63425.66,0.73766
2026-06-09 06:21:00,63435.83,63444.0,63435.82,63443.99,0.72169
2026-06-09 06:22:00,63454.0,63454.0,63442.35,63442.35,3.38205
2026-06-09 06:23:00,63474.96,63482.4,63473.68,63482.39,0.51808
2026-06-09 06:24:00,63489.99,63500.0,63489.42,63499.99,4.79714
2026-06-09 06:25:00,63409.85,63441.58,63409.85,63425.4,69.71379
2026-06-09 06:26:00,63451.04,63453.59,63445.66,63445.67,11.07669
2026-06-09 06:27:00,63447.67,63447.67,63426.15,63433.65,2.01751
2026-06-09 06:28:00,63437.76,63437.76,63436.01,63436.02,0.83496
2026-06-09 06:29:00,63436.48,63436.48,63424.45,63424.46,0.84096
2026-06-09 06:30:00,63429.69,63440.83,63429.69,63440.82,0.75469
2026-06-09 06:31:00,63424.83,63424.84,63392.5,63392.5,21.16221
2026-06-09 06:32:00,63383.13,63383.13,63382.54,63382.54,0.16084
2026-06-09 06:33:00,63374.0,63385.99,63374.0,63385.99,2.06581
2026-06-09 06:34:00,63387.61,63393.55,63387.61,63389.26,0.33052
2026-06-09 06:35:00,63367.82,63369.61,63367.82,63369.61,0.38263
2026-06-09 06:36:00,63385.99,63385.99,63376.0,63384.22,4.63021
2026-06-09 06:37:00,63376.01,63377.38,63376.0,63377.38,0.2417
2026-06-09 06:38:00,63409.99,63410.0,63399.3,63399.3,1.01705
2026-06-09 06:39:00,63402.74,63404.02,63402.73,63402.73,0.7395
2026-06-09 06:40:00,63410.0,63426.0,63403.23,63403.23,2.94574
2026-06-09 06:41:00,63363.33,63363.33,63323.68,63328.31,5.1869
2026-06-09 06:42:00,63334.66,63342.01,63334.66,63340.99,2.56164
2026-06-09 06:43:00,63346.77,63346.78,63331.4,63331.4,2.46671
2026-06-09 06:44:00,63331.41,63334.86,63326.32,63334.86,8.16114
2026-06-09 06:45:00,63355.58,63384.24,63355.58,63384.23,2.41911
2026-06-09 06:46:00,63400.69,63410.0,63400.69,63400.77,1.31223
2026-06-09 06:47:00,63379.93,63379.94,63374.09,63374.09,2.06658
2026-06-09 06:48:00,63378.0,63400.0,63377.99,63399.99,4.6294
2026-06-09 06:49:00,63381.05,63381.06,63370.0,63380.0,3.32461
2026-06-09 06:50:00,63318.65,63318.65,63286.56,63298.76,75.57805
2026-06-09 06:51:00,63283.57,63283.57,63260.29,63262.65,8.23238
2026-06-09 06:52:00,63274.0,63289.6,63273.99,63284.73,3.21401
2026-06-09 06:53:00,63260.0,63260.0,63254.0,63254.0,1.07884
2026-06-09 06:54:00,63241.74,63260.0,63238.08,63259.99,3.87964
2026-06-09 06:55:00,63260.0,63287.73,63259.99,63281.74,11.61458
2026-06-09 06:56:00,63300.0,63307.99,63290.22,63290.22,2.68685
2026-06-09 06:57:00,63288.0,63288.0,63278.0,63282.55,3.22535
2026-06-09 06:58:00,63282.55,63282.55,63282.54,63282.55,2.50532
2026-06-09 06:59:00,63282.55,63298.42,63282.54,63298.41,5.58325
2026-06-09 07:00:00,63300.0,63386.86,63300.0,63354.73,14.66313
2026-06-09 07:01:00,63363.33,63363.33,63317.23,63337.99,10.28728
2026-06-09 07:02:00,63330.13,63336.17,63319.98,63336.17,1.60394
2026-06-09 07:03:00,63329.05,63406.0,63329.05,63406.0,9.63206
2026-06-09 07:04:00,63383.01,63383.01,63354.0,63369.6,3.76262
2026-06-09 07:05:00,63369.61,63380.0,63354.0,63354.0,3.43033
2026-06-09 07:06:00,63342.01,63352.35,63337.99,63338.0,21.53054
2026-06-09 07:07:00,63332.01,63372.6,63325.0,63370.12,17.79606
2026-06-09 07:08:00,63396.85,63422.14,63396.84,63414.0,1.085
2026-06-09 07:09:00,63415.25,63443.6,63415.24,63443.6,6.01209
2026-06-09 07:10:00,63438.27,63438.27,63420.91,63427.25,6.26945
2026-06-09 07:11:00,63427.25,63439.86,63427.24,63428.01,2.34055
2026-06-09 07:12:00,63420.01,63420.01,63372.44,63378.83,2.27692
2026-06-09 07:13:00,63378.83,63378.84,63342.53,63343.52,1.94171
2026-06-09 07:14:00,63343.52,63343.52,63298.42,63298.42,3.4388
2026-06-09 07:15:00,63298.42,63298.42,63265.94,63281.84,6.59653
2026-06-09 07:16:00,63279.66,63325.99,63271.84,63325.99,5.60075
2026-06-09 07:17:00,63325.99,63340.0,63308.01,63314.44,2.61622
2026-06-09 07:18:00,63314.44,63350.0,63314.44,63343.59,1.8009
2026-06-09 07:19:00,63356.34,63362.72,63345.12,63345.14,1.32713
2026-06-09 07:20:00,63345.15,63345.15,63328.0,63328.01,1.99396
2026-06-09 07:21:00,63328.01,63328.01,63316.0,63316.01,0.90223
2026-06-09 07:22:00,63316.01,63345.71,63316.01,63345.7,1.30328
2026-06-09 07:23:00,63345.99,63346.0,63320.0,63328.1,4.11146
2026-06-09 07:24:00,63328.1,63328.1,63300.0,63300.01,8.66294
2026-06-09 07:25:00,63300.01,63303.06,63259.09,63270.0,3.81707
2026-06-09 07:26:00,63269.99,63270.0,63222.0,63222.01,5.79672
2026-06-09 07:27:00,63222.0,63222.01,63133.47,63145.48,50.83891
2026-06-09 07:28:00,63145.48,63145.48,63145.48,63145.48,0.0
2026-06-09 07:29:00,63091.35,63091.36,63091.35,63091.36,0.0126
2026-06-09 07:30:00,63030.82,63049.12,63030.82,63049.12,3.04206
2026-06-09 07:31:00,63099.96,63104.71,63099.95,63104.7,0.50502
2026-06-09 07:32:00,63128.63,63128.63,63128.62,63128.63,0.09076
2026-06-09 07:33:00,63161.97,63161.97,63157.84,63157.84,0.7359
2026-06-09 07:34:00,63156.07,63156.07,63156.06,63156.07,0.25389
2026-06-09 07:35:00,63156.65,63156.65,63156.64,63156.65,0.35254
2026-06-09 07:36:00,63120.37,63120.37,63117.84,63117.84,1.50736
2026-06-09 07:37:00,63126.0,63137.99,63125.99,63137.99,1.03135
2026-06-09 07:38:00,63090.01,63093.45,63090.0,63093.44,4.83639
2026-06-09 07:39:00,63134.0,63143.99,63133.99,63143.99,0.8644
2026-06-09 07:40:00,63172.24,63179.98,63172.23,63179.98,0.7823
2026-06-09 07:41:00,63188.0,63191.45,63187.99,63191.44,0.50933
2026-06-09 07:42:00,63204.72,63204.72,63204.45,63204.46,0.82667
2026-06-09 07:43:00,63192.01,63192.01,63189.7,63189.72,4.6397
2026-06-09 07:44:00,63198.52,63198.52,63198.51,63198.51,0.33521
2026-06-09 07:45:00,63191.03,63191.03,63191.02,63191.03,0.22715
2026-06-09 07:46:00,63213.75,63216.0,63200.01,63200.01,3.06671
2026-06-09 07:47:00,63178.01,63183.04,63176.0,63183.04,1.81967
2026-06-09 07:48:00,63186.01,63194.0,63186.0,63193.99,1.60946
2026-06-09 07:49:00,63188.02,63188.02,63188.01,63188.01,0.73998
2026-06-09 07:50:00,63180.6,63191.04,63180.6,63191.04,5.04564
2026-06-09 07:51:00,63194.56,63194.56,63188.0,63188.01,3.12203
2026-06-09 07:52:00,63200.71,63200.71,63196.01,63196.02,4.13475
2026-06-09 07:53:00,63134.58,63152.72,63134.57,63152.72,4.61697
2026-06-09 07:54:00,63191.2,63197.89,63191.19,63197.89,1.11976
2026-06-09 07:55:00,63195.44,63202.58,63195.43,63199.16,1.92822
2026-06-09 07:56:00,63195.44,63195.44,63182.95,63182.96,2.60124
2026-06-09 07:57:00,63193.38,63193.38,63193.37,63193.38,0.89733
2026-06-09 07:58:00,63186.15,63191.49,63185.51,63191.48,1.4204
2026-06-09 07:59:00,63198.45,63198.45,63198.44,63198.44,1.01376
2026-06-09 08:00:00,63198.44,63208.86,63198.44,63199.57,5.19574
2026-06-09 08:01:00,63164.01,63164.01,63117.72,63117.73,3.4172
2026-06-09 08:02:00,63140.23,63146.0,63135.46,63135.46,0.85963
2026-06-09 08:03:00,63121.88,63132.0,63121.88,63132.0,5.11553
2026-06-09 08:04:00,63148.17,63148.17,63092.0,63092.01,8.07863
2026-06-09 08:05:00,63076.41,63076.41,62972.0,62992.6,33.14485
2026-06-09 08:06:00,63000.0,63000.0,62954.0,62967.3,11.16638
2026-06-09 08:07:00,62956.0,62966.0,62872.0,62877.35,53.36959
2026-06-09 08:08:00,62898.0,62916.01,62898.0,62910.6,6.31572
2026-06-09 08:09:00,62936.99,62936.99,62874.02,62877.67,21.12485
2026-06-09 08:10:00,62881.03,62881.04,62848.0,62848.01,4.83216
2026-06-09 08:11:00,62773.6,62792.65,62772.16,62788.21,16.27361
2026-06-09 08:12:00,62824.98,62858.68,62824.98,62858.68,7.60708
2026-06-09 08:13:00,62897.7,62950.5,62897.7,62943.6,5.45611
2026-06-09 08:14:00,62925.99,62928.91,62910.5,62910.5,5.88099
2026-06-09 08:15:00,62923.49,62932.0,62923.48,62932.0,4.60554
2026-06-09 08:16:00,62950.0,62967.91,62940.0,62956.0,9.92674
2026-06-09 08:17:00,62955.06,62955.06,62938.66,62939.13,3.22674
2026-06-09 08:18:00,62896.01,62903.99,62885.4,62897.99,3.86694
2026-06-09 08:19:00,62919.99,62920.98,62896.0,62896.0,2.80532
2026-06-09 08:20:00,62915.99,62936.0,62915.99,62930.23,6.50021
2026-06-09 08:21:00,62940.39,62940.4,62908.0,62908.01,3.46551
2026-06-09 08:22:00,62909.83,62909.83,62888.01,62888.01,6.61774
2026-06-09 08:23:00,62912.33,62954.67,62912.32,62954.66,7.02857
2026-06-09 08:24:00,62946.74,62952.97,62935.69,62943.91,28.64049
2026-06-09 08:25:00,62930.0,62958.84,62922.0,62958.84,9.73065
2026-06-09 08:26:00,62966.0,62966.0,62928.0,62946.58,16.33603
2026-06-09 08:27:00,62943.76,62946.59,62933.31,62933.31,10.55387
2026-06-09 08:28:00,62921.37,62924.53,62900.02,62924.53,14.22551
2026-06-09 08:29:00,62912.16,62912.16,62881.44,62881.45,11.47184
2026-06-09 08:30:00,62869.15,62869.15,62836.75,62846.26,17.64313
2026-06-09 08:31:00,62847.45,62853.99,62806.86,62819.76,16.27339
2026-06-09 08:32:00,62840.23,62925.99,62840.23,62902.71,7.5342
2026-06-09 08:33:00,62893.83,62912.18,62880.25,62903.78,4.42523
2026-06-09 08:34:00,62914.0,62939.99,62914.0,62928.0,3.58261
2026-06-09 08:35:00,62919.45,62919.46,62902.84,62912.01,3.0653
2026-06-09 08:36:00,62915.15,62948.0,62907.72,62948.0,2.37972
2026-06-09 08:37:00,62940.01,62940.01,62889.62,62894.34,24.36179
2026-06-09 08:38:00,62901.99,62934.0,62900.0,62933.99,7.55139
2026-06-09 08:39:00,62933.99,62978.0,62933.99,62968.0,5.69101
2026-06-09 08:40:00,62966.87,62969.84,62938.59,62969.84,2.70049
2026-06-09 08:41:00,62969.84,62986.17,62930.0,62982.39,7.86305
2026-06-09 08:42:00,62982.39,63004.0,62980.2,63003.99,2.78493
2026-06-09 08:43:00,63003.99,63012.0,62987.5,62987.5,4.94069
2026-06-09 08:44:00,62987.5,62999.24,62974.76,62984.89,4.63226
2026-06-09 08:45:00,62984.88,63003.43,62976.75,62992.01,5.35138
2026-06-09 08:46:00,62989.19,62999.51,62988.46,62999.5,1.51823
2026-06-09 08:47:00,62999.51,62999.51,62924.0,62937.04,26.15491
2026-06-09 08:48:00,62943.83,62943.83,62864.0,62868.27,27.61851
2026-06-09 08:49:00,62868.27,62910.55,62868.26,62887.29,4.75359
2026-06-09 08:50:00,62887.29,62887.29,62887.29,62887.29,0.0
2026-06-09 08:51:00,62908.0,62908.0,62908.0,62908.0,0.0
2026-06-09 08:52:00,62950.0,62959.48,62950.0,62959.48,0.59042
2026-06-09 08:53:00,62976.0,62976.0,62975.99,62975.99,0.15884
2026-06-09 08:54:00,62908.01,62916.84,62908.01,62916.84,0.1289
2026-06-09 08:55:00,62941.99,62941.99,62894.0,62894.01,2.71355
2026-06-09 08:56:00,62887.99,62888.0,62887.99,62888.0,0.07275
2026-06-09 08:57:00,62844.01,62844.01,62844.0,62844.01,0.0369
2026-06-09 08:58:00,62849.44,62849.44,62849.43,62849.43,0.08625
2026-06-09 08:59:00,62860.29,62860.3,62860.29,62860.29,0.03072
2026-06-09 09:00:00,62849.75,62858.0,62849.74,62854.34,1.20693
2026-06-09 09:01:00,62841.25,62841.62,62841.24,62841.62,0.09446
2026-06-09 09:02:00,62848.0,62857.52,62847.99,62857.52,1.16487
2026-06-09 09:03:00,62858.0,62858.01,62850.0,62850.01,0.91693
2026-06-09 09:04:00,62845.52,62845.52,62845.51,62845.51,0.52706
2026-06-09 09:05:00,62825.25,62836.7,62825.25,62835.57,4.448
2026-06-09 09:06:00,62845.51,62845.51,62839.18,62839.19,0.69189
2026-06-09 09:07:00,62851.99,62851.99,62788.0,62788.01,5.9465
2026-06-09 09:08:00,62772.66,62772.67,62746.56,62749.52,8.50297
2026-06-09 09:09:00,62714.76,62747.89,62714.75,62744.38,13.92151
2026-06-09 09:10:00,62763.46,62784.0,62763.46,62783.3,1.53545
2026-06-09 09:11:00,62776.01,62776.01,62764.7,62767.73,2.57463
2026-06-09 09:12:00,62767.06,62777.95,62767.06,62777.95,2.4927
2026-06-09 09:13:00,62790.28,62790.28,62781.93,62781.93,1.05922
2026-06-09 09:14:00,62794.0,62814.0,62794.0,62814.0,2.45434
2026-06-09 09:15:00,62853.95,62864.0,62853.95,62864.0,2.11976
2026-06-09 09:16:00,62891.15,62891.15,62884.93,62889.57,1.43089
2026-06-09 09:17:00,62910.05,62912.86,62896.68,62896.68,5.53758
2026-06-09 09:18:00,62892.01,62898.31,62892.0,62898.3,1.10928
2026-06-09 09:19:00,62910.0,62920.0,62909.99,62920.0,10.25927
2026-06-09 09:20:00,62944.43,62944.43,62923.99,62926.41,2.43082
2026-06-09 09:21:00,62887.72,62912.0,62887.72,62912.0,0.55818
2026-06-09 09:22:00,62929.15,62929.15,62904.0,62911.99,1.36444
2026-06-09 09:23:00,62916.43,62916.43,62905.74,62910.97,2.53005
2026-06-09 09:24:00,62882.67,62882.68,62867.97,62867.97,1.83204
2026-06-09 09:25:00,62853.73,62856.97,62853.73,62855.04,1.4454
2026-06-09 09:26:00,62859.99,62870.94,62859.98,62870.93,3.33559
2026-06-09 09:27:00,62870.93,62870.93,62825.43,62846.1,25.94009
2026-06-09 09:28:00,62870.63,62870.63,62822.0,62838.71,12.0742
2026-06-09 09:29:00,62843.81,62846.25,62843.8,62843.81,3.974
2026-06-09 09:30:00,62819.76,62819.76,62808.0,62808.01,1.08052
2026-06-09 09:31:00,62769.8,62769.81,62734.0,62737.15,6.75192
2026-06-09 09:32:00,62786.0,62806.0,62786.0,62806.0,0.97183
2026-06-09 09:33:00,62760.01,62760.01,62648.0,62659.17,54.09078
2026-06-09 09:34:00,62655.36,62682.78,62624.0,62672.01,11.52272
2026-06-09 09:35:00,62656.25,62694.45,62656.25,62686.5,5.70018
2026-06-09 09:36:00,62688.38,62730.61,62688.38,62730.61,45.23156
2026-06-09 09:37:00,62734.0,62735.07,62632.68,62634.4,24.34096
2026-06-09 09:38:00,62610.01,62620.0,62590.0,62620.0,7.82232
2026-06-09 09:39:00,62634.47,62644.0,62631.04,62631.05,6.229
2026-06-09 09:40:00,62616.16,62638.43,62616.16,62630.28,2.28609
2026-06-09 09:41:00,62620.0,62652.28,62620.0,62652.27,6.17869
2026-06-09 09:42:00,62660.22,62678.0,62654.0,62662.29,2.18154
2026-06-09 09:43:00,62673.63,62673.64,62638.44,62642.85,5.16941
2026-06-09 09:44:00,62643.79,62668.0,62643.79,62666.79,5.35408
2026-06-09 09:45:00,62673.23,62681.47,62667.85,62671.4,6.73032
2026-06-09 09:46:00,62671.4,62674.53,62671.39,62674.53,2.63788
2026-06-09 09:47:00,62676.09,62695.43,62676.09,62689.16,1.08256
2026-06-09 09:48:00,62686.78,62686.78,62650.0,62650.0,5.19115
2026-06-09 09:49:00,62648.73,62657.99,62648.0,62657.99,1.195
2026-06-09 09:50:00,62675.96,62696.0,62662.0,62668.01,8.10564
2026-06-09 09:51:00,62676.24,62682.0,62668.87,62675.96,2.66858
2026-06-09 09:52:00,62686.0,62686.0,62676.28,62679.66,2.07079
2026-06-09 09:53:00,62679.66,62698.0,62670.0,62696.63,2.8354
2026-06-09 09:54:00,62689.57,62697.53,62678.59,62681.23,2.09299
2026-06-09 09:55:00,62672.83,62675.61,62664.17,62675.6,1.30262
2026-06-09 09:56:00,62688.44,62703.28,62686.53,62690.99,2.45962
2026-06-09 09:57:00,62703.28,62725.28,62703.27,62717.99,4.71576
2026-06-09 09:58:00,62718.0,62725.28,62717.99,62725.28,1.43123
2026-06-09 09:59:00,62725.27,62725.28,62712.42,62715.37,3.11801
2026-06-09 10:00:00,62715.37,62733.86,62704.0,62731.37,5.50826
2026-06-09 10:01:00,62740.01,62769.77,62740.0,62758.33,4.61298
2026-06-09 10:02:00,62758.33,62762.54,62739.71,62739.72,4.46108
2026-06-09 10:03:00,62739.71,62776.88,62739.71,62776.88,11.27077
2026-06-09 10:04:00,62776.88,62780.4,62768.0,62773.69,7.31148
2026-06-09 10:05:00,62768.01,62791.99,62768.01,62791.99,7.16384
2026-06-09 10:06:00,62797.36,62797.36,62692.0,62692.44,26.02664
2026-06-09 10:07:00,62626.0,62700.17,62596.0,62678.0,38.70504
2026-06-09 10:08:00,62678.01,62708.0,62642.0,62642.0,10.96506
2026-06-09 10:09:00,62644.27,62648.89,62616.0,62639.99,6.36203
2026-06-09 10:10:00,62642.0,62675.97,62642.0,62675.47,2.21936
2026-06-09 10:11:00,62675.46,62704.88,62675.46,62689.99,3.62557
2026-06-09 10:12:00,62689.99,62689.99,62689.99,62689.99,0.0
2026-06-09 10:13:00,62695.26,62704.17,62695.26,62704.17,1.02848
2026-06-09 10:14:00,62685.85,62695.42,62685.84,62695.42,0.14156
2026-06-09 10:15:00,62775.99,62776.0,62775.99,62776.0,0.0184
2026-06-09 10:16:00,62752.87,62752.87,62742.0,62745.02,0.88787
2026-06-09 10:17:00,62733.22,62749.99,62733.22,62749.99,0.61268
2026-06-09 10:18:00,62755.0,62755.0,62746.85,62746.85,1.06316
2026-06-09 10:19:00,62720.54,62729.31,62719.78,62719.79,1.1484
2026-06-09 10:20:00,62739.18,62739.18,62739.17,62739.18,0.02991
2026-06-09 10:21:00,62767.32,62776.0,62767.31,62772.82,1.57532
2026-06-09 10:22:00,62746.0,62746.0,62738.0,62738.0,0.67727
2026-06-09 10:23:00,62701.45,62713.56,62701.44,62710.01,0.2332
2026-06-09 10:24:00,62725.5,62725.51,62725.5,62725.5,0.01182
2026-06-09 10:25:00,62724.81,62735.07,62724.81,62728.9,0.77729
2026-06-09 10:26:00,62753.49,62759.76,62753.48,62759.76,0.15599
2026-06-09 10:27:00,62764.0,62764.01,62764.0,62764.01,0.06589
2026-06-09 10:28:00,62755.48,62755.49,62755.48,62755.49,0.51494
2026-06-09 10:29:00,62741.06,62741.06,62732.0,62732.01,0.61477
2026-06-09 10:30:00,62741.39,62746.4,62741.38,62742.5,0.89834
2026-06-09 10:31:00,62755.99,62755.99,62738.01,62738.01,5.80401
2026-06-09 10:32:00,62698.01,62698.01,62683.81,62689.8,1.06541
2026-06-09 10:33:00,62707.99,62708.0,62680.0,62680.01,2.14437
2026-06-09 10:34:00,62674.36,62674.36,62671.07,62673.31,0.29282
2026-06-09 10:35:00,62651.06,62669.44,62651.05,62662.01,2.41854
2026-06-09 10:36:00,62692.97,62727.2,62692.97,62727.2,2.61269
2026-06-09 10:37:00,62683.73,62683.74,62675.37,62683.07,2.30152
2026-06-09 10:38:00,62670.0,62683.07,62670.0,62683.07,0.6734
2026-06-09 10:39:00,62683.07,62683.07,62670.0,62670.01,3.39232
2026-06-09 10:40:00,62679.81,62679.82,62679.81,62679.81,0.19626
2026-06-09 10:41:00,62674.87,62683.43,62674.87,62683.42,0.63704
2026-06-09 10:42:00,62683.43,62683.43,62672.82,62673.94,0.66308
2026-06-09 10:43:00,62673.95,62723.99,62673.95,62708.94,6.01672
2026-06-09 10:44:00,62707.25,62709.2,62707.24,62709.2,0.49581
2026-06-09 10:45:00,62701.24,62701.25,62654.02,62665.23,2.96666
2026-06-09 10:46:00,62671.51,62709.99,62671.51,62709.98,1.16924
2026-06-09 10:47:00,62709.99,62712.67,62702.0,62702.01,1.45176
2026-06-09 10:48:00,62702.01,62702.01,62671.5,62671.51,2.06818
2026-06-09 10:49:00,62668.56,62678.0,62668.55,62678.0,0.64379
2026-06-09 10:50:00,62696.87,62710.93,62696.87,62707.92,0.73065
2026-06-09 10:51:00,62667.12,62693.4,62665.01,62683.43,1.20329
2026-06-09 10:52:00,62685.28,62724.68,62685.28,62724.68,3.09431
2026-06-09 10:53:00,62754.01,62754.01,62714.0,62714.0,4.78046
2026-06-09 10:54:00,62691.17,62774.0,62691.16,62762.0,29.47805
2026-06-09 10:55:00,62744.09,62791.15,62736.01,62772.02,9.46754
2026-06-09 10:56:00,62780.6,62835.37,62780.6,62804.0,15.20537
2026-06-09 10:57:00,62818.67,62818.67,62796.34,62799.5,5.337
2026-06-09 10:58:00,62796.0,62796.0,62792.0,62792.01,0.2634
2026-06-09 10:59:00,62793.18,62800.0,62786.0,62787.29,2.91286
2026-06-09 11:00:00,62786.0,62818.0,62777.67,62797.33,9.9977
2026-06-09 11:01:00,62792.39,62792.39,62748.01,62748.01,1.87379
2026-06-09 11:02:00,62726.83,62726.84,62690.0,62690.0,4.6451
2026-06-09 11:03:00,62685.45,62685.45,62644.0,62644.01,5.16845
2026-06-09 11:04:00,62593.35,62616.95,62593.35,62598.01,1.3772
2026-06-09 11:05:00,62606.91,62621.32,62588.0,62588.01,4.14856
2026-06-09 11:06:00,62597.44,62598.74,62588.01,62596.33,5.88531
2026-06-09 11:07:00,62615.83,62670.0,62615.82,62655.5,2.09919
2026-06-09 11:08:00,62677.99,62677.99,62652.43,62663.48,0.92947
2026-06-09 11:09:00,62658.24,62660.14,62649.9,62658.45,1.88249
2026-06-09 11:10:00,62658.44,62658.45,62628.01,62628.01,1.61207
2026-06-09 11:11:00,62633.45,62633.45,62594.0,62600.0,11.91136
2026-06-09 11:12:00,62608.0,62615.74,62608.0,62615.31,1.15576
2026-06-09 11:13:00,62608.52,62608.53,62586.01,62586.01,6.41882
2026-06-09 11:14:00,62586.01,62595.95,62523.55,62558.53,28.2381
2026-06-09 11:15:00,62526.76,62559.81,62526.76,62546.38,8.39996
2026-06-09 11:16:00,62544.78,62551.24,62540.0,62547.03,1.7173
2026-06-09 11:17:00,62546.28,62552.0,62532.0,62551.99,4.69628
2026-06-09 11:18:00,62549.68,62549.68,62528.77,62528.78,6.36247
2026-06-09 11:19:00,62545.83,62545.84,62536.9,62537.07,3.31848
2026-06-09 11:20:00,62537.07,62545.74,62529.08,62529.08,4.16953
2026-06-09 11:21:00,62529.08,62529.29,62501.0,62501.01,12.05568
2026-06-09 11:22:00,62500.01,62554.69,62498.75,62547.89,7.28413
2026-06-09 11:23:00,62547.88,62576.0,62538.39,62562.01,6.50897
2026-06-09 11:24:00,62585.98,62635.88,62585.98,62617.84,12.14809
2026-06-09 11:25:00,62606.23,62640.0,62606.22,62622.81,5.5636
2026-06-09 11:26:00,62622.81,62622.81,62559.02,62574.55,6.09405
2026-06-09 11:27:00,62574.56,62586.84,62574.56,62586.84,7.69052
2026-06-09 11:28:00,62589.12,62607.36,62585.12,62591.65,2.93996
2026-06-09 11:29:00,62602.4,62602.4,62589.54,62592.0,1.27987
2026-06-09 11:30:00,62591.99,62624.0,62591.98,62617.25,2.41155
2026-06-09 11:31:00,62617.25,62634.04,62577.1,62581.45,6.01366
2026-06-09 11:32:00,62583.98,62603.99,62583.97,62596.01,9.23825
2026-06-09 11:33:00,62596.01,62622.19,62596.01,62609.64,4.39491
2026-06-09 11:34:00,62609.64,62627.98,62609.64,62621.47,3.88696
2026-06-09 11:35:00,62621.46,62621.47,62587.33,62613.01,6.43091
2026-06-09 11:36:00,62613.01,62613.01,62613.01,62613.01,0.0
2026-06-09 11:37:00,62593.8,62595.84,62593.8,62595.84,0.02128
2026-06-09 11:38:00,62610.0,62610.0,62609.99,62610.0,0.16559
2026-06-09 11:39:00,62549.62,62549.62,62549.61,62549.62,0.02408
2026-06-09 11:40:00,62582.89,62582.89,62566.0,62566.01,1.19847
2026-06-09 11:41:00,62621.83,62621.83,62621.82,62621.82,0.01021
2026-06-09 11:42:00,62628.03,62635.32,62628.02,62635.32,0.99075
2026-06-09 11:43:00,62650.0,62650.01,62650.0,62650.01,0.0812
2026-06-09 11:44:00,62631.38,62638.54,62631.38,62638.54,1.22839
2026-06-09 11:45:00,62632.27,62632.28,62632.27,62632.28,0.07684
2026-06-09 11:46:00,62637.34,62644.0,62637.34,62643.99,0.18072
2026-06-09 11:47:00,62640.0,62640.01,62640.0,62640.01,0.63033
2026-06-09 11:48:00,62641.79,62648.83,62640.1,62640.1,0.6854
2026-06-09 11:49:00,62630.01,62635.96,62624.0,62624.01,5.1979
2026-06-09 11:50:00,62598.0,62598.0,62592.0,62592.0,0.37767
2026-06-09 11:51:00,62642.32,62642.32,62632.47,62632.47,0.56762
2026-06-09 11:52:00,62638.58,62638.59,62635.98,62635.99,0.17043
2026-06-09 11:53:00,62616.8,62622.77,62616.0,62622.76,2.24007
2026-06-09 11:54:00,62640.36,62640.36,62639.41,62639.41,0.38603
2026-06-09 11:55:00,62628.03,62628.03,62607.43,62623.1,2.09387
2026-06-09 11:56:00,62586.86,62593.5,62586.86,62587.74,1.52479
2026-06-09 11:57:00,62605.81,62620.0,62605.81,62619.99,0.69033
2026-06-09 11:58:00,62652.75,62656.07,62652.74,62656.06,0.14268
2026-06-09 11:59:00,62717.1,62729.28,62714.62,62729.27,6.96081
2026-06-09 12:00:00,62711.12,62713.23,62691.13,62705.72,10.04664
2026-06-09 12:01:00,62701.89,62776.56,62699.56,62776.56,31.56105
2026-06-09 12:02:00,62780.99,62780.99,62739.09,62739.09,3.29371
2026-06-09 12:03:00,62773.31,62796.44,62770.01,62778.01,3.94726
2026-06-09 12:04:00,62852.85,62852.85,62819.59,62819.6,4.09098
2026-06-09 12:05:00,62816.78,62816.78,62780.79,62780.79,5.35372
2026-06-09 12:06:00,62786.0,62786.0,62785.99,62785.99,0.11246
2026-06-09 12:07:00,62861.1,62895.18,62857.41,62857.42,7.05191
2026-06-09 12:08:00,62870.0,62870.01,62848.0,62869.23,8.39155
2026-06-09 12:09:00,62850.01,62859.12,62842.0,62842.01,2.90892
2026-06-09 12:10:00,62816.01,62824.01,62800.01,62800.01,1.63514
2026-06-09 12:11:00,62817.6,62818.0,62808.41,62808.42,0.502
2026-06-09 12:12:00,62808.42,62808.42,62780.0,62780.0,2.00231
2026-06-09 12:13:00,62754.7,62754.71,62733.6,62735.99,2.9514
2026-06-09 12:14:00,62733.36,62795.14,62733.36,62794.53,9.01596
2026-06-09 12:15:00,62836.9,62844.0,62804.48,62804.48,2.0807
2026-06-09 12:16:00,62824.0,62824.0,62791.64,62791.9,2.62844
2026-06-09 12:17:00,62762.0,62784.0,62750.0,62783.99,2.41193
2026-06-09 12:18:00,62782.0,62794.0,62778.0,62786.01,1.37784
2026-06-09 12:19:00,62790.0,62790.62,62776.0,62776.0,1.04504
2026-06-09 12:20:00,62783.08,62783.08,62770.72,62777.01,1.79532
2026-06-09 12:21:00,62773.2,62773.2,62743.89,62743.89,5.09614
2026-06-09 12:22:00,62734.35,62741.47,62718.56,62718.57,2.70452
2026-06-09 12:23:00,62744.0,62744.01,62676.93,62687.88,3.56781
2026-06-09 12:24:00,62664.05,62728.0,62664.04,62728.0,11.83691
2026-06-09 12:25:00,62737.99,62740.83,62737.99,62740.82,0.45991
2026-06-09 12:26:00,62734.95,62749.51,62734.0,62743.59,1.62775
2026-06-09 12:27:00,62749.47,62749.47,62700.71,62700.71,2.84288
2026-06-09 12:28:00,62676.16,62688.28,62647.13,62647.13,5.90415
2026-06-09 12:29:00,62661.99,62662.0,62652.0,62652.0,3.07336
2026-06-09 12:30:00,62661.05,62661.05,62632.0,62632.01,7.34102
2026-06-09 12:31:00,62626.0,62643.75,62615.65,62637.27,5.19179
2026-06-09 12:32:00,62663.99,62669.99,62631.33,62645.37,6.29539
2026-06-09 12:33:00,62649.56,62649.56,62615.65,62615.66,3.17601
2026-06-09 12:34:00,62604.01,62604.01,62561.41,62575.57,6.49071
2026-06-09 12:35:00,62582.44,62582.45,62542.0,62550.01,5.97904
2026-06-09 12:36:00,62575.57,62656.0,62575.56,62656.0,6.91914
2026-06-09 12:37:00,62642.07,62652.33,62588.0,62588.01,3.08495
2026-06-09 12:38:00,62591.92,62601.0,62565.11,62601.0,4.77092
2026-06-09 12:39:00,62586.01,62606.0,62577.59,62579.78,4.41304
2026-06-09 12:40:00,62598.7,62610.0,62590.01,62598.01,1.59313
2026-06-09 12:41:00,62598.91,62611.76,62564.04,62583.01,6.36842
2026-06-09 12:42:00,62583.01,62584.0,62571.84,62571.84,3.21931
2026-06-09 12:43:00,62570.68,62576.37,62532.0,62532.0,8.67466
2026-06-09 12:44:00,62523.55,62530.85,62517.28,62520.82,6.47592
2026-06-09 12:45:00,62520.83,62520.83,62464.0,62464.01,94.35685
2026-06-09 12:46:00,62447.23,62547.55,62439.58,62528.88,68.12582
2026-06-09 12:47:00,62527.58,62535.99,62509.34,62535.13,16.37614
2026-06-09 12:48:00,62534.01,62587.64,62534.01,62575.79,9.79331
2026-06-09 12:49:00,62580.63,62584.43,62547.87,62562.36,5.07974
2026-06-09 12:50:00,62570.71,62584.35,62570.0,62584.35,1.66585
2026-06-09 12:51:00,62595.02,62615.54,62580.0,62580.01,12.10331
2026-06-09 12:52:00,62593.61,62593.61,62576.0,62576.0,2.9285
2026-06-09 12:53:00,62570.01,62582.27,62552.38,62573.82,5.75773
2026-06-09 12:54:00,62577.7,62598.87,62566.93,62587.58,12.70103
2026-06-09 12:55:00,62587.57,62599.69,62587.57,62594.74,2.27835
2026-06-09 12:56:00,62594.74,62597.4,62566.0,62575.99,3.02275
2026-06-09 12:57:00,62570.01,62586.0,62561.31,62574.41,3.53519
2026-06-09 12:58:00,62579.82,62579.83,62554.01,62554.01,11.0672
2026-06-09 12:59:00,62554.01,62668.89,62554.01,62636.35,20.23527
2026-06-09 13:00:00,62645.14,62738.0,62641.05,62650.01,16.08745
2026-06-09 13:01:00,62650.01,62703.06,62610.0,62618.92,12.1902
2026-06-09 13:02:00,62618.92,62618.92,62618.92,62618.92,0.00319
2026-06-09 13:03:00,62636.52,62636.52,62636.52,62636.52,0.0
2026-06-09 13:04:00,62636.16,62636.16,62636.16,62636.16,0.00135
2026-06-09 13:05:00,62589.18,62597.98,62589.18,62597.98,0.33166
2026-06-09 13:06:00,62693.24,62699.34,62693.24,62699.33,1.19004
2026-06-09 13:07:00,62686.0,62686.0,62685.99,62686.0,0.03884
2026-06-09 13:08:00,62656.0,62656.0,62655.99,62655.99,0.02799
2026-06-09 13:09:00,62683.99,62684.0,62683.99,62683.99,0.01193
2026-06-09 13:10:00,62678.57,62678.58,62662.39,62662.39,0.49096
2026-06-09 13:11:00,62674.45,62674.46,62674.45,62674.45,0.09406
2026-06-09 13:12:00,62654.0,62654.01,62654.0,62654.01,0.19136
2026-06-09 13:13:00,62635.2,62639.47,62624.0,62624.0,3.12434
2026-06-09 13:14:00,62567.57,62567.57,62545.21,62545.21,4.91968
2026-06-09 13:15:00,62556.62,62560.55,62549.4,62549.4,2.28252
2026-06-09 13:16:00,62523.56,62541.49,62523.56,62541.48,1.96208
2026-06-09 13:17:00,62533.86,62533.86,62533.85,62533.85,0.18129
2026-06-09 13:18:00,62500.0,62500.01,62494.0,62494.01,3.66324
2026-06-09 13:19:00,62457.0,62457.01,62440.0,62440.01,5.40733
2026-06-09 13:20:00,62376.95,62423.0,62362.0,62413.46,17.43265
2026-06-09 13:21:00,62397.71,62406.54,62369.99,62369.99,0.81014
2026-06-09 13:22:00,62358.29,62358.29,62346.0,62346.01,1.91188
2026-06-09 13:23:00,62336.28,62336.28,62295.0,62312.04,43.94272
2026-06-09 13:24:00,62303.41,62320.42,62303.41,62320.42,1.52339
2026-06-09 13:25:00,62320.59,62323.18,62278.0,62283.15,6.78279
2026-06-09 13:26:00,62283.64,62320.0,62262.57,62319.99,10.04871
2026-06-09 13:27:00,62291.16,62338.07,62291.16,62336.52,4.69133
2026-06-09 13:28:00,62328.87,62329.89,62312.0,62318.77,3.25497
2026-06-09 13:29:00,62312.05,62351.99,62312.04,62351.99,3.0694
2026-06-09 13:30:00,62342.29,62345.84,62302.0,62320.01,13.61875
2026-06-09 13:31:00,62328.75,62382.01,62328.74,62370.9,11.04043
2026-06-09 13:32:00,62437.59,62460.17,62433.99,62456.25,3.9636
2026-06-09 13:33:00,62444.01,62457.72,62399.82,62414.38,3.86973
2026-06-09 13:34:00,62320.12,62343.99,62284.18,62343.99,6.84386
2026-06-09 13:35:00,62300.01,62339.13,62290.0,62322.01,5.64833
2026-06-09 13:36:00,62343.32,62343.33,62190.87,62219.86,49.48925
2026-06-09 13:37:00,62207.99,62244.0,62198.01,62198.01,8.99257
2026-06-09 13:38:00,62177.69,62247.58,62168.01,62246.01,6.70724
2026-06-09 13:39:00,62245.2,62254.96,62211.81,62241.46,7.4142
2026-06-09 13:40:00,62184.0,62215.99,62174.01,62205.65,8.33987
2026-06-09 13:41:00,62240.02,62268.0,62230.37,62262.0,7.01173
2026-06-09 13:42:00,62274.0,62351.99,62274.0,62351.98,7.63261
2026-06-09 13:43:00,62404.15,62452.5,62404.14,62440.45,55.45222
2026-06-09 13:44:00,62360.01,62426.0,62360.01,62426.0,9.46095
2026-06-09 13:45:00,62433.99,62448.0,62417.29,62424.71,19.31201
2026-06-09 13:46:00,62370.04,62403.26,62361.32,62366.01,12.31747
2026-06-09 13:47:00,62394.52,62417.09,62388.0,62388.01,17.58878
2026-06-09 13:48:00,62408.75,62450.81,62408.75,62416.6,25.25112
2026-06-09 13:49:00,62475.0,62525.23,62442.0,62443.99,17.47103
2026-06-09 13:50:00,62459.73,62459.74,62384.4,62399.99,12.72207
2026-06-09 13:51:00,62349.01,62430.97,62330.01,62425.44,18.33722
2026-06-09 13:52:00,62425.78,62540.0,62425.78,62514.01,19.35988
2026-06-09 13:53:00,62493.41,62501.65,62448.01,62474.0,16.67899
2026-06-09 13:54:00,62413.21,62413.21,62328.0,62336.01,12.05242
2026-06-09 13:55:00,62296.09,62356.0,62296.09,62355.99,7.97179
2026-06-09 13:56:00,62366.0,62396.57,62339.47,62356.0,10.41082
2026-06-09 13:57:00,62358.0,62363.19,62330.0,62339.76,9.81844
2026-06-09 13:58:00,62354.0,62398.0,62354.0,62379.03,13.34292
2026-06-09 13:59:00,62365.6,62383.96,62320.0,62320.0,7.11878
2026-06-09 14:00:00,62273.62,62328.0,62273.61,62306.88,13.75777
2026-06-09 14:01:00,62342.92,62377.99,62342.92,62377.99,22.01239
2026-06-09 14:02:00,62386.42,62386.42,62276.0,62289.89,44.86381
2026-06-09 14:03:00,62324.87,62356.0,62304.0,62306.18,32.89665
2026-06-09 14:04:00,62289.17,62289.17,62175.64,62175.64,25.92706
2026-06-09 14:05:00,62201.5,62225.54,62164.0,62179.04,18.14921
2026-06-09 14:06:00,62206.27,62206.27,62111.51,62120.01,20.82585
2026-06-09 14:07:00,62144.74,62182.0,62107.12,62110.0,14.10965
2026-06-09 14:08:00,62128.08,62278.0,62128.08,62248.54,50.39139
2026-06-09 14:09:00,62214.0,62222.0,62134.88,62136.85,12.96326
2026-06-09 14:10:00,62133.71,62150.0,62100.53,62107.02,53.21873
2026-06-09 14:11:00,62082.14,62125.0,61962.8,62114.92,179.9077
2026-06-09 14:12:00,62099.44,62118.0,62017.15,62094.0,35.30366
2026-06-09 14:13:00,62119.99,62166.0,62021.02,62021.02,19.16866
2026-06-09 14:14:00,62039.47,62066.0,62006.0,62006.0,14.61099
2026-06-09 14:15:00,62014.11,62074.0,61978.0,61993.07,59.90021
2026-06-09 14:16:00,61981.69,62000.0,61912.2,61918.01,48.79548
2026-06-09 14:17:00,61919.05,61932.0,61858.0,61904.0,35.27283
2026-06-09 14:18:00,61891.98,61898.0,61792.95,61794.96,75.29945
2026-06-09 14:19:00,61792.96,61862.0,61762.0,61831.96,67.40458
2026-06-09 14:20:00,61834.07,61834.07,61834.06,61834.06,0.00074
2026-06-09 14:21:00,61734.1,61734.1,61701.46,61705.53,2.2995
2026-06-09 14:22:00,61679.57,61700.0,61679.57,61693.93,2.06052
2026-06-09 14:23:00,61814.0,61828.86,61813.99,61828.86,0.13379
2026-06-09 14:24:00,61785.99,61798.0,61783.68,61783.68,1.30315
2026-06-09 14:25:00,61800.0,61815.42,61768.01,61774.01,29.39353
2026-06-09 14:26:00,61842.6,61842.61,61816.01,61822.01,3.09491
2026-06-09 14:27:00,61784.81,61798.0,61784.81,61793.01,1.55789
2026-06-09 14:28:00,61768.0,61778.0,61765.26,61778.0,2.31538
2026-06-09 14:29:00,61697.05,61699.91,61688.45,61692.41,1.26522
2026-06-09 14:30:00,61601.27,61629.99,61569.2,61569.2,8.42437
2026-06-09 14:31:00,61503.1,61517.31,61500.0,61515.24,3.59774
2026-06-09 14:32:00,61580.0,61582.0,61550.0,61571.34,15.06808
2026-06-09 14:33:00,61602.01,61630.01,61602.0,61606.81,3.52694
2026-06-09 14:34:00,61598.51,61691.99,61590.0,61625.48,42.19635
2026-06-09 14:35:00,61550.02,61572.0,61550.02,61558.77,2.34835
2026-06-09 14:36:00,61471.42,61476.0,61440.0,61450.26,5.76977
2026-06-09 14:37:00,61500.0,61508.0,61458.01,61507.99,17.317
2026-06-09 14:38:00,61530.0,61534.0,61500.0,61511.52,5.44898
2026-06-09 14:39:00,61450.86,61455.77,61420.0,61431.89,7.17738
2026-06-09 14:40:00,61430.01,61455.93,61407.17,61411.2,6.65883
2026-06-09 14:41:00,61502.53,61538.0,61500.01,61516.0,9.87532
2026-06-09 14:42:00,61502.01,61502.01,61458.0,61476.0,6.71974
2026-06-09 14:43:00,61410.0,61422.01,61380.45,61380.45,16.62519
2026-06-09 14:44:00,61341.58,61395.99,61341.58,61353.99,6.54721
2026-06-09 14:45:00,61362.83,61376.59,61328.0,61364.0,21.65131
2026-06-09 14:46:00,61334.0,61336.45,61310.0,61326.61,10.0726
2026-06-09 14:47:00,61291.99,61307.35,61260.01,61260.01,24.25742
2026-06-09 14:48:00,61161.07,61270.0,61161.07,61252.01,51.53869
2026-06-09 14:49:00,61207.5,61250.0,61192.52,61236.55,20.38119
2026-06-09 14:50:00,61219.01,61234.0,61182.0,61194.25,18.68976
2026-06-09 14:51:00,61238.5,61290.09,61238.5,61287.86,16.69517
2026-06-09 14:52:00,61298.12,61337.03,61291.99,61326.3,17.55171
2026-06-09 14:53:00,61305.71,61323.99,61265.12,61268.61,11.23002
2026-06-09 14:54:00,61285.99,61369.39,61284.33,61369.39,15.10741
2026-06-09 14:55:00,61331.36,61355.48,61326.63,61332.01,25.39085
2026-06-09 14:56:00,61346.12,61430.0,61342.0,61399.38,14.06174
2026-06-09 14:57:00,61328.97,61426.0,61328.97,61416.65,6.61042
2026-06-09 14:58:00,61428.16,61442.0,61400.64,61442.0,13.9921
2026-06-09 14:59:00,61465.97,61499.04,61459.83,61474.01,18.40115
2026-06-09 15:00:00,61541.95,61560.0,61464.0,61466.69,30.03535
2026-06-09 15:01:00,61456.59,61456.59,61394.01,61397.89,39.56778
2026-06-09 15:02:00,61397.88,61400.65,61358.01,61390.01,13.08609
2026-06-09 15:03:00,61380.19,61463.32,61380.19,61457.15,14.60314
2026-06-09 15:04:00,61451.19,61472.0,61414.02,61417.46,23.60275
2026-06-09 15:05:00,61430.6,61467.59,61390.83,61392.64,16.71664
2026-06-09 15:06:00,61409.4,61511.99,61409.4,61499.42,11.15239
2026-06-09 15:07:00,61491.99,61518.92,61453.01,61518.91,7.42297
2026-06-09 15:08:00,61554.63,61592.0,61554.63,61591.99,17.93508
2026-06-09 15:09:00,61596.0,61618.16,61596.0,61612.33,20.03324
2026-06-09 15:10:00,61696.12,61696.13,61626.74,61634.66,8.66979
2026-06-09 15:11:00,61655.94,61671.99,61618.48,61663.3,8.86326
2026-06-09 15:12:00,61627.87,61627.87,61572.0,61581.6,23.10664
2026-06-09 15:13:00,61554.0,61648.0,61553.99,61638.01,4.30556
2026-06-09 15:14:00,61674.01,61704.29,61657.59,61678.0,23.32471
2026-06-09 15:15:00,61651.13,61706.86,61638.01,61691.1,10.06332
2026-06-09 15:16:00,61656.0,61685.77,61638.0,61644.12,19.31416
2026-06-09 15:17:00,61627.22,61657.81,61600.0,61604.1,7.83404
2026-06-09 15:18:00,61595.99,61648.0,61588.86,61612.0,7.80994
2026-06-09 15:19:00,61582.61,61616.0,61570.0,61599.26,8.15101
2026-06-09 15:20:00,61571.54,61649.28,61568.53,61632.89,6.30977
2026-06-09 15:21:00,61624.96,61624.96,61587.68,61603.99,4.02426
2026-06-09 15:22:00,61610.0,61610.0,61482.29,61490.48,27.06467
2026-06-09 15:23:00,61466.0,61486.0,61409.04,61412.13,12.90024
2026-06-09 15:24:00,61404.13,61483.56,61404.12,61467.83,4.71583
2026-06-09 15:25:00,61450.01,61493.07,61434.54,61484.02,16.31191
2026-06-09 15:26:00,61461.99,61480.45,61444.18,61471.42,22.18373
2026-06-09 15:27:00,61450.0,61454.01,61358.1,61386.0,21.69842
2026-06-09 15:28:00,61434.0,61434.0,61364.85,61364.85,15.15579
2026-06-09 15:29:00,61382.25,61382.25,61303.7,61320.14,29.85433
2026-06-09 15:30:00,61311.32,61422.86,61310.91,61398.9,31.1926
2026-06-09 15:31:00,61404.68,61407.44,61284.45,61314.23,37.05178
2026-06-09 15:32:00,61305.94,61374.01,61252.63,61252.63,21.99846
2026-06-09 15:33:00,61234.14,61298.0,61222.0,61293.9,16.56252
2026-06-09 15:34:00,61283.77,61369.46,61283.77,61333.1,19.52572
2026-06-09 15:35:00,61374.16,61396.0,61314.17,61396.0,21.11935
2026-06-09 15:36:00,61403.73,61403.74,61284.21,61326.64,30.13225
2026-06-09 15:37:00,61328.35,61339.56,61282.76,61284.6,15.4837
2026-06-09 15:38:00,61284.6,61284.6,61214.08,61237.99,33.54117
2026-06-09 15:39:00,61236.5,61362.56,61236.49,61336.0,35.73808
2026-06-09 15:40:00,61336.0,61412.96,61307.5,61307.5,10.69298
2026-06-09 15:41:00,61307.5,61307.5,61307.5,61307.5,0.0
2026-06-09 15:42:00,61351.99,61351.99,61351.99,61351.99,0.0
2026-06-09 15:43:00,61420.03,61420.03,61401.21,61401.21,0.66883
2026-06-09 15:44:00,61366.28,61368.25,61362.36,61362.36,0.23119
2026-06-09 15:45:00,61325.6,61361.51,61325.6,61361.51,0.7816
2026-06-09 15:46:00,61255.06,61276.98,61255.06,61276.97,1.75894
2026-06-09 15:47:00,61258.0,61258.0,61253.04,61253.05,0.81032
2026-06-09 15:48:00,61254.01,61282.0,61254.01,61282.0,0.50414
2026-06-09 15:49:00,61285.96,61304.0,61285.96,61303.2,1.69197
2026-06-09 15:50:00,61337.28,61337.28,61329.8,61329.8,1.71554
2026-06-09 15:51:00,61272.36,61288.44,61266.83,61269.09,3.5279
2026-06-09 15:52:00,61386.7,61408.93,61368.29,61382.0,4.43034
2026-06-09 15:53:00,61310.72,61322.0,61300.93,61305.48,2.82589
2026-06-09 15:54:00,61281.11,61281.12,61238.24,61238.25,3.81379
2026-06-09 15:55:00,61206.01,61222.64,61204.62,61211.5,1.97554
2026-06-09 15:56:00,61148.01,61233.03,61139.08,61189.03,12.7539
2026-06-09 15:57:00,61072.42,61083.12,61039.88,61039.89,17.61235
2026-06-09 15:58:00,61081.99,61089.53,61074.05,61085.64,12.22655
2026-06-09 15:59:00,61126.49,61155.62,61126.48,61155.61,2.4833
2026-06-09 16:00:00,61131.85,61203.31,61119.52,61160.0,16.81581
2026-06-09 16:01:00,61201.46,61215.72,61157.25,61157.51,8.99674
2026-06-09 16:02:00,61168.0,61192.0,61150.0,61187.99,3.24796
2026-06-09 16:03:00,61110.39,61131.78,61075.0,61119.52,16.00488
2026-06-09 16:04:00,61079.59,61079.59,61044.72,61044.72,7.04305
2026-06-09 16:05:00,61034.0,61034.01,60985.68,61021.74,77.87073
2026-06-09 16:06:00,60991.25,61007.97,60958.65,60961.52,12.70996
2026-06-09 16:07:00,61000.5,61058.03,61000.5,61040.01,13.27411
2026-06-09 16:08:00,61006.56,61007.14,60971.59,60974.21,5.13895
2026-06-09 16:09:00,60952.01,60968.0,60940.0,60940.01,8.87124
2026-06-09 16:10:00,61003.44,61044.29,61003.43,61015.99,8.2631
2026-06-09 16:11:00,60981.86,61037.71,60968.28,61029.26,9.81218
2026-06-09 16:12:00,61117.64,61140.0,61114.31,61129.97,3.27631
2026-06-09 16:13:00,61076.0,61084.27,61036.66,61040.59,6.8351
2026-06-09 16:14:00,61099.99,61099.99,61030.62,61030.63,12.75941
2026-06-09 16:15:00,60997.0,61027.54,60995.12,61021.82,17.29495
2026-06-09 16:16:00,60959.6,61000.0,60959.59,60970.2,19.4359
2026-06-09 16:17:00,60999.88,61012.0,60940.28,60940.29,26.06523
2026-06-09 16:18:00,60944.53,61010.0,60944.52,60990.39,18.8603
2026-06-09 16:19:00,60993.99,61000.0,60900.0,60947.04,39.9503
2026-06-09 16:20:00,60877.27,60897.69,60856.0,60863.07,36.11476
2026-06-09 16:21:00,60933.81,60976.0,60898.22,60900.01,25.34793
2026-06-09 16:22:00,60996.58,61017.51,60948.95,61012.02,23.15269
2026-06-09 16:23:00,61010.42,61020.21,60965.22,61020.21,24.5521
2026-06-09 16:24:00,61054.25,61088.91,61039.21,61079.99,15.01137
2026-06-09 16:25:00,61037.01,61127.97,61032.04,61119.68,13.17508
2026-06-09 16:26:00,61028.0,61028.01,60981.53,61021.83,9.28737
2026-06-09 16:27:00,60918.93,61005.42,60918.93,60987.54,12.5815
2026-06-09 16:28:00,60978.99,61018.76,60976.75,61014.09,5.54128
2026-06-09 16:29:00,61024.05,61054.74,61001.79,61026.09,8.89472
2026-06-09 16:30:00,61043.99,61050.0,61013.21,61013.21,9.66656
2026-06-09 16:31:00,61069.99,61100.0,61024.4,61070.0,13.45401
2026-06-09 16:32:00,61056.21,61145.13,61056.21,61145.13,13.35484
2026-06-09 16:33:00,61158.39,61186.66,61149.21,61170.01,19.13934
2026-06-09 16:34:00,61164.24,61191.5,61122.0,61169.12,7.64614
2026-06-09 16:35:00,61136.21,61205.16,61105.24,61194.99,14.82971
2026-06-09 16:36:00,61233.99,61297.58,61200.0,61297.57,22.75249
2026-06-09 16:37:00,61305.66,61308.24,61260.44,61270.44,11.75649
2026-06-09 16:38:00,61279.68,61282.77,60898.02,60898.02,114.28847
2026-06-09 16:39:00,60907.43,60925.44,60800.0,60806.81,87.84598
2026-06-09 16:40:00,60833.99,60887.5,60780.0,60869.98,52.90294
2026-06-09 16:41:00,60893.97,61057.1,60870.0,61013.75,51.94209
2026-06-09 16:42:00,61025.91,61132.0,61000.02,61109.99,45.21378
2026-06-09 16:43:00,61082.0,61140.0,61062.88,61140.0,13.94843
2026-06-09 16:44:00,61192.77,61230.64,61121.94,61230.64,34.77775
2026-06-09 16:45:00,61246.0,61451.61,61232.01,61339.19,64.24595
2026-06-09 16:46:00,61359.59,61359.59,61261.08,61333.66,20.3179
2026-06-09 16:47:00,61297.23,61402.0,61275.99,61395.99,43.30285
2026-06-09 16:48:00,61401.89,61401.89,61288.0,61332.01,34.71749
2026-06-09 16:49:00,61319.71,61363.81,61276.0,61352.0,9.67565
2026-06-09 16:50:00,61342.8,61389.99,61307.99,61347.37,17.40794
2026-06-09 16:51:00,61330.01,61387.47,61311.0,61348.01,18.68191
2026-06-09 16:52:00,61343.99,61343.99,61191.26,61191.26,14.82391
2026-06-09 16:53:00,61181.97,61291.81,61172.0,61280.0,16.48763
2026-06-09 16:54:00,61279.99,61280.0,61182.79,61182.8,11.28577
2026-06-09 16:55:00,61182.8,61182.8,61182.8,61182.8,0.0
2026-06-09 16:56:00,61326.71,61326.72,61323.65,61323.65,0.92521
2026-06-09 16:57:00,61312.0,61324.0,61312.0,61323.99,0.40343
2026-06-09 16:58:00,61356.0,61356.0,61344.0,61344.0,0.39674
2026-06-09 16:59:00,61426.01,61426.01,61426.0,61426.01,0.16958
2026-06-09 17:00:00,61390.51,61416.0,61390.51,61404.01,0.97146
2026-06-09 17:01:00,61452.62,61456.0,61452.62,61455.99,0.31631
2026-06-09 17:02:00,61470.24,61484.0,61464.49,61472.72,3.75285
2026-06-09 17:03:00,61512.62,61532.71,61495.58,61532.71,7.73556
2026-06-09 17:04:00,61600.0,61600.0,61582.0,61582.0,6.02886
2026-06-09 17:05:00,61637.11,61655.06,61604.0,61634.03,20.02342
2026-06-09 17:06:00,61568.01,61584.0,61548.26,61548.27,1.91862
2026-06-09 17:07:00,61536.01,61552.0,61536.0,61552.0,3.19047
2026-06-09 17:08:00,61471.79,61473.55,61453.34,61453.34,2.4428
2026-06-09 17:09:00,61438.23,61458.0,61436.0,61458.0,8.47185
2026-06-09 17:10:00,61519.91,61520.0,61463.99,61463.99,2.66948
2026-06-09 17:11:00,61415.61,61464.0,61415.61,61454.66,3.13073
2026-06-09 17:12:00,61556.0,61560.0,61534.0,61541.69,1.9196
2026-06-09 17:13:00,61513.94,61548.72,61513.94,61548.72,5.03925
2026-06-09 17:14:00,61590.23,61600.0,61576.0,61600.0,5.39823
2026-06-09 17:15:00,61599.99,61610.0,61591.6,61592.01,4.07503
2026-06-09 17:16:00,61592.01,61615.96,61579.39,61615.96,1.92948
2026-06-09 17:17:00,61642.0,61666.0,61632.0,61666.0,3.30762
2026-06-09 17:18:00,61764.0,61806.0,61754.06,61762.0,5.60638
2026-06-09 17:19:00,61858.01,61867.15,61838.0,61839.74,3.93906
2026-06-09 17:20:00,61832.0,61846.0,61802.0,61802.0,4.13475
2026-06-09 17:21:00,61820.0,61876.0,61820.0,61866.01,5.04341
2026-06-09 17:22:00,61828.0,61860.0,61806.0,61806.01,7.97358
2026-06-09 17:23:00,61742.1,61790.0,61738.53,61782.01,6.17669
2026-06-09 17:24:00,61745.1,61778.0,61733.56,61771.99,5.72755
2026-06-09 17:25:00,61766.0,61766.0,61690.0,61715.99,6.68765
2026-06-09 17:26:00,61681.32,61748.7,61681.32,61748.7,3.42261
2026-06-09 17:27:00,61723.31,61758.0,61723.31,61746.01,6.14431
2026-06-09 17:28:00,61789.67,61800.0,61771.63,61798.73,9.24307
2026-06-09 17:29:00,61769.35,61769.35,61738.0,61738.0,1.73414
2026-06-09 17:30:00,61746.59,61780.0,61742.0,61742.0,5.89825
2026-06-09 17:31:00,61722.0,61727.5,61696.91,61727.5,13.8086
2026-06-09 17:32:00,61746.19,61780.0,61736.0,61760.0,7.78019
2026-06-09 17:33:00,61774.0,61810.0,61773.99,61802.27,15.07929
2026-06-09 17:34:00,61801.18,61842.01,61801.18,61842.0,7.53627
2026-06-09 17:35:00,61817.32,61817.32,61766.01,61766.01,4.83041
2026-06-09 17:36:00,61754.0,61760.0,61728.0,61747.99,8.06927
2026-06-09 17:37:00,61759.99,61796.7,61759.99,61770.01,2.448
2026-06-09 17:38:00,61738.43,61766.0,61725.58,61762.17,2.81752
2026-06-09 17:39:00,61765.18,61766.0,61720.0,61732.77,2.04741
2026-06-09 17:40:00,61734.78,61798.0,61728.0,61798.0,6.51268
2026-06-09 17:41:00,61801.49,61812.0,61786.0,61811.99,2.88764
2026-06-09 17:42:00,61811.66,61811.66,61758.0,61762.0,3.55215
2026-06-09 17:43:00,61783.99,61806.0,61783.99,61805.99,1.88197
2026-06-09 17:44:00,61762.0,61776.0,61716.01,61716.02,6.52664
2026-06-09 17:45:00,61692.15,61696.21,61686.0,61695.48,6.00947
2026-06-09 17:46:00,61691.99,61696.0,61671.75,61675.34,5.38649
2026-06-09 17:47:00,61656.11,61679.97,61640.0,61650.01,16.29746
2026-06-09 17:48:00,61638.0,61662.72,61620.27,61632.0,14.93839
2026-06-09 17:49:00,61608.01,61624.0,61599.39,61613.99,4.38726
2026-06-09 17:50:00,61630.0,61700.86,61629.99,61684.01,3.15029
2026-06-09 17:51:00,61702.0,61823.52,61702.0,61823.51,7.78538
2026-06-09 17:52:00,61857.59,61857.59,61780.01,61798.0,4.78114
2026-06-09 17:53:00,61768.68,61768.68,61700.0,61700.01,8.63185
2026-06-09 17:54:00,61676.0,61716.0,61676.0,61715.99,2.49929
2026-06-09 17:55:00,61724.01,61755.34,61724.0,61755.34,5.301
2026-06-09 17:56:00,61728.14,61738.01,61708.0,61721.99,10.02414
2026-06-09 17:57:00,61728.0,61729.99,61704.0,61729.99,2.10623
2026-06-09 17:58:00,61722.01,61739.0,61722.01,61728.01,3.69219
2026-06-09 17:59:00,61727.92,61727.93,61696.01,61696.01,2.43635
2026-06-09 18:00:00,61692.01,61744.96,61692.01,61724.4,5.92966
2026-06-09 18:01:00,61727.99,61778.0,61720.34,61731.32,13.92736
2026-06-09 18:02:00,61730.01,61730.01,61690.0,61692.0,5.0006
2026-06-09 18:03:00,61692.01,61692.01,61609.53,61631.99,13.77036
2026-06-09 18:04:00,61618.0,61723.2,61618.0,61717.03,8.95879
2026-06-09 18:05:00,61717.03,61718.56,61697.25,61712.53,2.80457
2026-06-09 18:06:00,61716.99,61760.0,61694.0,61760.0,7.39213
2026-06-09 18:07:00,61759.99,61811.99,61738.01,61811.99,9.47302
2026-06-09 18:08:00,61827.91,61827.92,61786.0,61798.0,6.86611
2026-06-09 18:09:00,61809.99,61815.46,61790.0,61814.0,8.48184
2026-06-09 18:10:00,61814.0,61814.0,61717.04,61730.0,11.22686
2026-06-09 18:11:00,61730.0,61734.98,61676.25,61710.0,6.33561
2026-06-09 18:12:00,61698.0,61738.0,61692.0,61730.68,11.05255
2026-06-09 18:13:00,61730.69,61742.0,61706.0,61720.84,7.40148
2026-06-09 18:14:00,61720.84,61762.0,61720.83,61750.8,6.26492
2026-06-09 18:15:00,61750.8,61750.8,61744.01,61744.01,0.04883
2026-06-09 18:16:00,61746.0,61758.0,61745.99,61758.0,0.23523
2026-06-09 18:17:00,61728.0,61740.0,61728.0,61740.0,0.67036
2026-06-09 18:18:00,61764.01,61782.0,61764.0,61782.0,1.1789
2026-06-09 18:19:00,61963.99,61963.99,61934.0,61954.0,5.32473
2026-06-09 18:20:00,61938.81,61944.0,61938.76,61938.77,0.26744
2026-06-09 18:21:00,61848.48,61876.01,61848.48,61860.0,2.17282
2026-06-09 18:22:00,61781.63,61792.0,61774.0,61778.63,1.17272
2026-06-09 18:23:00,61853.1,61853.1,61794.01,61794.01,0.89621
2026-06-09 18:24:00,61788.0,61814.0,61788.0,61814.0,0.41779
2026-06-09 18:25:00,61797.56,61810.0,61772.01,61772.01,0.94545
2026-06-09 18:26:00,61729.96,61729.97,61729.95,61729.97,0.09313
2026-06-09 18:27:00,61670.0,61696.0,61661.49,61696.0,3.133
2026-06-09 18:28:00,61744.0,61746.0,61705.0,61724.0,1.40388
2026-06-09 18:29:00,61766.0,61766.0,61765.99,61765.99,0.22173
2026-06-09 18:30:00,61732.0,61796.0,61726.01,61795.99,3.21847
2026-06-09 18:31:00,61750.54,61776.0,61750.37,61776.0,3.24964
2026-06-09 18:32:00,61757.35,61757.35,61702.62,61712.02,3.7995
2026-06-09 18:33:00,61690.86,61728.0,61690.86,61727.98,1.50596
2026-06-09 18:34:00,61761.99,61761.99,61732.01,61744.0,2.99895
2026-06-09 18:35:00,61756.0,61764.0,61750.0,61762.01,0.32512
2026-06-09 18:36:00,61740.01,61778.0,61740.01,61778.0,1.54239
2026-06-09 18:37:00,61813.33,61820.0,61798.0,61798.01,0.98182
2026-06-09 18:38:00,61783.41,61786.0,61783.4,61785.99,0.0695
2026-06-09 18:39:00,61760.17,61786.0,61760.17,61786.0,1.29437
2026-06-09 18:40:00,61760.17,61764.59,61744.0,61755.98,13.45743
2026-06-09 18:41:00,61746.0,61746.0,61729.11,61729.12,6.67043
2026-06-09 18:42:00,61714.74,61723.99,61710.0,61710.0,2.14096
2026-06-09 18:43:00,61682.01,61690.0,61653.53,61670.27,4.36567
2026-06-09 18:44:00,61684.0,61684.0,61654.0,61654.01,2.40535
2026-06-09 18:45:00,61602.01,61641.15,61602.01,61638.26,2.78647
2026-06-09 18:46:00,61674.0,61674.99,61656.0,61661.59,1.50545
2026-06-09 18:47:00,61645.97,61686.0,61644.01,61685.99,1.72781
2026-06-09 18:48:00,61656.34,61684.0,61656.33,61658.01,1.66446
2026-06-09 18:49:00,61662.19,61666.22,61660.01,61666.22,0.24485
2026-06-09 18:50:00,61671.99,61674.0,61671.99,61673.98,2.41399
2026-06-09 18:51:00,61685.29,61736.94,61685.29,61736.93,2.51236
2026-06-09 18:52:00,61716.01,61739.99,61708.01,61739.99,0.69809
2026-06-09 18:53:00,61722.0,61722.01,61695.5,61709.99,6.11817
2026-06-09 18:54:00,61733.99,61748.0,61710.0,61710.0,2.1064
2026-06-09 18:55:00,61680.67,61704.0,61680.67,61704.0,2.46437
2026-06-09 18:56:00,61718.86,61739.94,61714.0,61735.52,1.53462
2026-06-09 18:57:00,61748.0,61795.0,61748.0,61788.0,6.52285
2026-06-09 18:58:00,61788.0,61824.0,61787.99,61800.0,4.87749
2026-06-09 18:59:00,61807.01,61826.0,61802.0,61824.04,2.22568
2026-06-09 19:00:00,61792.0,61792.0,61746.0,61746.01,4.30229
2026-06-09 19:01:00,61755.82,61762.0,61738.0,61749.99,3.02638
2026-06-09 19:02:00,61773.99,61804.0,61773.99,61804.0,14.54424
2026-06-09 19:03:00,61800.9,61800.9,61784.0,61784.85,0.92672
2026-06-09 19:04:00,61792.98,61874.0,61792.97,61860.0,5.70789
2026-06-09 19:05:00,61875.56,61914.01,61875.55,61886.0,10.77541
2026-06-09 19:06:00,61870.0,61870.0,61796.78,61811.11,2.55627
2026-06-09 19:07:00,61808.01,61860.0,61808.0,61829.86,1.86402
2026-06-09 19:08:00,61848.0,61862.0,61834.0,61862.0,2.70496
2026-06-09 19:09:00,61844.01,61862.0,61844.01,61850.01,0.59893
2026-06-09 19:10:00,61830.61,61830.61,61796.0,61796.01,10.86745
2026-06-09 19:11:00,61794.01,61817.99,61794.0,61798.0,3.5442
2026-06-09 19:12:00,61798.0,61824.0,61798.0,61814.01,2.01195
2026-06-09 19:13:00,61814.01,61829.44,61812.0,61818.0,1.64842
2026-06-09 19:14:00,61809.64,61809.64,61782.0,61782.0,2.62754
2026-06-09 19:15:00,61780.0,61787.33,61744.5,61754.84,8.40805
2026-06-09 19:16:00,61744.51,61780.0,61722.0,61722.01,5.37958
2026-06-09 19:17:00,61726.57,61786.0,61726.57,61786.0,8.16903
2026-06-09 19:18:00,61772.0,61808.0,61771.99,61798.0,2.52083
2026-06-09 19:19:00,61776.0,61792.0,61754.0,61768.52,3.74051
2026-06-09 19:20:00,61760.01,61860.0,61750.0,61840.0,7.55211
2026-06-09 19:21:00,61828.0,61846.69,61806.0,61824.0,4.0846
2026-06-09 19:22:00,61813.84,61832.99,61791.88,61820.0,6.91064
2026-06-09 19:23:00,61823.99,61874.12,61810.54,61868.01,5.28063
2026-06-09 19:24:00,61858.01,61886.0,61848.0,61882.01,4.87205
2026-06-09 19:25:00,61876.15,61911.69,61876.15,61886.01,4.45706
2026-06-09 19:26:00,61886.0,61892.0,61820.0,61820.0,5.23565
2026-06-09 19:27:00,61816.0,61829.99,61782.0,61822.0,4.31381
2026-06-09 19:28:00,61822.0,61844.0,61819.63,61834.0,4.22236
2026-06-09 19:29:00,61834.0,61872.99,61833.99,61872.99,3.28612
2026-06-09 19:30:00,61872.98,61872.98,61872.98,61872.98,0.00756
2026-06-09 19:31:00,61908.0,61918.0,61908.0,61918.0,0.53914
2026-06-09 19:32:00,61994.0,61994.0,61992.0,61992.01,0.33831
2026-06-09 19:33:00,61965.99,61965.99,61963.43,61963.43,0.04351
2026-06-09 19:34:00,61949.98,61952.0,61949.98,61949.98,0.1214
2026-06-09 19:35:00,61974.7,61989.99,61974.7,61989.99,0.89653
2026-06-09 19:36:00,61978.0,61984.0,61978.0,61978.0,1.39839
2026-06-09 19:37:00,61947.98,61947.98,61942.0,61942.0,0.66703
2026-06-09 19:38:00,61913.98,61913.99,61896.0,61896.01,0.50029
2026-06-09 19:39:00,61899.0,61899.01,61898.0,61898.0,0.89254
2026-06-09 19:40:00,61870.77,61870.77,61834.01,61834.01,1.73206
2026-06-09 19:41:00,61775.57,61816.0,61775.57,61815.99,1.79347
2026-06-09 19:42:00,61816.0,61816.0,61792.0,61792.01,0.72283
2026-06-09 19:43:00,61848.01,61860.6,61848.01,61860.59,1.9056
2026-06-09 19:44:00,61870.01,61870.01,61870.0,61870.0,0.1576
2026-06-09 19:45:00,61884.95,61892.0,61884.95,61887.58,1.42833
2026-06-09 19:46:00,61878.0,61878.0,61850.0,61850.01,2.43335
2026-06-09 19:47:00,61820.66,61832.0,61814.01,61831.99,1.82481
2026-06-09 19:48:00,61796.67,61797.12,61783.69,61788.01,0.92198
2026-06-09 19:49:00,61791.99,61815.68,61791.99,61815.68,0.863
2026-06-09 19:50:00,61826.01,61973.77,61826.01,61958.01,35.00256
2026-06-09 19:51:00,61998.67,61998.67,61978.0,61992.65,3.60914
2026-06-09 19:52:00,61996.0,62018.0,61990.01,62018.0,1.01557
2026-06-09 19:53:00,62014.0,62046.0,62013.99,62044.5,3.19017
2026-06-09 19:54:00,62015.04,62023.24,61988.0,61996.0,3.31456
2026-06-09 19:55:00,62025.94,62054.0,62023.54,62053.13,3.33209
2026-06-09 19:56:00,62037.99,62049.47,62030.0,62038.0,7.41757
2026-06-09 19:57:00,62074.23,62074.23,62051.8,62062.0,1.21725
2026-06-09 19:58:00,62066.94,62082.1,62062.0,62082.1,2.51361
2026-06-09 19:59:00,62062.02,62089.17,62062.02,62087.33,8.3311
2026-06-09 20:00:00,62098.09,62115.89,62075.18,62093.99,13.00939
2026-06-09 20:01:00,62076.02,62086.0,62064.0,62070.01,3.13713
2026-06-09 20:02:00,62045.99,62049.11,62008.01,62008.01,2.12352
2026-06-09 20:03:00,61961.99,62000.0,61961.99,61994.01,2.74054
2026-06-09 20:04:00,62003.53,62075.2,62003.53,62064.0,4.31111
2026-06-09 20:05:00,62070.0,62106.0,62070.0,62074.0,5.34393
2026-06-09 20:06:00,62061.21,62062.0,62048.98,62062.0,3.91899
2026-06-09 20:07:00,62067.5,62067.51,62038.0,62038.01,2.19215
2026-06-09 20:08:00,62053.08,62070.0,62040.01,62040.01,7.2405
2026-06-09 20:09:00,62027.99,62057.93,62027.99,62057.93,2.17804
2026-06-09 20:10:00,62063.18,62066.0,62023.79,62023.8,3.27673
2026-06-09 20:11:00,62031.05,62056.01,62031.05,62056.0,5.13808
2026-06-09 20:12:00,62108.5,62149.98,62108.5,62126.0,18.06602
2026-06-09 20:13:00,62140.0,62163.92,62140.0,62163.91,1.64115
2026-06-09 20:14:00,62173.69,62192.01,62168.0,62168.0,7.17223
2026-06-09 20:15:00,62212.71,62272.0,62208.86,62242.01,19.25136
2026-06-09 20:16:00,62184.01,62200.0,62176.0,62176.0,4.10743
2026-06-09 20:17:00,62164.0,62164.0,62148.0,62148.01,2.6901
2026-06-09 20:18:00,62148.02,62192.0,62148.02,62154.0,7.65958
2026-06-09 20:19:00,62147.03,62147.03,62120.0,62120.0,4.09059
2026-06-09 20:20:00,62106.0,62106.01,62054.0,62054.01,4.14794
2026-06-09 20:21:00,62048.0,62048.01,62018.19,62043.28,7.05668
2026-06-09 20:22:00,62036.0,62036.01,62020.02,62020.7,1.33664
2026-06-09 20:23:00,62013.97,62018.3,62013.97,62018.3,0.31315
2026-06-09 20:24:00,62010.18,62011.65,62010.18,62011.65,0.66156
2026-06-09 20:25:00,62010.19,62038.0,62009.33,62029.63,28.71732
2026-06-09 20:26:00,62029.63,62038.0,62025.24,62032.5,2.29355
2026-06-09 20:27:00,62032.5,62045.74,62032.5,62040.81,7.04699
2026-06-09 20:28:00,62040.81,62046.0,62036.37,62044.79,2.24521
2026-06-09 20:29:00,62052.83,62123.27,62052.83,62100.84,23.75581
2026-06-09 20:30:00,62091.99,62091.99,62032.3,62032.31,8.31231
2026-06-09 20:31:00,62026.01,62026.01,62000.0,62001.0,6.70527
2026-06-09 20:32:00,61994.01,62000.01,61986.0,62000.0,3.51505
2026-06-09 20:33:00,62002.83,62042.0,62002.82,62039.6,2.10273
2026-06-09 20:34:00,62044.0,62044.0,62022.02,62039.26,5.76278
2026-06-09 20:35:00,62048.41,62052.91,62034.0,62044.72,3.98138
2026-06-09 20:36:00,62041.86,62046.54,62036.0,62046.54,1.37453
2026-06-09 20:37:00,62046.53,62082.0,62046.53,62081.99,3.04751
2026-06-09 20:38:00,62082.0,62130.93,62081.99,62100.01,4.78677
2026-06-09 20:39:00,62098.0,62098.01,62070.3,62079.41,6.9336
2026-06-09 20:40:00,62079.4,62092.0,62079.4,62082.0,2.77834
2026-06-09 20:41:00,62082.01,62104.0,62082.0,62103.99,3.18706
2026-06-09 20:42:00,62110.0,62164.82,62110.0,62164.81,8.81154
2026-06-09 20:43:00,62164.81,62180.87,62164.81,62166.05,2.79729
2026-06-09 20:44:00,62166.04,62166.05,62132.0,62132.0,6.24501
2026-06-09 20:45:00,62132.0,62132.01,62103.46,62108.01,2.32671
2026-06-09 20:46:00,62108.01,62108.01,62108.01,62108.01,0.0
2026-06-09 20:47:00,62069.02,62073.99,62069.02,62073.99,0.49415
2026-06-09 20:48:00,62082.0,62082.01,62079.22,62079.22,0.0569
2026-06-09 20:49:00,62086.93,62086.93,62083.66,62083.66,0.80405
2026-06-09 20:50:00,62076.0,62076.0,62075.99,62075.99,0.06279
2026-06-09 20:51:00,62060.0,62060.01,62060.0,62060.01,0.02325
2026-06-09 20:52:00,62080.62,62080.62,62079.87,62079.87,0.07936
2026-06-09 20:53:00,62078.0,62078.0,62077.99,62077.99,0.06676
2026-06-09 20:54:00,62078.0,62078.0,62077.99,62077.99,0.01862
2026-06-09 20:55:00,62081.76,62081.76,62081.75,62081.76,0.00925
2026-06-09 20:56:00,62108.0,62114.0,62086.01,62086.02,2.15822
2026-06-09 20:57:00,62095.42,62095.43,62095.42,62095.43,0.14746
2026-06-09 20:58:00,62119.99,62120.0,62119.99,62120.0,0.683
2026-06-09 20:59:00,62125.94,62130.88,62125.94,62130.87,0.50424
2026-06-09 21:00:00,62159.99,62162.0,62159.99,62162.0,0.05583
2026-06-09 21:01:00,62176.85,62176.86,62166.93,62166.94,3.93271
2026-06-09 21:02:00,62124.51,62124.52,62116.76,62116.76,4.308
2026-06-09 21:03:00,62089.17,62100.0,62089.17,62100.0,0.48976
2026-06-09 21:04:00,62053.39,62056.51,62053.39,62053.4,1.21667
2026-06-09 21:05:00,62056.0,62059.99,62056.0,62059.99,0.17831
2026-06-09 21:06:00,62067.95,62074.0,62067.94,62074.0,0.93326
2026-06-09 21:07:00,62093.99,62112.0,62093.99,62112.0,2.4344
2026-06-09 21:08:00,62126.01,62126.01,62110.0,62110.0,0.68404
2026-06-09 21:09:00,62098.01,62117.91,62098.0,62117.9,2.95331
2026-06-09 21:10:00,62117.99,62129.41,62117.99,62128.92,3.87501
2026-06-09 21:11:00,62126.55,62126.55,62126.54,62126.55,1.49017
2026-06-09 21:12:00,62128.07,62136.0,62128.07,62135.99,0.52459
2026-06-09 21:13:00,62147.29,62148.4,62137.14,62148.4,4.26505
2026-06-09 21:14:00,62123.12,62125.45,62110.0,62110.0,4.74919
2026-06-09 21:15:00,62134.0,62142.0,62134.0,62141.99,0.63441
2026-06-09 21:16:00,62104.0,62104.0,62087.67,62087.67,2.3683
2026-06-09 21:17:00,62062.0,62062.01,62062.0,62062.01,0.64779
2026-06-09 21:18:00,62040.01,62040.01,62024.0,62024.01,2.649
2026-06-09 21:19:00,62004.95,62004.95,61965.81,61986.17,5.83439
2026-06-09 21:20:00,61970.13,61970.13,61936.0,61936.0,5.84721
2026-06-09 21:21:00,61905.37,61920.0,61899.59,61914.0,3.18401
2026-06-09 21:22:00,61901.05,61901.05,61826.96,61869.99,31.37753
2026-06-09 21:23:00,61914.0,61924.0,61914.0,61919.16,2.52254
2026-06-09 21:24:00,61919.16,61945.83,61914.87,61931.8,13.70828
2026-06-09 21:25:00,61920.01,61920.01,61910.5,61910.51,0.55963
2026-06-09 21:26:00,61847.6,61858.0,61842.08,61858.0,3.12081
2026-06-09 21:27:00,61846.4,61846.4,61823.86,61823.86,2.72964
2026-06-09 21:28:00,61814.57,61818.7,61814.57,61818.69,0.5661
2026-06-09 21:29:00,61808.56,61808.56,61780.92,61803.65,21.94609
2026-06-09 21:30:00,61803.66,61865.68,61803.66,61855.28,6.0817
2026-06-09 21:31:00,61862.75,61862.75,61828.0,61828.01,1.25498
2026-06-09 21:32:00,61798.8,61804.0,61782.37,61804.0,5.91158
2026-06-09 21:33:00,61808.0,61834.0,61807.99,61833.99,3.68854
2026-06-09 21:34:00,61841.7,61844.0,61831.68,61831.68,1.96732
2026-06-09 21:35:00,61831.68,61866.0,61831.68,61865.99,1.83723
2026-06-09 21:36:00,61818.02,61871.58,61818.02,61871.58,4.41187
2026-06-09 21:37:00,61872.0,61885.37,61871.99,61885.36,2.28283
2026-06-09 21:38:00,61885.36,61892.0,61885.36,61885.36,3.02004
2026-06-09 21:39:00,61885.37,61906.0,61884.01,61884.01,1.74775
2026-06-09 21:40:00,61872.01,61872.01,61852.0,61864.0,1.04332
2026-06-09 21:41:00,61863.99,61879.99,61858.43,61860.08,1.72537
2026-06-09 21:42:00,61874.0,61877.99,61850.0,61850.0,1.63247
2026-06-09 21:43:00,61848.85,61848.86,61786.35,61789.21,7.17046
2026-06-09 21:44:00,61786.01,61817.99,61786.01,61795.85,6.80898
2026-06-09 21:45:00,61792.9,61799.25,61776.01,61780.61,2.22355
2026-06-09 21:46:00,61780.62,61796.0,61749.4,61749.42,25.73257
2026-06-09 21:47:00,61760.0,61820.0,61760.0,61819.99,5.83586
2026-06-09 21:48:00,61816.01,61824.0,61807.04,61808.81,1.70275
2026-06-09 21:49:00,61803.92,61825.48,61800.0,61816.0,2.43123
2026-06-09 21:50:00,61816.0,61816.28,61798.07,61802.01,2.40005
2026-06-09 21:51:00,61808.67,61816.0,61802.1,61802.11,2.78131
2026-06-09 21:52:00,61784.0,61794.14,61758.0,61758.01,4.33937
2026-06-09 21:53:00,61755.1,61756.0,61722.94,61722.94,11.38736
2026-06-09 21:54:00,61722.95,61728.38,61704.0,61712.01,3.3915
2026-06-09 21:55:00,61712.02,61712.02,61700.0,61712.0,6.1641
2026-06-09 21:56:00,61712.0,61712.0,61702.0,61710.8,2.62278
2026-06-09 21:57:00,61715.39,61726.02,61715.39,61726.0,1.90584
2026-06-09 21:58:00,61726.0,61726.01,61698.0,61702.38,4.44953
2026-06-09 21:59:00,61702.39,61773.56,61702.39,61761.2,5.72133
2026-06-09 22:00:00,61761.21,61768.52,61761.21,61768.52,0.47553
2026-06-09 22:01:00,61768.0,61768.01,61767.0,61767.01,0.2897
2026-06-09 22:02:00,61726.0,61726.01,61725.99,61726.0,0.05145
2026-06-09 22:03:00,61710.0,61710.0,61692.01,61692.01,0.93597
2026-06-09 22:04:00,61696.19,61712.0,61696.19,61711.99,0.49902
2026-06-09 22:05:00,61686.0,61702.4,61685.24,61702.4,0.75559
2026-06-09 22:06:00,61708.0,61708.01,61692.0,61692.01,1.84943
2026-06-09 22:07:00,61669.43,61718.77,61669.42,61711.0,7.9361
2026-06-09 22:08:00,61727.99,61730.45,61718.01,61730.45,0.92605
2026-06-09 22:09:00,61732.0,61734.0,61732.0,61733.86,0.69072
2026-06-09 22:10:00,61735.64,61735.64,61735.63,61735.64,0.04781
2026-06-09 22:11:00,61742.98,61742.98,61730.0,61730.0,0.18264
2026-06-09 22:12:00,61744.0,61748.0,61743.99,61748.0,0.30884
2026-06-09 22:13:00,61758.0,61768.52,61757.99,61768.52,0.54017
2026-06-09 22:14:00,61812.21,61825.9,61812.21,61825.89,2.54408
2026-06-09 22:15:00,61838.82,61839.12,61836.0,61839.12,0.74954
2026-06-09 22:16:00,61867.7,61871.99,61860.01,61871.99,0.39886
2026-06-09 22:17:00,61878.35,61880.0,61873.56,61873.56,0.96846
2026-06-09 22:18:00,61816.31,61836.0,61816.31,61836.0,1.04564
2026-06-09 22:19:00,61825.33,61838.43,61824.0,61832.01,0.88755
2026-06-09 22:20:00,61894.0,61912.0,61894.0,61912.0,2.10155
2026-06-09 22:21:00,61949.97,61949.97,61914.0,61914.0,1.64513
2026-06-09 22:22:00,61906.94,61906.94,61889.08,61889.09,1.43443
2026-06-09 22:23:00,61869.58,61872.82,61869.58,61872.82,0.13334
2026-06-09 22:24:00,61882.01,61893.42,61882.0,61893.42,0.52272
2026-06-09 22:25:00,61882.0,61882.0,61827.48,61827.49,2.96813
2026-06-09 22:26:00,61820.55,61828.0,61812.0,61812.01,1.51577
2026-06-09 22:27:00,61794.0,61794.01,61794.0,61794.01,0.19762
2026-06-09 22:28:00,61789.82,61789.82,61786.0,61786.0,0.50155
2026-06-09 22:29:00,61793.81,61793.82,61793.81,61793.82,1.49301
2026-06-09 22:30:00,61810.0,61843.36,61810.0,61843.36,2.04492
2026-06-09 22:31:00,61796.77,61805.99,61783.11,61788.58,3.98279
2026-06-09 22:32:00,61838.79,61896.0,61838.79,61896.0,2.72713
2026-06-09 22:33:00,61910.0,61940.94,61906.0,61906.01,2.96929
2026-06-09 22:34:00,61901.99,61944.0,61901.98,61944.0,1.5443
2026-06-09 22:35:00,61965.99,61976.0,61958.0,61959.31,2.2211
2026-06-09 22:36:00,61944.08,61965.11,61944.0,61948.6,3.19264
2026-06-09 22:37:00,61870.51,61879.2,61826.01,61835.71,4.87084
2026-06-09 22:38:00,61804.59,61841.08,61804.58,61841.08,3.30516
2026-06-09 22:39:00,61867.52,61867.52,61858.38,61867.49,1.97216
2026-06-09 22:40:00,61898.0,61898.0,61856.0,61863.99,1.3577
2026-06-09 22:41:00,61812.06,61812.07,61784.0,61784.01,4.56272
2026-06-09 22:42:00,61788.99,61814.51,61788.98,61813.99,4.98976
2026-06-09 22:43:00,61822.0,61849.1,61809.99,61812.01,7.04984
2026-06-09 22:44:00,61822.0,61854.0,61822.0,61853.99,1.75019
2026-06-09 22:45:00,61856.01,61876.0,61850.0,61850.0,2.30253
2026-06-09 22:46:00,61859.17,61868.0,61859.17,61865.56,1.50442
2026-06-09 22:47:00,61854.01,61857.8,61835.0,61851.91,2.52241
2026-06-09 22:48:00,61851.91,61851.92,61796.41,61809.99,5.15675
2026-06-09 22:49:00,61826.0,61848.0,61826.0,61834.24,1.34173
2026-06-09 22:50:00,61816.01,61816.01,61779.0,61779.01,2.56862
2026-06-09 22:51:00,61760.0,61760.01,61720.55,61747.45,13.77531
2026-06-09 22:52:00,61775.13,61788.0,61744.0,61744.01,2.83679
2026-06-09 22:53:00,61732.01,61732.01,61699.93,61700.0,4.487
2026-06-09 22:54:00,61698.0,61752.0,61698.0,61751.99,1.80083
2026-06-09 22:55:00,61753.25,61783.31,61753.25,61782.09,4.35771
2026-06-09 22:56:00,61781.83,61781.84,61734.0,61734.01,3.42643
2026-06-09 22:57:00,61716.0,61725.76,61704.4,61704.4,2.07554
2026-06-09 22:58:00,61700.87,61709.89,61683.43,61683.43,4.4042
2026-06-09 22:59:00,61678.84,61713.99,61678.84,61713.99,3.23783
2026-06-09 23:00:00,61717.5,61762.56,61717.5,61762.56,6.01534
2026-06-09 23:01:00,61747.14,61747.15,61690.0,61690.01,3.34811
2026-06-09 23:02:00,61690.0,61754.0,61690.0,61754.0,3.83369
2026-06-09 23:03:00,61766.63,61800.0,61718.0,61784.01,9.32893
2026-06-09 23:04:00,61784.01,61789.21,61764.01,61772.0,2.50045
2026-06-09 23:05:00,61771.99,61775.09,61752.01,61758.88,3.0412
2026-06-09 23:06:00,61752.0,61752.0,61710.0,61716.0,4.52366
2026-06-09 23:07:00,61719.99,61775.79,61718.0,61764.0,2.66137
2026-06-09 23:08:00,61764.01,61800.0,61764.0,61794.0,1.61957
2026-06-09 23:09:00,61794.01,61796.21,61756.0,61756.0,2.7098
2026-06-09 23:10:00,61756.0,61756.01,61710.01,61710.01,6.26139
2026-06-09 23:11:00,61710.01,61710.01,61710.01,61710.01,0.0
2026-06-09 23:12:00,61674.08,61674.08,61674.08,61674.08,0.00118
2026-06-09 23:13:00,61714.01,61714.01,61714.01,61714.01,0.0089
2026-06-09 23:14:00,61762.0,61762.0,61761.99,61762.0,0.00194
2026-06-09 23:15:00,61750.01,61750.01,61736.01,61736.01,0.50594
2026-06-09 23:16:00,61780.74,61793.65,61780.74,61793.44,0.23079
2026-06-09 23:17:00,61841.89,61841.9,61841.89,61841.89,0.01728
2026-06-09 23:18:00,61833.88,61837.52,61833.87,61837.52,0.11932
2026-06-09 23:19:00,61791.99,61798.0,61791.99,61798.0,0.3363
2026-06-09 23:20:00,61833.3,61834.0,61833.3,61833.99,0.16728
2026-06-09 23:21:00,61867.85,61867.86,61867.85,61867.86,0.83354
2026-06-09 23:22:00,61824.0,61824.0,61810.0,61810.01,0.35037
2026-06-09 23:23:00,61801.99,61829.18,61801.99,61824.0,1.03381
2026-06-09 23:24:00,61749.86,61756.0,61749.86,61756.0,0.0797
2026-06-09 23:25:00,61791.82,61802.0,61791.82,61802.0,0.3224
2026-06-09 23:26:00,61793.58,61806.0,61793.58,61805.99,0.36524
2026-06-09 23:27:00,61802.74,61802.74,61802.73,61802.74,0.15646
2026-06-09 23:28:00,61792.27,61792.27,61758.69,61758.7,1.65315
2026-06-09 23:29:00,61730.0,61730.0,61684.8,61685.18,2.86209
2026-06-09 23:30:00,61691.99,61720.0,61691.99,61719.99,2.11283
2026-06-09 23:31:00,61658.55,61678.0,61657.32,61659.65,3.10917
2026-06-09 23:32:00,61672.47,61686.0,61664.01,61677.73,1.28709
2026-06-09 23:33:00,61708.01,61724.0,61708.01,61724.0,1.24766
2026-06-09 23:34:00,61727.05,61732.0,61710.01,61710.01,1.74823
2026-06-09 23:35:00,61669.44,61669.44,61626.0,61627.8,3.80755
2026-06-09 23:36:00,61578.03,61580.0,61576.1,61580.0,0.66854
2026-06-09 23:37:00,61600.0,61600.0,61584.0,61594.0,1.0722
2026-06-09 23:38:00,61562.01,61587.5,61562.01,61587.5,1.32003
2026-06-09 23:39:00,61578.01,61590.0,61578.01,61589.99,0.74132
2026-06-09 23:40:00,61599.99,61610.0,61599.99,61610.0,0.48138
2026-06-09 23:41:00,61609.33,61612.0,61599.99,61612.0,2.60942
2026-06-09 23:42:00,61596.04,61596.05,61596.04,61596.05,0.1852
2026-06-09 23:43:00,61596.05,61620.0,61596.04,61620.0,0.82886
2026-06-09 23:44:00,61618.0,61618.0,61610.0,61610.0,0.6741
2026-06-09 23:45:00,61632.0,61648.0,61617.45,61617.45,2.88035
2026-06-09 23:46:00,61646.0,61660.0,61645.99,61646.0,1.18809
2026-06-09 23:47:00,61672.72,61678.0,61656.01,61663.78,0.93093
2026-06-09 23:48:00,61640.0,61654.0,61634.0,61634.01,1.65393
2026-06-09 23:49:00,61624.01,61624.01,61624.0,61624.0,0.46413
2026-06-09 23:50:00,61608.0,61608.0,61602.72,61602.73,0.24488
2026-06-09 23:51:00,61608.5,61631.99,61596.01,61631.99,20.46147
2026-06-09 23:52:00,61676.0,61682.0,61675.99,61681.99,0.61996
2026-06-09 23:53:00,61695.61,61748.0,61695.61,61742.93,9.40463
2026-06-09 23:54:00,61725.58,61725.58,61683.53,61683.53,1.41896
2026-06-09 23:55:00,61702.21,61739.31,61702.2,61722.0,4.80797
2026-06-09 23:56:00,61719.02,61719.99,61712.0,61712.01,1.44142
2026-06-09 23:57:00,61702.0,61703.91,61688.0,61698.0,4.12847
2026-06-09 23:58:00,61698.0,61709.67,61692.0,61703.49,4.3699
2026-06-09 23:59:00,61684.0,61712.0,61684.0,61712.0,3.21785
2026-06-10 00:00:00,61730.0,61747.04,61717.05,61717.05,12.76446
2026-06-10 00:01:00,61730.0,61733.74,61729.99,61733.74,0.75057
2026-06-10 00:02:00,61701.11,61797.01,61701.1,61797.01,5.61011
2026-06-10 00:03:00,61797.01,61823.44,61788.0,61823.44,2.12191
2026-06-10 00:04:00,61810.01,61822.0,61792.0,61812.0,6.01868
2026-06-10 00:05:00,61830.0,61869.67,61829.87,61869.67,5.24215
2026-06-10 00:06:00,61882.44,61882.45,61858.0,61861.07,1.07356
2026-06-10 00:07:00,61886.0,61890.01,61856.0,61856.01,6.47136
2026-06-10 00:08:00,61860.0,61870.17,61802.0,61802.0,15.3189
2026-06-10 00:09:00,61794.0,61802.46,61766.0,61802.46,8.4213
2026-06-10 00:10:00,61852.88,61852.89,61798.0,61817.2,8.74387
2026-06-10 00:11:00,61820.31,61845.6,61820.0,61825.84,6.06074
2026-06-10 00:12:00,61832.0,61850.01,61810.0,61810.0,3.19729
2026-06-10 00:13:00,61806.01,61806.01,61746.0,61746.0,10.51637
2026-06-10 00:14:00,61768.51,61837.17,61768.51,61832.58,6.18426
2026-06-10 00:15:00,61832.58,61842.0,61780.97,61780.98,7.71202
2026-06-10 00:16:00,61775.59,61779.9,61744.0,61749.27,7.05631
2026-06-10 00:17:00,61749.27,61806.0,61746.23,61768.01,8.10338
2026-06-10 00:18:00,61768.52,61787.97,61768.51,61781.99,8.15136
2026-06-10 00:19:00,61781.99,61821.99,61760.0,61821.98,6.32399
2026-06-10 00:20:00,61821.98,61821.98,61760.0,61760.01,8.46305
2026-06-10 00:21:00,61750.0,61762.0,61723.82,61761.99,5.56022
2026-06-10 00:22:00,61768.5,61784.92,61761.26,61784.92,3.43655
2026-06-10 00:23:00,61784.94,61784.94,61742.71,61753.09,3.87013
2026-06-10 00:24:00,61753.1,61787.98,61753.09,61787.98,1.95599
2026-06-10 00:25:00,61787.97,61796.0,61778.0,61778.01,2.15978
2026-06-10 00:26:00,61774.05,61774.05,61754.34,61768.51,2.44213
2026-06-10 00:27:00,61761.29,61794.0,61750.0,61793.99,2.68537
2026-06-10 00:28:00,61793.99,61793.99,61793.99,61793.99,0.00024
2026-06-10 00:29:00,61850.0,61856.85,61850.0,61856.85,0.1662
2026-06-10 00:30:00,61852.8,61852.8,61852.79,61852.79,0.08503
2026-06-10 00:31:00,61830.72,61835.99,61830.72,61835.99,0.54554
2026-06-10 00:32:00,61808.0,61808.01,61784.0,61784.0,0.85011
2026-06-10 00:33:00,61706.0,61706.0,61666.0,61666.0,2.77973
2026-06-10 00:34:00,61654.0,61676.84,61654.0,61676.83,0.89451
2026-06-10 00:35:00,61599.36,61637.99,61599.36,61637.99,1.16772
2026-06-10 00:36:00,61600.15,61600.16,61596.0,61597.91,1.34844
2026-06-10 00:37:00,61538.51,61541.99,61530.0,61541.99,0.62773
2026-06-10 00:38:00,61583.84,61636.0,61583.84,61636.0,1.96782
2026-06-10 00:39:00,61642.9,61642.9,61596.31,61597.68,11.32326
2026-06-10 00:40:00,61580.0,61584.0,61579.99,61584.0,0.21684
2026-06-10 00:41:00,61562.0,61562.0,61534.0,61534.0,3.04808
2026-06-10 00:42:00,61510.01,61515.37,61504.33,61505.22,1.98081
2026-06-10 00:43:00,61542.01,61547.75,61528.0,61528.0,26.73389
2026-06-10 00:44:00,61467.76,61467.77,61440.0,61461.99,4.74391
2026-06-10 00:45:00,61519.99,61534.0,61514.0,61518.0,0.62355
2026-06-10 00:46:00,61547.4,61548.0,61516.0,61520.84,1.14444
2026-06-10 00:47:00,61534.0,61602.0,61534.0,61599.86,4.93777
2026-06-10 00:48:00,61610.0,61610.0,61584.0,61584.01,0.93033
2026-06-10 00:49:00,61616.32,61639.99,61606.0,61639.99,1.91653
2026-06-10 00:50:00,61690.62,61690.62,61654.0,61654.01,1.31826
2026-06-10 00:51:00,61618.0,61631.29,61616.0,61629.99,0.84088
2026-06-10 00:52:00,61633.61,61675.13,61633.61,61660.01,3.68632
2026-06-10 00:53:00,61679.86,61680.0,61655.43,61679.99,1.4238
2026-06-10 00:54:00,61708.0,61728.0,61708.0,61724.0,0.50455
2026-06-10 00:55:00,61738.39,61784.0,61731.99,61783.99,2.9654
2026-06-10 00:56:00,61746.0,61765.99,61745.99,61765.99,1.96314
2026-06-10 00:57:00,61809.44,61854.0,61809.44,61854.0,5.27651
2026-06-10 00:58:00,61850.0,61924.0,61850.0,61904.0,5.52971
2026-06-10 00:59:00,61878.01,61887.96,61874.0,61881.45,2.66293
2026-06-10 01:00:00,61923.16,61944.0,61894.0,61943.99,4.99439
2026-06-10 01:01:00,61923.2,61923.2,61890.0,61910.0,1.58954
2026-06-10 01:02:00,61893.72,61906.0,61884.43,61898.71,1.70294
2026-06-10 01:03:00,61902.93,61916.0,61870.47,61898.01,4.80301
2026-06-10 01:04:00,61922.0,61936.0,61920.0,61934.9,2.04217
2026-06-10 01:05:00,61972.0,61974.7,61916.0,61916.01,8.91554
2026-06-10 01:06:00,61868.0,61868.01,61846.0,61866.0,5.7911
2026-06-10 01:07:00,61846.01,61852.01,61784.0,61784.0,4.97028
2026-06-10 01:08:00,61774.01,61774.01,61760.85,61772.0,2.65269
2026-06-10 01:09:00,61776.0,61800.0,61772.01,61772.01,2.65185
2026-06-10 01:10:00,61712.0,61748.0,61677.74,61747.15,8.64713
2026-06-10 01:11:00,61748.0,61796.0,61748.0,61760.0,2.65928
2026-06-10 01:12:00,61755.88,61804.0,61755.88,61795.41,4.57479
2026-06-10 01:13:00,61842.0,61844.0,61800.0,61800.0,1.0477
2026-06-10 01:14:00,61798.24,61802.0,61790.0,61798.0,0.8599
2026-06-10 01:15:00,61824.0,61866.0,61792.0,61865.99,3.47879
2026-06-10 01:16:00,61836.0,61845.99,61810.0,61845.99,7.97637
2026-06-10 01:17:00,61874.0,61882.19,61835.45,61835.45,2.73131
2026-06-10 01:18:00,61870.0,61870.0,61850.01,61853.89,1.54654
2026-06-10 01:19:00,61852.0,61854.3,61836.01,61846.01,2.52937
2026-06-10 01:20:00,61891.11,61892.0,61790.0,61794.05,4.19396
2026-06-10 01:21:00,61800.0,61819.99,61788.0,61788.0,2.81124
2026-06-10 01:22:00,61776.0,61789.99,61760.0,61762.0,4.52192
2026-06-10 01:23:00,61768.52,61808.0,61768.52,61800.75,2.67123
2026-06-10 01:24:00,61774.0,61774.0,61744.06,61755.99,3.91845
2026-06-10 01:25:00,61757.99,61772.39,61752.01,61771.99,8.84271
2026-06-10 01:26:00,61782.0,61832.0,61782.0,61814.0,3.379
2026-06-10 01:27:00,61814.37,61826.0,61796.0,61825.99,2.95794
2026-06-10 01:28:00,61844.0,61870.31,61844.0,61849.99,3.75603
2026-06-10 01:29:00,61843.3,61847.99,61786.01,61816.0,6.72519
2026-06-10 01:30:00,61826.0,61842.0,61750.0,61778.0,7.62003
2026-06-10 01:31:00,61772.0,61788.0,61760.64,61787.99,2.15799
2026-06-10 01:32:00,61815.99,61848.0,61796.71,61847.99,4.84896
2026-06-10 01:33:00,61867.77,61867.77,61820.0,61833.99,3.26415
2026-06-10 01:34:00,61834.0,61896.0,61816.0,61890.88,3.85413
2026-06-10 01:35:00,61882.0,61890.0,61876.0,61880.0,1.35717
2026-06-10 01:36:00,61866.0,61866.0,61736.0,61736.0,6.9978
2026-06-10 01:37:00,61746.0,61749.85,61685.54,61703.99,8.28629
2026-06-10 01:38:00,61704.0,61704.0,61644.0,61675.99,2.59759
2026-06-10 01:39:00,61677.78,61770.0,61677.78,61748.01,4.40568
2026-06-10 01:40:00,61748.0,61758.0,61701.15,61703.69,4.98209
2026-06-10 01:41:00,61702.0,61702.01,61656.0,61660.93,2.60874
2026-06-10 01:42:00,61660.93,61660.93,61660.93,61660.93,0.0
2026-06-10 01:43:00,61607.05,61610.7,61607.05,61610.01,0.05324
2026-06-10 01:44:00,61621.95,61624.9,61621.94,61624.89,0.05327
2026-06-10 01:45:00,61638.9,61647.99,61638.89,61647.99,0.13311
2026-06-10 01:46:00,61646.0,61647.99,61630.0,61630.01,0.90023
2026-06-10 01:47:00,61670.0,61684.0,61664.0,61664.0,0.73824
2026-06-10 01:48:00,61654.0,61654.0,61653.99,61654.0,0.01209
2026-06-10 01:49:00,61747.99,61758.0,61747.99,61758.0,0.2206
2026-06-10 01:50:00,61820.23,61820.24,61814.01,61820.23,0.70724
2026-06-10 01:51:00,61782.99,61783.0,61764.0,61765.17,1.2621
2026-06-10 01:52:00,61760.01,61760.01,61742.0,61745.78,0.47525
2026-06-10 01:53:00,61750.0,61750.0,61736.0,61736.01,1.155
2026-06-10 01:54:00,61761.99,61776.0,61761.99,61775.99,0.92579
2026-06-10 01:55:00,61781.99,61781.99,61746.0,61749.56,1.04635
2026-06-10 01:56:00,61787.83,61788.0,61770.0,61788.0,0.56968
2026-06-10 01:57:00,61750.0,61753.69,61730.0,61730.0,0.94971
2026-06-10 01:58:00,61708.0,61714.06,61696.01,61696.01,0.69538
2026-06-10 01:59:00,61691.09,61694.57,61691.09,61694.56,0.27638
2026-06-10 02:00:00,61714.0,61739.9,61714.0,61739.9,3.8011
2026-06-10 02:01:00,61729.9,61771.63,61729.89,61771.63,1.61414
2026-06-10 02:02:00,61774.0,61837.67,61773.99,61837.66,9.39502
2026-06-10 02:03:00,61809.98,61809.98,61774.0,61774.01,2.20585
2026-06-10 02:04:00,61778.01,61792.0,61728.0,61728.01,9.54469
2026-06-10 02:05:00,61706.0,61706.0,61671.51,61671.51,2.74231
2026-06-10 02:06:00,61675.99,61676.0,61675.99,61675.99,0.14481
2026-06-10 02:07:00,61678.98,61678.98,61675.1,61675.11,0.45039
2026-06-10 02:08:00,61700.87,61700.88,61682.17,61695.18,3.90961
2026-06-10 02:09:00,61638.01,61638.01,61622.0,61625.99,0.89913
2026-06-10 02:10:00,61641.99,61652.0,61641.99,61646.22,1.18415
2026-06-10 02:11:00,61600.0,61612.0,61588.0,61592.62,23.008
2026-06-10 02:12:00,61582.31,61584.61,61562.49,61564.0,7.32481
2026-06-10 02:13:00,61573.14,61592.0,61573.14,61592.0,1.03027
2026-06-10 02:14:00,61564.01,61564.01,61550.0,61550.01,11.23104
2026-06-10 02:15:00,61559.37,61574.0,61544.44,61544.45,5.15106
2026-06-10 02:16:00,61528.0,61528.0,61476.0,61500.01,10.38548
2026-06-10 02:17:00,61435.55,61435.55,61350.63,61377.4,43.53231
2026-06-10 02:18:00,61402.0,61440.0,61374.0,61374.0,4.1648
2026-06-10 02:19:00,61442.0,61453.5,61408.01,61423.99,9.69328
2026-06-10 02:20:00,61431.99,61460.0,61430.62,61456.2,5.50491
2026-06-10 02:21:00,61462.87,61514.0,61462.87,61492.0,5.99833
2026-06-10 02:22:00,61492.0,61522.0,61479.75,61482.0,4.00174
2026-06-10 02:23:00,61482.01,61504.0,61482.0,61482.01,1.72951
2026-06-10 02:24:00,61466.0,61508.0,61466.0,61476.01,5.62211
2026-06-10 02:25:00,61428.0,61448.0,61406.0,61437.56,7.92335
2026-06-10 02:26:00,61443.84,61443.85,61372.0,61389.99,5.67047
2026-06-10 02:27:00,61374.01,61433.99,61360.0,61433.97,7.53264
2026-06-10 02:28:00,61461.83,61484.0,61444.01,61450.15,18.70474
2026-06-10 02:29:00,61434.0,61474.0,61423.4,61473.99,11.77713
2026-06-10 02:30:00,61492.0,61546.01,61492.0,61512.85,5.6832
2026-06-10 02:31:00,61488.01,61488.01,61448.84,61460.65,4.15546
2026-06-10 02:32:00,61444.01,61444.01,61342.0,61346.05,9.97561
2026-06-10 02:33:00,61352.0,61364.0,61318.0,61325.99,4.86025
2026-06-10 02:34:00,61336.0,61372.0,61299.49,61346.01,8.75566
2026-06-10 02:35:00,61346.0,61352.15,61310.48,61329.99,3.52273
2026-06-10 02:36:00,61326.51,61386.0,61300.0,61380.0,6.03119
2026-06-10 02:37:00,61366.01,61401.24,61340.0,61401.23,4.33545
2026-06-10 02:38:00,61396.6,61430.86,61394.0,61420.01,4.62788
2026-06-10 02:39:00,61419.97,61419.97,61386.01,61386.01,1.6545
2026-06-10 02:40:00,61335.06,61375.49,61320.0,61366.42,6.07069
2026-06-10 02:41:00,61348.64,61368.0,61332.0,61354.01,2.61076
2026-06-10 02:42:00,61360.01,61396.0,61360.0,61382.0,1.76882
2026-06-10 02:43:00,61368.0,61377.99,61310.0,61318.05,3.98429
2026-06-10 02:44:00,61330.0,61372.0,61315.99,61371.99,5.00195
2026-06-10 02:45:00,61373.99,61376.0,61346.01,61360.0,3.71188
2026-06-10 02:46:00,61363.36,61384.0,61318.0,61318.01,3.97652
2026-06-10 02:47:00,61311.62,61311.75,61276.0,61311.75,15.39851
2026-06-10 02:48:00,61291.88,61296.0,61252.0,61294.61,6.33066
2026-06-10 02:49:00,61294.6,61337.26,61291.29,61334.92,5.44803
2026-06-10 02:50:00,61326.0,61338.0,61261.45,61261.45,6.76204
2026-06-10 02:51:00,61261.46,61290.0,61258.0,61267.82,7.08002
2026-06-10 02:52:00,61267.82,61267.82,61267.82,61267.82,0.0
2026-06-10 02:53:00,61265.33,61265.33,61265.33,61265.33,0.00649
2026-06-10 02:54:00,61247.48,61247.48,61238.0,61238.0,1.08997
2026-06-10 02:55:00,61244.63,61264.74,61244.63,61264.74,1.64861
2026-06-10 02:56:00,61286.42,61290.0,61272.0,61272.0,1.55824
2026-06-10 02:57:00,61297.09,61308.68,61297.09,61308.67,1.23584
2026-06-10 02:58:00,61329.21,61329.21,61322.0,61322.01,0.11351
2026-06-10 02:59:00,61338.12,61340.64,61338.11,61340.64,0.14623
2026-06-10 03:00:00,61302.37,61302.37,61299.06,61302.36,1.72828
2026-06-10 03:01:00,61326.0,61352.0,61326.0,61351.99,1.48292
2026-06-10 03:02:00,61342.0,61356.18,61342.0,61356.17,1.48794
2026-06-10 03:03:00,61374.15,61374.15,61350.0,61350.01,0.44444
2026-06-10 03:04:00,61368.23,61374.38,61368.23,61374.38,0.3537
2026-06-10 03:05:00,61391.99,61420.0,61391.99,61420.0,2.71171
2026-06-10 03:06:00,61458.53,61477.94,61458.53,61476.0,2.40678
2026-06-10 03:07:00,61467.25,61467.26,61456.05,61456.05,1.54603
2026-06-10 03:08:00,61424.8,61432.15,61424.8,61432.14,0.39176
2026-06-10 03:09:00,61462.0,61469.9,61462.0,61469.9,1.5781
2026-06-10 03:10:00,61466.9,61473.48,61453.92,61453.92,1.70394
2026-06-10 03:11:00,61422.15,61422.16,61416.0,61422.0,0.85255
2026-06-10 03:12:00,61444.0,61444.01,61429.07,61434.49,1.13255
2026-06-10 03:13:00,61435.99,61447.99,61435.99,61445.1,1.16516
2026-06-10 03:14:00,61433.99,61434.0,61428.85,61428.86,0.58985
2026-06-10 03:15:00,61433.35,61441.99,61426.88,61441.99,5.69716
2026-06-10 03:16:00,61413.98,61431.99,61408.99,61431.99,1.71644
2026-06-10 03:17:00,61474.92,61484.0,61456.0,61456.01,2.08707
2026-06-10 03:18:00,61424.01,61424.01,61399.27,61402.01,6.65751
2026-06-10 03:19:00,61378.0,61378.0,61341.57,61345.22,2.77319
2026-06-10 03:20:00,61368.26,61368.27,61350.0,61350.0,0.73057
2026-06-10 03:21:00,61352.0,61376.0,61352.0,61360.15,3.2367
2026-06-10 03:22:00,61374.0,61409.91,61373.99,61409.91,2.9834
2026-06-10 03:23:00,61386.01,61394.0,61376.92,61394.0,0.82863
2026-06-10 03:24:00,61393.66,61406.0,61393.66,61401.22,0.67009
2026-06-10 03:25:00,61401.23,61442.0,61396.42,61442.0,2.60311
2026-06-10 03:26:00,61432.01,61432.01,61418.0,61425.22,1.91598
2026-06-10 03:27:00,61435.41,61458.91,61435.4,61458.24,1.27344
2026-06-10 03:28:00,61479.99,61480.0,61476.74,61476.74,0.93393
2026-06-10 03:29:00,61545.46,61594.0,61545.46,61576.0,9.32814
2026-06-10 03:30:00,61576.48,61576.49,61522.64,61532.57,4.62888
2026-06-10 03:31:00,61540.01,61554.0,61498.0,61498.01,4.13431
2026-06-10 03:32:00,61476.74,61501.99,61476.74,61487.1,2.28746
2026-06-10 03:33:00,61455.98,61512.0,61454.01,61512.0,2.55008
2026-06-10 03:34:00,61488.0,61488.01,61442.51,61448.0,2.14817
2026-06-10 03:35:00,61457.61,61478.0,61450.0,61468.46,3.33316
2026-06-10 03:36:00,61467.77,61477.24,61454.0,61468.01,7.4229
2026-06-10 03:37:00,61476.0,61507.06,61448.2,61507.05,6.58697
2026-06-10 03:38:00,61507.99,61540.7,61500.89,61537.62,2.80178
2026-06-10 03:39:00,61547.36,61550.47,61534.0,61534.01,1.46864
2026-06-10 03:40:00,61522.0,61522.0,61486.0,61486.02,3.81982
2026-06-10 03:41:00,61478.01,61478.01,61466.24,61466.25,2.31656
2026-06-10 03:42:00,61466.25,61486.35,61466.24,61486.35,2.92247
2026-06-10 03:43:00,61468.58,61529.55,61468.58,61528.25,4.89388
2026-06-10 03:44:00,61523.38,61532.0,61523.38,61527.48,2.86619
2026-06-10 03:45:00,61527.48,61539.98,61527.47,61539.97,5.19079
2026-06-10 03:46:00,61549.99,61558.0,61545.99,61557.99,2.28875
2026-06-10 03:47:00,61569.5,61572.3,61536.97,61536.97,3.40519
2026-06-10 03:48:00,61536.97,61583.48,61536.97,61542.09,7.71185
2026-06-10 03:49:00,61556.0,61568.0,61542.59,61551.45,2.99723
2026-06-10 03:50:00,61560.0,61562.35,61505.01,61505.01,4.33946
2026-06-10 03:51:00,61491.1,61517.13,61488.28,61512.45,6.37515
2026-06-10 03:52:00,61512.44,61538.0,61504.87,61522.0,2.41203
2026-06-10 03:53:00,61510.01,61528.0,61510.01,61524.73,4.1551
2026-06-10 03:54:00,61524.73,61546.0,61514.06,61546.0,1.53994
2026-06-10 03:55:00,61546.0,61546.0,61522.0,61522.0,1.59333
2026-06-10 03:56:00,61522.0,61526.21,61521.37,61521.38,1.4009
2026-06-10 03:57:00,61521.37,61530.0,61510.0,61529.99,2.0319
2026-06-10 03:58:00,61529.99,61548.49,61529.99,61541.99,2.84248
2026-06-10 03:59:00,61542.0,61549.65,61533.0,61549.65,3.92359
2026-06-10 04:00:00,61549.64,61560.0,61538.12,61556.7,3.59536
2026-06-10 04:01:00,61556.71,61556.71,61545.15,61550.74,1.5312
2026-06-10 04:02:00,61550.73,61550.74,61505.04,61513.33,5.71258
2026-06-10 04:03:00,61513.32,61526.77,61490.0,61490.01,4.98385
2026-06-10 04:04:00,61490.01,61490.01,61490.01,61490.01,0.0
2026-06-10 04:05:00,61491.99,61492.0,61491.99,61492.0,0.10379
2026-06-10 04:06:00,61502.0,61504.0,61502.0,61504.0,0.11297
2026-06-10 04:07:00,61492.0,61492.01,61492.0,61492.0,0.03262
2026-06-10 04:08:00,61513.53,61524.49,61513.52,61524.49,0.16625
2026-06-10 04:09:00,61535.1,61542.57,61535.1,61542.57,0.76733
2026-06-10 04:10:00,61554.0,61554.7,61554.0,61554.69,0.07865
2026-06-10 04:11:00,61536.42,61536.42,61536.41,61536.42,0.09184
2026-06-10 04:12:00,61477.02,61477.03,61477.02,61477.03,0.04109
2026-06-10 04:13:00,61446.01,61454.96,61446.0,61454.96,0.60254
2026-06-10 04:14:00,61468.0,61496.0,61468.0,61496.0,0.49777
2026-06-10 04:15:00,61509.98,61509.98,61501.51,61501.52,0.5281
2026-06-10 04:16:00,61518.13,61518.13,61518.12,61518.13,0.0379
2026-06-10 04:17:00,61501.28,61524.0,61501.28,61518.25,2.06946
2026-06-10 04:18:00,61508.0,61508.01,61500.0,61500.01,0.67177
2026-06-10 04:19:00,61517.5,61534.0,61517.5,61533.99,2.101
2026-06-10 04:20:00,61507.17,61530.0,61507.17,61529.99,0.56393
2026-06-10 04:21:00,61534.01,61534.01,61534.0,61534.01,0.05234
2026-06-10 04:22:00,61485.99,61485.99,61466.8,61466.81,0.45345
2026-06-10 04:23:00,61503.15,61517.54,61503.14,61517.54,0.67635
2026-06-10 04:24:00,61504.67,61504.67,61504.66,61504.67,0.10165
2026-06-10 04:25:00,61497.37,61512.0,61497.37,61512.0,0.83434
2026-06-10 04:26:00,61510.13,61522.47,61510.12,61522.47,0.9871
2026-06-10 04:27:00,61516.92,61516.92,61476.0,61480.01,2.09468
2026-06-10 04:28:00,61485.98,61485.99,61485.98,61485.98,0.26076
2026-06-10 04:29:00,61464.01,61472.0,61455.37,61472.0,1.23355
2026-06-10 04:30:00,61471.99,61471.99,61402.0,61402.0,2.02972
2026-06-10 04:31:00,61429.99,61430.0,61372.0,61394.0,5.56251
2026-06-10 04:32:00,61362.0,61362.01,61354.66,61356.02,3.78522
2026-06-10 04:33:00,61328.01,61348.0,61328.01,61335.86,5.99354
2026-06-10 04:34:00,61332.02,61333.5,61330.0,61330.01,2.38124
2026-06-10 04:35:00,61339.12,61350.0,61337.36,61350.0,0.47856
2026-06-10 04:36:00,61356.01,61356.01,61308.0,61308.01,3.73285
2026-06-10 04:37:00,61254.01,61265.57,61254.0,61260.28,0.68304
2026-06-10 04:38:00,61228.0,61228.01,61201.5,61201.5,5.22024
2026-06-10 04:39:00,61222.86,61248.0,61182.65,61248.0,26.90822
2026-06-10 04:40:00,61264.0,61300.0,61264.0,61300.0,6.41236
2026-06-10 04:41:00,61274.71,61287.32,61234.0,61234.01,4.65958
2026-06-10 04:42:00,61224.35,61239.07,61220.06,61228.1,4.70446
2026-06-10 04:43:00,61214.23,61236.11,61214.23,61224.48,11.09838
2026-06-10 04:44:00,61227.61,61239.23,61213.38,61214.0,3.11179
2026-06-10 04:45:00,61228.59,61229.27,61196.52,61217.92,11.36153
2026-06-10 04:46:00,61232.0,61254.0,61232.0,61247.81,4.41554
2026-06-10 04:47:00,61271.99,61300.89,61271.99,61290.12,1.71751
2026-06-10 04:48:00,61303.77,61320.0,61300.13,61320.0,2.31643
2026-06-10 04:49:00,61355.99,61369.99,61328.0,61369.99,5.93724
2026-06-10 04:50:00,61340.01,61340.01,61314.0,61314.01,1.64267
2026-06-10 04:51:00,61334.3,61338.0,61330.43,61330.44,0.88659
2026-06-10 04:52:00,61310.03,61340.0,61310.02,61339.99,1.18225
2026-06-10 04:53:00,61336.22,61336.23,61290.0,61290.0,4.65366
2026-06-10 04:54:00,61290.01,61300.0,61286.04,61291.27,4.6352
2026-06-10 04:55:00,61284.01,61284.01,61248.0,61248.01,11.07892
2026-06-10 04:56:00,61248.01,61266.0,61242.0,61242.0,3.47827
2026-06-10 04:57:00,61242.01,61278.0,61242.0,61256.0,3.42234
2026-06-10 04:58:00,61256.01,61262.0,61256.0,61256.0,0.86131
2026-06-10 04:59:00,61264.0,61286.0,61264.0,61285.99,10.96873
2026-06-10 05:00:00,61296.0,61322.0,61296.0,61314.0,2.32911
2026-06-10 05:01:00,61323.99,61323.99,61204.0,61204.0,12.57374
2026-06-10 05:02:00,61210.0,61254.73,61210.0,61238.0,5.58229
2026-06-10 05:03:00,61256.83,61290.26,61256.83,61279.99,2.13797
2026-06-10 05:04:00,61282.0,61292.0,61266.0,61266.01,2.7188
2026-06-10 05:05:00,61280.82,61280.82,61256.0,61280.0,3.07471
2026-06-10 05:06:00,61283.99,61308.0,61258.0,61305.74,4.18057
2026-06-10 05:07:00,61308.01,61308.01,61286.0,61286.01,4.40699
2026-06-10 05:08:00,61242.01,61242.01,61150.0,61174.93,19.54862
2026-06-10 05:09:00,61178.0,61186.0,61158.0,61185.85,14.47074
2026-06-10 05:10:00,61185.85,61193.01,61164.0,61164.22,6.53041
2026-06-10 05:11:00,61169.77,61190.0,61168.01,61168.01,4.15073
2026-06-10 05:12:00,61168.01,61175.9,61152.0,61152.01,6.67305
2026-06-10 05:13:00,61152.01,61188.0,61150.0,61160.12,12.34248
2026-06-10 05:14:00,61160.11,61169.55,61124.69,61169.2,21.63431
2026-06-10 05:15:00,61175.4,61175.4,61120.0,61132.01,19.00911
2026-06-10 05:16:00,61132.01,61132.54,61104.14,61124.0,20.64401
2026-06-10 05:17:00,61123.94,61164.72,61096.75,61164.72,18.9756
2026-06-10 05:18:00,61164.72,61164.72,61164.72,61164.72,0.0
2026-06-10 05:19:00,61120.0,61120.0,61102.56,61102.56,0.80289
2026-06-10 05:20:00,61107.73,61114.43,61107.73,61114.43,0.27015
2026-06-10 05:21:00,61115.35,61116.04,61115.34,61116.03,0.41013
2026-06-10 05:22:00,61135.0,61138.0,61135.0,61138.0,0.05152
2026-06-10 05:23:00,61136.0,61173.18,61136.0,61165.99,1.9572
2026-06-10 05:24:00,61165.0,61165.01,61165.0,61165.01,0.19726
2026-06-10 05:25:00,61161.13,61172.0,61161.12,61172.0,0.29177
2026-06-10 05:26:00,61213.76,61220.0,61213.76,61219.99,1.0702
2026-06-10 05:27:00,61213.26,61232.0,61213.26,61232.0,0.31034
2026-06-10 05:28:00,61245.83,61255.33,61245.83,61255.33,0.7016
2026-06-10 05:29:00,61234.01,61239.9,61228.01,61228.01,5.60514
2026-06-10 05:30:00,61263.99,61284.0,61260.0,61284.0,1.9593
2026-06-10 05:31:00,61242.6,61248.72,61226.01,61226.01,1.54139
2026-06-10 05:32:00,61219.99,61256.01,61219.99,61256.01,0.85452
2026-06-10 05:33:00,61289.99,61291.99,61289.99,61290.93,3.79282
2026-06-10 05:34:00,61323.83,61323.84,61294.0,61294.0,1.66539
2026-06-10 05:35:00,61272.01,61278.01,61248.0,61248.0,6.04012
2026-06-10 05:36:00,61266.0,61266.5,61265.3,61265.3,0.53669
2026-06-10 05:37:00,61259.99,61266.0,61248.0,61252.42,0.63995
2026-06-10 05:38:00,61230.01,61230.01,61200.0,61200.01,1.25723
2026-06-10 05:39:00,61220.02,61232.08,61220.02,61232.07,0.77813
2026-06-10 05:40:00,61240.0,61242.0,61239.31,61239.32,0.37212
2026-06-10 05:41:00,61272.0,61286.0,61271.99,61285.99,0.9282
2026-06-10 05:42:00,61275.22,61275.22,61262.0,61262.01,1.64305
2026-06-10 05:43:00,61271.99,61282.0,61271.99,61276.0,1.44611
2026-06-10 05:44:00,61276.01,61278.01,61264.0,61278.0,1.17836
2026-06-10 05:45:00,61280.59,61288.96,61280.58,61288.96,0.79142
2026-06-10 05:46:00,61292.67,61292.67,61284.01,61284.02,4.58477
2026-06-10 05:47:00,61281.07,61281.07,61278.0,61278.01,0.66107
2026-06-10 05:48:00,61278.08,61278.08,61240.12,61240.2,5.92799
2026-06-10 05:49:00,61224.83,61240.0,61224.83,61240.0,1.8627
2026-06-10 05:50:00,61227.01,61235.49,61227.0,61235.48,0.68113
2026-06-10 05:51:00,61280.48,61287.86,61260.0,61260.0,1.29544
2026-06-10 05:52:00,61272.0,61272.0,61251.95,61255.78,1.68123
2026-06-10 05:53:00,61290.39,61305.43,61290.39,61305.42,1.34791
2026-06-10 05:54:00,61316.0,61380.0,61316.0,61379.99,5.78566
2026-06-10 05:55:00,61372.97,61380.0,61372.96,61373.77,1.54782
2026-06-10 05:56:00,61375.5,61375.51,61366.06,61366.06,1.79029
2026-06-10 05:57:00,61382.0,61400.01,61382.0,61397.97,3.55616
2026-06-10 05:58:00,61388.18,61388.18,61344.0,61344.0,6.09768
2026-06-10 05:59:00,61346.82,61346.83,61344.0,61344.0,0.99163
2026-06-10 06:00:00,61361.17,61366.7,61344.0,61349.01,3.81779
2026-06-10 06:01:00,61349.01,61356.18,61320.51,61335.98,3.5124
2026-06-10 06:02:00,61330.0,61347.83,61330.0,61347.83,1.91361
2026-06-10 06:03:00,61320.52,61335.97,61312.2,61312.21,2.31498
2026-06-10 06:04:00,61332.53,61375.13,61332.52,61375.12,4.64375
2026-06-10 06:05:00,61400.0,61400.0,61385.0,61385.01,1.61635
2026-06-10 06:06:00,61374.79,61378.0,61350.0,61366.0,2.81695
2026-06-10 06:07:00,61359.92,61359.92,61338.0,61344.17,12.42561
2026-06-10 06:08:00,61395.98,61424.34,61395.97,61423.61,5.81228
2026-06-10 06:09:00,61390.39,61404.0,61354.0,61354.01,13.62789
2026-06-10 06:10:00,61378.14,61378.14,61350.0,61365.99,6.75912
2026-06-10 06:11:00,61372.5,61388.37,61372.5,61381.11,2.51534
2026-06-10 06:12:00,61389.09,61389.09,61362.0,61375.42,15.92506
2026-06-10 06:13:00,61379.99,61382.0,61366.77,61366.77,1.35504
2026-06-10 06:14:00,61393.53,61393.53,61384.02,61393.52,0.93241
2026-06-10 06:15:00,61393.44,61413.99,61385.24,61413.99,7.05505
2026-06-10 06:16:00,61422.33,61422.34,61415.06,61420.2,3.04366
2026-06-10 06:17:00,61413.1,61454.35,61413.1,61450.64,3.39761
2026-06-10 06:18:00,61453.69,61486.0,61453.68,61465.73,29.35815
2026-06-10 06:19:00,61465.73,61480.0,61465.73,61466.79,6.48347
2026-06-10 06:20:00,61480.35,61482.07,61412.98,61413.01,10.47981
2026-06-10 06:21:00,61394.01,61413.01,61364.0,61367.6,8.32107
2026-06-10 06:22:00,61367.59,61393.51,61367.59,61390.97,3.02303
2026-06-10 06:23:00,61392.98,61394.0,61362.0,61373.66,5.92983
2026-06-10 06:24:00,61373.66,61373.67,61332.01,61352.95,11.77464
2026-06-10 06:25:00,61363.77,61367.99,61343.98,61343.99,1.88944
2026-06-10 06:26:00,61348.01,61408.0,61348.01,61407.99,15.48563
2026-06-10 06:27:00,61406.3,61408.0,61362.0,61362.01,13.13641
2026-06-10 06:28:00,61362.01,61362.01,61346.0,61346.0,0.63407
2026-06-10 06:29:00,61346.0,61352.0,61326.0,61351.99,7.82602
2026-06-10 06:30:00,61351.99,61362.01,61334.91,61334.92,17.71924
2026-06-10 06:31:00,61334.01,61334.01,61254.0,61257.18,11.46024
2026-06-10 06:32:00,61257.17,61257.18,61178.01,61196.38,24.9883
2026-06-10 06:33:00,61196.39,61220.01,61170.0,61171.18,6.55526
2026-06-10 06:34:00,61171.18,61171.18,61171.18,61171.18,0.0
2026-06-10 06:35:00,61178.0,61178.01,61178.0,61178.01,0.03283
2026-06-10 06:36:00,61178.0,61186.57,61178.0,61186.57,0.44806
2026-06-10 06:37:00,61300.0,61308.0,61298.45,61298.46,0.82618
2026-06-10 06:38:00,61299.34,61331.8,61299.34,61331.23,1.24961
2026-06-10 06:39:00,61380.0,61410.0,61380.0,61410.0,1.51763
2026-06-10 06:40:00,61432.7,61434.0,61432.7,61433.99,0.4097
2026-06-10 06:41:00,61410.01,61410.01,61402.0,61402.0,0.54167
2026-06-10 06:42:00,61390.0,61390.01,61389.79,61389.79,0.32849
2026-06-10 06:43:00,61405.88,61405.88,61405.87,61405.87,0.01871
2026-06-10 06:44:00,61409.62,61412.0,61409.61,61412.0,0.08963
2026-06-10 06:45:00,61433.58,61454.51,61433.57,61454.51,0.37466
2026-06-10 06:46:00,61457.7,61466.81,61457.7,61466.81,0.49215
2026-06-10 06:47:00,61450.21,61450.22,61439.89,61439.89,1.07704
2026-06-10 06:48:00,61516.0,61520.91,61516.0,61517.05,0.63015
2026-06-10 06:49:00,61484.0,61492.0,61480.46,61492.0,1.45234
2026-06-10 06:50:00,61478.63,61478.64,61460.0,61460.0,2.03596
2026-06-10 06:51:00,61428.0,61428.0,61427.98,61427.98,0.08738
2026-06-10 06:52:00,61457.07,61482.0,61457.07,61481.99,0.56356
2026-06-10 06:53:00,61473.11,61481.15,61473.11,61477.76,0.36668
2026-06-10 06:54:00,61482.0,61482.0,61477.33,61481.58,0.6778
2026-06-10 06:55:00,61509.98,61521.99,61509.98,61520.95,2.43589
2026-06-10 06:56:00,61494.01,61494.01,61486.0,61486.05,0.70684
2026-06-10 06:57:00,61473.32,61478.0,61473.32,61476.0,1.54367
2026-06-10 06:58:00,61468.05,61468.06,61460.64,61460.95,0.86547
2026-06-10 06:59:00,61473.08,61476.0,61473.08,61476.0,0.1187
2026-06-10 07:00:00,61472.89,61473.14,61460.6,61462.39,1.7733
2026-06-10 07:01:00,61458.01,61466.26,61449.36,61449.37,1.26974
2026-06-10 07:02:00,61452.01,61463.13,61452.01,61463.12,0.50085
2026-06-10 07:03:00,61486.0,61523.03,61486.0,61520.47,2.18427
2026-06-10 07:04:00,61557.15,61572.0,61552.0,61562.33,8.25211
2026-06-10 07:05:00,61541.53,61557.84,61526.0,61557.84,2.19166
2026-06-10 07:06:00,61520.47,61528.68,61499.37,61514.7,1.83629
2026-06-10 07:07:00,61510.64,61547.5,61510.64,61547.5,1.04776
2026-06-10 07:08:00,61541.2,61541.2,61530.75,61530.76,0.91771
2026-06-10 07:09:00,61527.39,61570.15,61527.38,61564.01,3.39325
2026-06-10 07:10:00,61565.58,61593.99,61565.58,61580.01,2.92343
2026-06-10 07:11:00,61571.65,61589.31,61558.01,61571.59,2.80218
2026-06-10 07:12:00,61559.66,61577.98,61559.66,61577.98,1.31311
2026-06-10 07:13:00,61566.0,61566.01,61534.0,61534.0,1.48046
2026-06-10 07:14:00,61528.0,61577.97,61528.0,61577.97,5.09424
2026-06-10 07:15:00,61577.68,61582.0,61560.29,61577.97,3.75965
2026-06-10 07:16:00,61586.0,61588.0,61571.69,61587.99,13.42004
2026-06-10 07:17:00,61615.05,61658.45,61615.05,61636.0,6.80482
2026-06-10 07:18:00,61658.45,61699.11,61658.45,61665.4,21.02972
2026-06-10 07:19:00,61660.0,61688.0,61656.0,61676.11,3.93689
2026-06-10 07:20:00,61668.39,61712.0,61668.38,61697.95,22.051
2026-06-10 07:21:00,61697.98,61720.58,61666.0,61666.0,26.17731
2026-06-10 07:22:00,61673.5,61690.0,61658.0,61659.12,3.68533
2026-06-10 07:23:00,61659.11,61679.09,61648.55,61670.0,5.53256
2026-06-10 07:24:00,61666.29,61669.5,61618.0,61618.0,4.21424
2026-06-10 07:25:00,61686.0,61686.0,61632.17,61632.18,116.34637
2026-06-10 07:26:00,61635.49,61646.73,61632.17,61639.35,1.5097
2026-06-10 07:27:00,61646.74,61657.8,61636.0,61636.01,5.22762
2026-06-10 07:28:00,61626.0,61640.0,61621.84,61640.0,1.84521
2026-06-10 07:29:00,61645.99,61655.85,61645.99,61647.75,2.45765
2026-06-10 07:30:00,61647.76,61647.76,61614.98,61629.91,5.12212
2026-06-10 07:31:00,61616.49,61629.26,61616.49,61616.78,2.61734
2026-06-10 07:32:00,61600.01,61600.01,61566.56,61572.65,5.10812
2026-06-10 07:33:00,61572.65,61605.48,61571.41,61605.48,6.95487
2026-06-10 07:34:00,61610.05,61813.34,61610.04,61786.4,27.88676
2026-06-10 07:35:00,61778.01,61791.32,61742.0,61746.01,10.26059
2026-06-10 07:36:00,61726.0,61740.0,61717.99,61740.0,4.79039
2026-06-10 07:37:00,61748.29,61776.4,61730.24,61743.59,53.14598
2026-06-10 07:38:00,61747.77,61782.0,61707.36,61707.36,12.09302
2026-06-10 07:39:00,61701.23,61724.49,61694.06,61724.48,12.82729
2026-06-10 07:40:00,61719.73,61750.0,61716.21,61749.99,14.25962
2026-06-10 07:41:00,61750.0,61754.16,61732.0,61732.0,9.74876
2026-06-10 07:42:00,61732.01,61736.0,61728.0,61735.17,4.6947
2026-06-10 07:43:00,61735.17,61748.0,61727.33,61748.0,6.65129
2026-06-10 07:44:00,61746.76,61756.0,61743.13,61756.0,3.60489
2026-06-10 07:45:00,61756.0,61756.0,61726.0,61733.04,12.60563
2026-06-10 07:46:00,61733.05,61733.05,61717.0,61717.01,5.36597
2026-06-10 07:47:00,61717.01,61749.99,61717.0,61749.98,2.52187
2026-06-10 07:48:00,61749.99,61749.99,61749.99,61749.99,0.0048
2026-06-10 07:49:00,61708.59,61708.59,61699.07,61699.07,0.47726
2026-06-10 07:50:00,61719.73,61719.73,61719.72,61719.73,0.05549
2026-06-10 07:51:00,61692.71,61692.71,61692.7,61692.7,0.03778
2026-06-10 07:52:00,61723.31,61723.32,61723.31,61723.32,0.04589
2026-06-10 07:53:00,61772.47,61772.47,61759.36,61759.36,0.46902
2026-06-10 07:54:00,61750.01,61750.01,61711.49,61711.5,2.78301
2026-06-10 07:55:00,61736.51,61736.51,61712.37,61712.37,20.11036
2026-06-10 07:56:00,61718.01,61721.01,61718.01,61721.01,0.12246
2026-06-10 07:57:00,61690.01,61692.74,61690.0,61692.74,1.11163
2026-06-10 07:58:00,61700.02,61704.0,61700.01,61704.0,0.05073
2026-06-10 07:59:00,61691.83,61691.84,61691.83,61691.84,0.05308
2026-06-10 08:00:00,61687.56,61687.57,61678.04,61678.04,1.39605
2026-06-10 08:01:00,61662.0,61662.01,61650.0,61651.99,3.33878
2026-06-10 08:02:00,61660.01,61660.01,61656.0,61656.0,1.45995
2026-06-10 08:03:00,61653.68,61653.69,61632.0,61632.0,2.80506
2026-06-10 08:04:00,61625.98,61625.99,61611.78,61617.93,1.62199
2026-06-10 08:05:00,61644.0,61673.31,61644.0,61666.54,1.16379
2026-06-10 08:06:00,61656.0,61656.0,61634.0,61640.56,1.55692
2026-06-10 08:07:00,61608.0,61608.0,61578.0,61578.0,3.54151
2026-06-10 08:08:00,61624.0,61624.0,61592.0,61592.01,3.95063
2026-06-10 08:09:00,61574.45,61585.45,61550.0,61550.0,9.6663
2026-06-10 08:10:00,61578.0,61625.47,61578.0,61619.29,7.15688
2026-06-10 08:11:00,61668.21,61685.24,61665.74,61683.67,3.98114
2026-06-10 08:12:00,61720.0,61720.0,61706.6,61706.84,4.26619
2026-06-10 08:13:00,61646.0,61657.0,61644.0,61644.0,8.21539
2026-06-10 08:14:00,61633.51,61633.98,61612.0,61612.01,2.17589
2026-06-10 08:15:00,61620.77,61630.0,61620.2,61620.2,2.94041
2026-06-10 08:16:00,61646.55,61670.0,61646.55,61665.22,8.04905
2026-06-10 08:17:00,61688.15,61702.0,61688.14,61702.0,0.67345
2026-06-10 08:18:00,61712.11,61721.86,61694.0,61694.0,6.07468
2026-06-10 08:19:00,61628.0,61662.66,61614.61,61614.61,5.10962
2026-06-10 08:20:00,61612.41,61645.99,61612.4,61637.29,1.45141
2026-06-10 08:21:00,61640.69,61646.0,61624.04,61634.94,1.23005
2026-06-10 08:22:00,61607.99,61614.0,61603.99,61614.0,0.45658
2026-06-10 08:23:00,61588.23,61596.59,61584.0,61596.58,5.15034
2026-06-10 08:24:00,61592.0,61596.08,61540.45,61546.98,10.3318
2026-06-10 08:25:00,61520.0,61562.35,61520.0,61546.0,3.6363
2026-06-10 08:26:00,61539.68,61539.68,61513.69,61513.78,1.7532
2026-06-10 08:27:00,61500.01,61500.08,61500.0,61500.0,14.65283
2026-06-10 08:28:00,61500.0,61517.5,61500.0,61507.09,4.76441
2026-06-10 08:29:00,61507.08,61516.41,61503.45,61516.4,3.21562
2026-06-10 08:30:00,61537.99,61562.34,61531.95,61562.34,1.58043
2026-06-10 08:31:00,61556.71,61586.46,61556.71,61586.46,5.77124
2026-06-10 08:32:00,61607.56,61607.56,61538.57,61556.63,26.02822
2026-06-10 08:33:00,61483.17,61507.21,61476.58,61496.19,7.6827
2026-06-10 08:34:00,61490.0,61495.92,61448.06,61455.27,5.12575
2026-06-10 08:35:00,61416.0,61416.0,61374.0,61394.01,4.85977
2026-06-10 08:36:00,61414.0,61454.0,61414.0,61447.99,4.19536
2026-06-10 08:37:00,61431.84,61436.71,61422.0,61430.55,3.52865
2026-06-10 08:38:00,61432.7,61454.0,61420.77,61420.77,3.66226
2026-06-10 08:39:00,61420.81,61430.0,61326.43,61333.37,16.29146
2026-06-10 08:40:00,61334.01,61341.06,61320.2,61328.02,9.77584
2026-06-10 08:41:00,61321.05,61332.36,61299.57,61304.01,9.45363
2026-06-10 08:42:00,61331.99,61331.99,61298.0,61306.1,4.83485
2026-06-10 08:43:00,61266.01,61307.99,61266.01,61306.63,9.75171
2026-06-10 08:44:00,61310.0,61310.0,61242.92,61242.93,6.01197
2026-06-10 08:45:00,61243.0,61262.88,61198.0,61262.8,29.37785
2026-06-10 08:46:00,61254.0,61258.49,61184.0,61191.88,8.13767
2026-06-10 08:47:00,61219.84,61228.41,61196.0,61225.99,6.79337
2026-06-10 08:48:00,61230.36,61250.01,61184.01,61184.01,17.58413
2026-06-10 08:49:00,61175.99,61215.98,61175.98,61209.99,6.96664
2026-06-10 08:50:00,61228.33,61254.0,61228.33,61230.01,5.99869
2026-06-10 08:51:00,61206.0,61296.0,61206.0,61296.0,2.63105
2026-06-10 08:52:00,61290.01,61323.14,61274.0,61315.16,5.2266
2026-06-10 08:53:00,61322.75,61322.75,61290.0,61290.0,5.73854
2026-06-10 08:54:00,61288.01,61288.01,61256.82,61280.0,5.05118
2026-06-10 08:55:00,61278.02,61278.02,61246.0,61274.12,3.02859
2026-06-10 08:56:00,61270.92,61278.0,61256.0,61277.99,3.06484
2026-06-10 08:57:00,61279.99,61298.0,61279.99,61292.63,1.6493
2026-06-10 08:58:00,61292.63,61292.63,61262.0,61262.0,1.71204
2026-06-10 08:59:00,61262.0,61270.4,61247.5,61261.55,4.88152
2026-06-10 09:00:00,61261.56,61278.0,61256.0,61277.99,4.60211
2026-06-10 09:01:00,61278.0,61322.0,61260.0,61260.01,4.82254
2026-06-10 09:02:00,61260.0,61263.86,61202.0,61241.99,10.72695
2026-06-10 09:03:00,61241.99,61274.23,61216.0,61227.03,8.24828
2026-06-10 09:04:00,61227.03,61227.03,61227.03,61227.03,0.0
2026-06-10 09:05:00,61206.01,61220.15,61206.01,61220.15,0.15664
2026-06-10 09:06:00,61212.0,61212.0,61206.0,61206.0,0.2175
2026-06-10 09:07:00,61222.41,61236.01,61222.4,61225.26,0.7618
2026-06-10 09:08:00,61232.5,61232.5,61218.01,61218.01,0.99493
2026-06-10 09:09:00,61168.49,61168.5,61168.01,61168.02,0.45572
2026-06-10 09:10:00,61168.55,61168.55,61150.0,61150.01,2.24188
2026-06-10 09:11:00,61220.02,61224.94,61209.41,61209.41,0.60434
2026-06-10 09:12:00,61152.01,61158.01,61152.0,61158.0,0.63544
2026-06-10 09:13:00,61165.33,61177.53,61165.33,61177.53,0.47386
2026-06-10 09:14:00,61128.02,61133.05,61119.05,61132.01,2.52753
2026-06-10 09:15:00,61064.3,61078.0,61064.29,61076.0,5.78119
2026-06-10 09:16:00,61097.87,61097.87,61068.0,61068.0,1.82847
2026-06-10 09:17:00,61080.0,61086.0,61071.99,61086.0,0.64432
2026-06-10 09:18:00,61112.0,61124.0,61105.87,61124.0,0.93771
2026-06-10 09:19:00,61137.97,61137.97,61120.0,61120.01,4.66824
2026-06-10 09:20:00,61036.0,61040.0,61012.0,61012.01,2.03871
2026-06-10 09:21:00,60956.57,60987.5,60948.0,60961.52,5.90123
2026-06-10 09:22:00,60834.63,60845.99,60822.96,60835.95,3.2888
2026-06-10 09:23:00,60858.72,60920.0,60858.71,60909.18,5.24123
2026-06-10 09:24:00,60925.15,60952.0,60925.15,60945.74,3.29857
2026-06-10 09:25:00,60979.26,60979.27,60956.01,60956.01,1.45473
2026-06-10 09:26:00,61068.53,61068.53,61050.01,61059.89,2.3079
2026-06-10 09:27:00,61100.01,61193.19,61100.0,61193.19,7.96357
2026-06-10 09:28:00,61154.0,61219.04,61149.63,61215.71,6.45296
2026-06-10 09:29:00,61207.19,61230.77,61207.13,61230.77,3.06088
2026-06-10 09:30:00,61210.45,61210.46,61192.0,61202.0,2.94681
2026-06-10 09:31:00,61260.45,61280.09,61228.16,61228.17,3.88887
2026-06-10 09:32:00,61226.99,61272.0,61224.0,61272.0,3.27083
2026-06-10 09:33:00,61260.0,61284.0,61259.99,61283.99,1.48084
2026-06-10 09:34:00,61273.15,61294.5,61273.1,61294.5,2.83304
2026-06-10 09:35:00,61295.11,61300.0,61292.0,61299.14,0.48623
2026-06-10 09:36:00,61341.99,61375.0,61341.99,61348.01,9.74347
2026-06-10 09:37:00,61313.31,61313.31,61274.0,61274.0,7.11731
2026-06-10 09:38:00,61302.89,61317.55,61302.89,61317.55,11.54315
2026-06-10 09:39:00,61411.45,61421.46,61388.01,61419.21,21.26502
2026-06-10 09:40:00,61381.03,61381.03,61319.96,61322.0,10.5384
2026-06-10 09:41:00,61315.58,61346.0,61315.58,61342.06,8.36943
2026-06-10 09:42:00,61323.23,61328.85,61316.0,61325.99,13.15315
2026-06-10 09:43:00,61316.93,61316.93,61280.0,61296.01,5.15143
2026-06-10 09:44:00,61310.5,61311.99,61286.01,61286.01,1.07886
2026-06-10 09:45:00,61268.0,61268.13,61254.0,61268.12,2.68095
2026-06-10 09:46:00,61259.21,61259.22,61208.0,61210.93,4.24477
2026-06-10 09:47:00,61192.01,61192.01,61175.11,61185.3,15.00223
2026-06-10 09:48:00,61162.92,61169.34,61162.92,61169.34,0.4059
2026-06-10 09:49:00,61177.46,61177.46,61160.84,61170.01,2.48514
2026-06-10 09:50:00,61180.0,61244.0,61174.48,61244.0,4.01167
2026-06-10 09:51:00,61248.0,61268.0,61235.99,61268.0,3.01253
2026-06-10 09:52:00,61280.01,61324.0,61280.0,61300.0,5.63092
2026-06-10 09:53:00,61272.01,61272.01,61242.0,61242.0,2.13289
2026-06-10 09:54:00,61240.01,61318.27,61240.0,61318.27,4.05871
2026-06-10 09:55:00,61312.73,61327.13,61309.18,61327.13,13.46777
2026-06-10 09:56:00,61342.0,61382.5,61342.0,61382.49,4.49979
2026-06-10 09:57:00,61392.13,61406.64,61374.0,61375.64,2.41005
2026-06-10 09:58:00,61352.51,61352.51,61334.0,61335.47,0.93573
2026-06-10 09:59:00,61332.0,61332.0,61330.0,61330.01,0.31096
2026-06-10 10:00:00,61334.95,61347.71,61298.46,61341.85,3.42904
2026-06-10 10:01:00,61310.95,61338.0,61292.0,61300.01,21.51692
2026-06-10 10:02:00,61306.02,61346.0,61302.71,61345.99,4.80143
2026-06-10 10:03:00,61297.8,61297.8,61262.03,61289.99,4.20646
2026-06-10 10:04:00,61298.0,61322.0,61296.21,61301.41,7.10869
2026-06-10 10:05:00,61288.47,61289.41,61200.21,61200.21,5.22344
2026-06-10 10:06:00,61193.19,61221.57,61188.47,61188.48,1.49091
2026-06-10 10:07:00,61188.19,61191.35,61172.81,61175.4,3.97973
2026-06-10 10:08:00,61172.0,61207.99,61172.0,61207.99,3.16794
2026-06-10 10:09:00,61207.99,61250.0,61207.98,61250.0,1.68783
2026-06-10 10:10:00,61252.0,61252.0,61172.28,61181.44,4.15037
2026-06-10 10:11:00,61181.44,61194.0,61173.34,61190.48,2.56791
2026-06-10 10:12:00,61187.79,61243.35,61187.78,61243.35,5.12554
2026-06-10 10:13:00,61243.34,61273.49,61234.0,61273.49,3.56425
2026-06-10 10:14:00,61273.49,61296.0,61241.76,61241.76,16.94345
2026-06-10 10:15:00,61241.76,61276.0,61207.97,61207.97,28.52871
2026-06-10 10:16:00,61207.97,61227.13,61207.97,61212.85,1.65903
2026-06-10 10:17:00,61212.84,61212.85,61151.4,61151.41,7.04294
2026-06-10 10:18:00,61151.41,61188.0,61151.41,61162.0,2.52959
2026-06-10 10:19:00,61162.0,61162.0,61162.0,61162.0,0.08354
2026-06-10 10:20:00,61198.0,61198.0,61194.0,61194.0,0.36967
2026-06-10 10:21:00,61164.72,61167.36,61164.71,61167.36,0.92929
2026-06-10 10:22:00,61226.0,61226.0,61216.01,61225.98,0.56417
2026-06-10 10:23:00,61232.0,61232.0,61232.0,61232.0,0.00301
2026-06-10 10:24:00,61252.0,61262.0,61252.0,61252.52,0.24243
2026-06-10 10:25:00,61271.41,61275.29,61271.41,61275.29,0.30048
2026-06-10 10:26:00,61262.02,61262.02,61230.96,61230.96,2.21545
2026-06-10 10:27:00,61246.0,61260.66,61246.0,61260.66,0.5984
2026-06-10 10:28:00,61304.0,61304.0,61299.04,61299.04,0.23048
2026-06-10 10:29:00,61349.33,61356.18,61340.52,61340.52,1.01875
2026-06-10 10:30:00,61335.7,61335.7,61323.99,61324.0,0.4869
2026-06-10 10:31:00,61404.97,61406.43,61392.01,61393.4,0.44151
2026-06-10 10:32:00,61444.0,61444.0,61413.65,61413.65,1.12305
2026-06-10 10:33:00,61393.01,61395.49,61378.0,61378.0,1.97448
2026-06-10 10:34:00,61410.0,61410.36,61402.0,61402.0,2.16627
2026-06-10 10:35:00,61362.0,61362.0,61339.59,61347.68,2.56513
2026-06-10 10:36:00,61328.12,61348.0,61328.12,61348.0,2.06726
2026-06-10 10:37:00,61369.28,61369.28,61348.8,61348.8,1.56994
2026-06-10 10:38:00,61361.99,61361.99,61344.0,61344.0,0.31076
2026-06-10 10:39:00,61304.0,61320.0,61304.0,61311.26,1.19736
2026-06-10 10:40:00,61294.02,61300.65,61294.02,61300.64,0.61703
2026-06-10 10:41:00,61268.01,61273.35,61268.0,61268.29,0.37243
2026-06-10 10:42:00,61308.0,61323.77,61303.15,61323.77,0.54417
2026-06-10 10:43:00,61332.63,61340.96,61323.4,61323.4,1.36245
2026-06-10 10:44:00,61314.01,61314.01,61306.93,61306.94,0.27262
2026-06-10 10:45:00,61310.02,61330.0,61310.02,61329.99,0.74524
2026-06-10 10:46:00,61329.91,61364.0,61329.9,61343.29,2.8687
2026-06-10 10:47:00,61323.07,61348.0,61323.07,61348.0,0.64494
2026-06-10 10:48:00,61318.01,61327.4,61314.0,61314.01,0.48833
2026-06-10 10:49:00,61307.18,61316.0,61302.0,61315.99,0.44406
2026-06-10 10:50:00,61338.54,61356.18,61338.54,61356.18,0.37315
2026-06-10 10:51:00,61365.99,61381.4,61357.17,61381.4,1.02902
2026-06-10 10:52:00,61376.98,61376.98,61352.74,61356.39,1.08834
2026-06-10 10:53:00,61338.0,61338.0,61286.27,61286.27,2.84956
2026-06-10 10:54:00,61307.2,61314.0,61307.18,61308.86,1.67318
2026-06-10 10:55:00,61302.0,61311.33,61302.0,61306.39,1.29522
2026-06-10 10:56:00,61296.0,61296.01,61290.0,61295.99,0.66208
2026-06-10 10:57:00,61375.27,61375.27,61348.0,61363.96,3.72382
2026-06-10 10:58:00,61391.06,61397.2,61391.05,61394.5,2.47109
2026-06-10 10:59:00,61386.9,61396.0,61382.5,61389.42,0.6639
2026-06-10 11:00:00,61386.09,61394.0,61383.11,61390.1,1.06596
2026-06-10 11:01:00,61361.25,61363.08,61348.02,61363.07,4.78572
2026-06-10 11:02:00,61379.99,61390.0,61379.99,61390.0,2.8042
2026-06-10 11:03:00,61430.0,61430.0,61418.0,61418.0,1.6153
2026-06-10 11:04:00,61237.44,61260.0,61092.0,61092.01,30.90514
2026-06-10 11:05:00,61011.17,61046.05,60962.0,61046.05,19.59519
2026-06-10 11:06:00,61100.97,61120.52,60867.19,60882.87,50.20277
2026-06-10 11:07:00,60954.0,61016.0,60954.0,61015.99,11.89988
2026-06-10 11:08:00,61058.4,61086.1,61030.6,61030.61,11.70994
2026-06-10 11:09:00,61075.99,61075.99,61028.79,61062.25,3.65199
2026-06-10 11:10:00,61095.47,61126.0,61076.0,61099.53,11.88391
2026-06-10 11:11:00,61088.07,61088.07,60997.5,61046.09,16.42395
2026-06-10 11:12:00,61086.0,61099.15,61042.0,61042.0,5.29873
2026-06-10 11:13:00,61020.0,61074.0,61016.0,61037.83,9.67828
2026-06-10 11:14:00,61038.99,61147.7,61028.02,61147.7,10.63454
2026-06-10 11:15:00,61170.01,61173.97,61113.73,61138.42,10.24117
2026-06-10 11:16:00,61181.95,61199.99,61178.0,61186.71,21.85732
2026-06-10 11:17:00,61238.0,61238.0,61130.31,61130.31,21.76203
2026-06-10 11:18:00,61097.5,61146.93,61086.8,61119.98,8.63507
2026-06-10 11:19:00,61118.0,61133.98,61042.0,61042.05,6.74277
2026-06-10 11:20:00,61051.65,61122.0,61051.65,61122.0,11.37769
2026-06-10 11:21:00,61126.0,61209.63,61126.0,61198.52,11.21376
2026-06-10 11:22:00,61197.57,61259.99,61180.0,61250.01,10.01683
2026-06-10 11:23:00,61216.0,61216.0,61178.0,61187.11,3.82365
2026-06-10 11:24:00,61162.01,61168.0,61112.2,61140.0,16.85132
2026-06-10 11:25:00,61074.0,61084.56,60888.01,60926.0,52.55637
2026-06-10 11:26:00,60925.32,61013.41,60925.32,61013.41,8.88788
2026-06-10 11:27:00,61013.98,61015.0,60924.0,60930.72,16.13072
2026-06-10 11:28:00,60937.67,60978.0,60936.01,60940.02,7.14227
2026-06-10 11:29:00,60940.02,60970.48,60927.95,60970.48,6.28251
2026-06-10 11:30:00,60966.06,61016.01,60966.06,60988.0,5.14991
2026-06-10 11:31:00,60982.0,60982.0,60929.56,60936.95,13.53254
2026-06-10 11:32:00,60936.94,61010.0,60922.77,60922.77,10.62018
2026-06-10 11:33:00,60922.78,61010.0,60922.77,60979.99,5.1321
2026-06-10 11:34:00,60980.0,60980.0,60980.0,60980.0,0.004
2026-06-10 11:35:00,60997.86,60997.86,60997.85,60997.86,0.00478
2026-06-10 11:36:00,61000.01,61000.01,61000.0,61000.0,0.25394
2026-06-10 11:37:00,61029.99,61029.99,61022.28,61022.28,0.19827
2026-06-10 11:38:00,60974.91,60977.51,60969.57,60976.19,1.07679
2026-06-10 11:39:00,60994.92,61014.0,60994.91,61014.0,0.65984
2026-06-10 11:40:00,60981.0,60983.4,60976.0,60980.01,1.06238
2026-06-10 11:41:00,60990.71,61006.0,60990.71,61006.0,2.21789
2026-06-10 11:42:00,61014.21,61024.0,61014.21,61024.0,0.13104
2026-06-10 11:43:00,60990.0,60990.0,60972.0,60982.67,0.55713
2026-06-10 11:44:00,61053.68,61055.69,61053.67,61055.69,0.2426
2026-06-10 11:45:00,61022.0,61022.0,60976.0,60980.11,1.65696
2026-06-10 11:46:00,61022.0,61039.99,61020.4,61039.99,0.91233
2026-06-10 11:47:00,61059.88,61084.0,61059.88,61077.79,0.5618
2026-06-10 11:48:00,61094.0,61110.0,61092.0,61099.99,1.68398
2026-06-10 11:49:00,61047.07,61060.0,61047.07,61048.01,0.87939
2026-06-10 11:50:00,61013.07,61034.28,61013.07,61030.82,8.99479
2026-06-10 11:51:00,61023.93,61074.0,61023.92,61074.0,1.61924
2026-06-10 11:52:00,61094.01,61101.01,61086.37,61101.0,0.51261
2026-06-10 11:53:00,61094.0,61110.0,61069.51,61109.99,5.77638
2026-06-10 11:54:00,61040.01,61041.27,61036.0,61036.0,0.20815
2026-06-10 11:55:00,61042.01,61077.36,61042.01,61070.21,1.50958
2026-06-10 11:56:00,61060.38,61060.38,61041.78,61041.78,0.58204
2026-06-10 11:57:00,61014.19,61028.0,61014.19,61028.0,1.37212
2026-06-10 11:58:00,61042.0,61051.41,61042.0,61046.51,0.91043
2026-06-10 11:59:00,61042.11,61042.11,61036.0,61036.0,0.25789
2026-06-10 12:00:00,61034.04,61037.85,61006.0,61006.0,10.87762
2026-06-10 12:01:00,60997.99,60998.0,60960.0,60963.52,1.56641
2026-06-10 12:02:00,60987.11,60987.11,60965.73,60981.99,1.42294
2026-06-10 12:03:00,61020.0,61058.0,61020.0,61058.0,5.57469
2026-06-10 12:04:00,61024.54,61074.2,61024.54,61074.19,3.58723
2026-06-10 12:05:00,61082.0,61142.0,61082.0,61118.01,6.17798
2026-06-10 12:06:00,61119.66,61152.0,61119.66,61146.01,2.40276
2026-06-10 12:07:00,61144.48,61144.85,61094.0,61112.0,3.94498
2026-06-10 12:08:00,61099.07,61106.39,61082.0,61082.0,1.67331
2026-06-10 12:09:00,61062.81,61104.0,61062.81,61099.6,4.24177
2026-06-10 12:10:00,61110.01,61122.0,61110.01,61114.24,1.16958
2026-06-10 12:11:00,61148.0,61164.0,61148.0,61164.0,1.91008
2026-06-10 12:12:00,61176.0,61186.0,61150.1,61154.0,5.59657
2026-06-10 12:13:00,61173.06,61217.99,61142.0,61195.99,16.46801
2026-06-10 12:14:00,61208.51,61223.9,61174.01,61174.01,22.96697
2026-06-10 12:15:00,61189.99,61245.99,61135.0,61140.0,20.23901
2026-06-10 12:16:00,61126.24,61148.0,61126.24,61139.99,1.89349
2026-06-10 12:17:00,61157.72,61157.73,61114.0,61134.0,2.2213
2026-06-10 12:18:00,61153.01,61158.0,61100.0,61112.0,2.53899
2026-06-10 12:19:00,61107.99,61130.0,61100.0,61100.84,6.19617
2026-06-10 12:20:00,61084.0,61106.0,61084.0,61092.0,2.25696
2026-06-10 12:21:00,61090.0,61148.0,61090.0,61136.01,2.46296
2026-06-10 12:22:00,61128.01,61128.01,61074.0,61078.28,1.87956
2026-06-10 12:23:00,61048.5,61072.0,61047.03,61069.99,10.59797
2026-06-10 12:24:00,61077.84,61090.0,61074.01,61089.99,1.79299
2026-06-10 12:25:00,61059.66,61086.94,61059.66,61086.93,2.20963
2026-06-10 12:26:00,61104.15,61124.92,61096.0,61124.91,0.96123
2026-06-10 12:27:00,61131.88,61131.88,61098.0,61098.0,1.38996
2026-06-10 12:28:00,61102.29,61173.97,61102.29,61122.99,6.28519
2026-06-10 12:29:00,61124.0,61164.36,61122.98,61164.36,3.71604
2026-06-10 12:30:00,61168.0,61678.0,61141.17,61582.01,295.49648
2026-06-10 12:31:00,61529.76,61713.1,61463.63,61519.96,66.5107
2026-06-10 12:32:00,61506.48,61650.0,61463.12,61643.83,74.92229
2026-06-10 12:33:00,61662.0,61950.0,61658.0,61784.55,64.37294
2026-06-10 12:34:00,61867.99,61871.04,61690.44,61704.42,24.42414
2026-06-10 12:35:00,61667.13,61698.23,61586.0,61597.03,25.09942
2026-06-10 12:36:00,61591.29,61761.96,61586.0,61678.8,45.43711
2026-06-10 12:37:00,61766.78,61766.78,61696.0,61763.99,24.78725
2026-06-10 12:38:00,61708.0,61750.0,61644.0,61718.0,25.45665
2026-06-10 12:39:00,61755.99,61760.0,61678.85,61692.0,7.56451
2026-06-10 12:40:00,61706.01,61707.48,61644.28,61685.99,9.19773
2026-06-10 12:41:00,61674.8,61750.0,61648.0,61741.71,14.57538
2026-06-10 12:42:00,61700.3,61738.0,61635.22,61635.22,9.34501
2026-06-10 12:43:00,61651.16,61688.0,61651.16,61656.0,13.39846
2026-06-10 12:44:00,61651.16,61684.0,61651.16,61679.99,7.89759
2026-06-10 12:45:00,61685.99,61723.99,61660.0,61673.99,17.82999
2026-06-10 12:46:00,61673.99,61762.0,61672.28,61754.0,13.85962
2026-06-10 12:47:00,61757.99,61786.5,61736.02,61749.99,24.30951
2026-06-10 12:48:00,61728.01,61802.35,61724.36,61772.0,31.51585
2026-06-10 12:49:00,61768.01,61798.32,61758.01,61774.0,13.0545
2026-06-10 12:50:00,61774.0,61783.67,61727.18,61772.85,26.36137
2026-06-10 12:51:00,61765.64,61765.64,61704.0,61718.0,27.96765
2026-06-10 12:52:00,61718.0,61718.01,61660.0,61666.97,6.16169
2026-06-10 12:53:00,61666.97,61666.97,61666.97,61666.97,0.0
2026-06-10 12:54:00,61698.04,61698.05,61698.04,61698.04,0.11407
2026-06-10 12:55:00,61665.43,61665.43,61660.02,61660.02,1.00855
2026-06-10 12:56:00,61651.72,61667.99,61651.72,61667.99,0.88276
2026-06-10 12:57:00,61679.99,61686.0,61679.99,61685.99,0.93917
2026-06-10 12:58:00,61654.0,61654.01,61648.15,61648.15,0.23774
2026-06-10 12:59:00,61624.0,61626.11,61624.0,61624.0,0.02772
2026-06-10 13:00:00,61564.0,61571.12,61564.0,61564.01,0.77174
2026-06-10 13:01:00,61606.0,61606.0,61598.0,61603.5,0.88859
2026-06-10 13:02:00,61520.01,61520.02,61513.5,61513.51,0.19825
2026-06-10 13:03:00,61510.23,61516.79,61506.66,61516.78,2.07205
2026-06-10 13:04:00,61521.99,61530.0,61521.99,61522.0,0.72338
2026-06-10 13:05:00,61536.0,61538.0,61520.94,61531.05,4.11497
2026-06-10 13:06:00,61542.0,61584.0,61542.0,61584.0,1.82575
2026-06-10 13:07:00,61579.99,61599.99,61579.99,61599.99,1.72005
2026-06-10 13:08:00,61567.99,61588.0,61567.99,61588.0,0.58378
2026-06-10 13:09:00,61578.4,61581.5,61560.0,61560.01,3.59763
2026-06-10 13:10:00,61575.73,61575.74,61560.0,61560.01,0.76851
2026-06-10 13:11:00,61504.19,61521.9,61504.18,61521.9,2.78643
2026-06-10 13:12:00,61526.47,61526.47,61512.0,61517.38,0.72274
2026-06-10 13:13:00,61553.99,61553.99,61544.01,61544.01,2.18735
2026-06-10 13:14:00,61540.0,61540.0,61500.0,61512.48,2.34216
2026-06-10 13:15:00,61528.8,61531.68,61526.35,61527.64,0.71655
2026-06-10 13:16:00,61486.0,61506.0,61479.85,61499.04,10.9248
2026-06-10 13:17:00,61487.07,61499.75,61486.81,61498.33,2.91689
2026-06-10 13:18:00,61476.73,61496.0,61470.58,61495.99,5.76289
2026-06-10 13:19:00,61478.01,61478.01,61466.0,61466.0,1.02089
2026-06-10 13:20:00,61478.95,61478.95,61456.15,61463.13,1.09076
2026-06-10 13:21:00,61483.99,61527.99,61483.99,61527.99,1.63199
2026-06-10 13:22:00,61559.53,61562.35,61510.2,61510.2,3.70448
2026-06-10 13:23:00,61510.42,61531.65,61510.42,61520.01,1.86973
2026-06-10 13:24:00,61533.87,61546.0,61512.0,61512.01,2.81266
2026-06-10 13:25:00,61533.99,61533.99,61457.95,61466.2,12.88863
2026-06-10 13:26:00,61482.89,61487.18,61462.0,61462.0,1.60183
2026-06-10 13:27:00,61444.88,61471.99,61444.88,61471.98,1.35943
2026-06-10 13:28:00,61552.0,61586.0,61543.43,61543.44,8.25472
2026-06-10 13:29:00,61550.03,61550.04,61534.09,61550.0,1.49103
2026-06-10 13:30:00,61553.79,61700.0,61498.01,61699.97,77.33765
2026-06-10 13:31:00,61739.38,61760.0,61685.73,61739.99,8.08783
2026-06-10 13:32:00,61776.81,61792.0,61681.99,61730.01,17.81668
2026-06-10 13:33:00,61710.84,61733.05,61676.01,61719.99,8.46401
2026-06-10 13:34:00,61716.57,61779.36,61708.0,61779.35,4.59924
2026-06-10 13:35:00,61777.02,61900.0,61748.6,61893.99,20.48657
2026-06-10 13:36:00,61845.99,61900.0,61831.13,61868.01,22.53327
2026-06-10 13:37:00,61929.78,62169.16,61929.78,62053.38,84.76998
2026-06-10 13:38:00,62153.02,62153.03,62056.0,62139.51,25.07079
2026-06-10 13:39:00,62101.1,62108.0,62082.01,62088.44,14.80907
2026-06-10 13:40:00,62170.88,62214.0,62106.03,62213.5,40.03198
2026-06-10 13:41:00,62178.86,62191.99,62090.46,62093.5,15.84023
2026-06-10 13:42:00,62082.0,62204.79,62066.0,62204.79,25.3099
2026-06-10 13:43:00,62140.0,62212.0,62136.41,62202.64,21.60384
2026-06-10 13:44:00,62298.44,62372.0,62256.0,62356.5,22.41399
2026-06-10 13:45:00,62380.22,62398.97,62241.02,62265.35,31.85477
2026-06-10 13:46:00,62310.0,62310.0,62238.01,62266.28,7.94328
2026-06-10 13:47:00,62234.02,62359.95,62228.17,62323.94,15.86491
2026-06-10 13:48:00,62304.63,62344.04,62276.0,62339.14,11.99288
2026-06-10 13:49:00,62370.0,62446.0,62363.98,62421.99,35.93623
2026-06-10 13:50:00,62441.03,62441.03,62302.0,62302.0,16.91656
2026-06-10 13:51:00,62316.01,62326.35,62244.0,62244.0,14.31179
2026-06-10 13:52:00,62228.1,62301.51,62228.1,62256.79,7.53521
2026-06-10 13:53:00,62238.01,62255.25,62204.93,62208.0,8.95573
2026-06-10 13:54:00,62197.68,62262.0,62184.0,62258.66,18.03232
2026-06-10 13:55:00,62214.0,62248.0,62194.0,62240.64,5.78734
2026-06-10 13:56:00,62224.01,62233.94,62182.0,62182.01,13.4228
2026-06-10 13:57:00,62164.01,62246.39,62141.67,62196.0,48.31499
2026-06-10 13:58:00,62178.0,62178.0,62071.3,62075.29,23.1309
2026-06-10 13:59:00,62088.94,62130.0,62088.94,62125.43,3.92808
2026-06-10 14:00:00,62146.43,62158.0,62073.38,62087.81,8.72558
2026-06-10 14:01:00,62092.37,62112.08,62026.01,62066.35,13.01417
2026-06-10 14:02:00,62036.0,62104.0,62017.47,62098.0,10.93828
2026-06-10 14:03:00,62099.2,62218.0,62090.01,62202.0,15.75026
2026-06-10 14:04:00,62202.0,62214.0,62172.0,62206.44,9.33933
2026-06-10 14:05:00,62210.77,62224.0,62158.0,62168.0,7.9319
2026-06-10 14:06:00,62167.99,62236.0,62164.62,62210.0,5.91981
2026-06-10 14:07:00,62210.01,62230.0,62176.0,62182.01,9.39595
2026-06-10 14:08:00,62182.01,62254.0,62162.0,62254.0,6.25496
2026-06-10 14:09:00,62258.0,62258.01,62218.01,62218.01,6.02786
2026-06-10 14:10:00,62218.01,62236.0,62152.81,62182.0,18.57637
2026-06-10 14:11:00,62182.0,62182.0,62180.01,62180.01,0.02176
2026-06-10 14:12:00,62188.01,62188.01,62188.0,62188.0,0.00949
2026-06-10 14:13:00,62182.54,62182.55,62182.54,62182.55,0.0832
2026-06-10 14:14:00,62128.0,62128.0,62112.42,62112.42,1.55378
2026-06-10 14:15:00,62004.49,62010.71,61996.0,61996.0,1.2099
2026-06-10 14:16:00,61914.4,61965.9,61908.92,61946.88,4.77254
2026-06-10 14:17:00,62067.99,62067.99,62046.0,62054.72,1.51348
2026-06-10 14:18:00,61953.5,61953.5,61944.7,61944.7,0.15196
2026-06-10 14:19:00,61920.0,61920.0,61901.44,61903.04,0.86485
2026-06-10 14:20:00,61919.99,61955.99,61918.0,61955.99,1.02175
2026-06-10 14:21:00,61884.01,61884.02,61862.0,61870.01,2.21349
2026-06-10 14:22:00,61924.01,61924.01,61914.01,61914.01,0.40568
2026-06-10 14:23:00,62013.59,62014.41,61976.0,61976.18,2.1779
2026-06-10 14:24:00,62022.35,62062.0,62016.0,62041.2,4.3335
2026-06-10 14:25:00,62147.23,62164.0,62114.7,62120.0,4.22879
2026-06-10 14:26:00,62017.23,62026.0,62013.68,62026.0,1.40849
2026-06-10 14:27:00,62057.03,62116.0,62057.03,62115.99,1.50587
2026-06-10 14:28:00,62122.72,62134.0,62122.72,62127.28,1.15066
2026-06-10 14:29:00,62068.0,62068.0,62056.0,62056.01,0.50266
2026-06-10 14:30:00,62052.77,62066.0,62026.0,62026.0,3.53938
2026-06-10 14:31:00,62036.01,62036.01,62000.0,62005.99,19.02477
2026-06-10 14:32:00,61874.0,61898.0,61850.0,61890.0,19.86587
2026-06-10 14:33:00,61961.87,61961.88,61928.0,61943.99,2.49323
2026-06-10 14:34:00,61999.94,62008.66,61994.0,62000.34,3.24905
2026-06-10 14:35:00,62025.16,62028.0,62005.99,62005.99,1.74996
2026-06-10 14:36:00,61960.0,61960.0,61912.0,61945.99,10.32383
2026-06-10 14:37:00,61923.99,61925.99,61875.97,61875.98,2.80933
2026-06-10 14:38:00,61838.0,61866.0,61838.0,61865.99,2.63459
2026-06-10 14:39:00,61837.94,61899.99,61837.94,61899.99,1.72203
2026-06-10 14:40:00,61915.99,61936.0,61915.99,61926.78,2.38572
2026-06-10 14:41:00,62004.08,62029.51,62004.08,62021.99,1.68803
2026-06-10 14:42:00,62099.98,62113.99,62068.33,62073.27,6.90767
2026-06-10 14:43:00,62021.06,62070.0,62020.5,62060.0,4.15829
2026-06-10 14:44:00,62027.58,62036.0,62018.2,62020.0,0.94224
2026-06-10 14:45:00,61950.0,61966.0,61900.0,61916.9,4.4851
2026-06-10 14:46:00,61941.09,61945.56,61920.26,61931.8,21.60388
2026-06-10 14:47:00,61939.86,61987.81,61936.14,61981.4,9.17349
2026-06-10 14:48:00,61996.91,62006.0,61934.0,61945.47,3.15058
2026-06-10 14:49:00,61946.0,61948.86,61880.0,61880.01,4.33392
2026-06-10 14:50:00,61940.98,61974.7,61878.52,61888.93,13.43757
2026-06-10 14:51:00,61934.0,61976.0,61908.0,61928.0,25.12836
2026-06-10 14:52:00,61921.12,61922.5,61876.26,61897.99,9.79779
2026-06-10 14:53:00,61883.99,61902.0,61868.02,61891.99,1.18175
2026-06-10 14:54:00,61894.0,61939.06,61892.7,61934.93,7.14857
2026-06-10 14:55:00,61916.01,61988.44,61916.01,61968.48,27.85987
2026-06-10 14:56:00,61878.12,61900.0,61857.61,61857.61,16.35882
2026-06-10 14:57:00,61882.68,61882.69,61814.79,61838.0,7.56827
2026-06-10 14:58:00,61891.33,62017.21,61879.85,62017.21,49.07456
2026-06-10 14:59:00,62057.99,62190.0,62054.12,62170.12,14.90072
2026-06-10 15:00:00,62195.99,62238.41,62155.31,62238.41,28.61126
2026-06-10 15:01:00,62270.11,62423.36,62246.0,62421.4,38.17652
2026-06-10 15:02:00,62385.59,62390.39,62302.0,62302.01,11.95503
2026-06-10 15:03:00,62321.99,62376.0,62318.14,62318.14,7.90153
2026-06-10 15:04:00,62299.32,62316.83,62142.0,62161.99,16.3485
2026-06-10 15:05:00,62180.0,62180.01,62046.0,62046.01,10.24135
2026-06-10 15:06:00,62010.35,62059.72,62004.0,62009.54,8.05132
2026-06-10 15:07:00,61968.02,61999.99,61952.0,61995.98,6.20102
2026-06-10 15:08:00,62041.83,62041.83,61945.23,61958.0,10.91941
2026-06-10 15:09:00,61977.99,62025.93,61972.0,61985.84,18.8829
2026-06-10 15:10:00,61946.01,61962.0,61934.01,61954.4,4.02759
2026-06-10 15:11:00,61959.99,61959.99,61866.0,61942.0,8.88964
2026-06-10 15:12:00,61916.72,61929.84,61894.01,61919.04,6.16137
2026-06-10 15:13:00,61937.99,62032.12,61937.99,62016.8,13.08978
2026-06-10 15:14:00,62015.07,62018.14,61946.0,61983.99,6.21333
2026-06-10 15:15:00,61942.0,61942.0,61866.0,61872.24,7.49489
2026-06-10 15:16:00,61872.01,61953.99,61852.0,61928.02,19.17701
2026-06-10 15:17:00,61971.98,61994.0,61943.72,61993.99,10.34097
2026-06-10 15:18:00,61984.66,61984.66,61917.38,61931.47,10.73226
2026-06-10 15:19:00,61962.0,62115.99,61961.99,62076.89,33.34732
2026-06-10 15:20:00,62099.98,62181.74,62080.01,62166.0,17.4766
2026-06-10 15:21:00,62180.87,62300.0,62180.87,62271.12,26.20709
2026-06-10 15:22:00,62264.0,62287.99,62200.01,62242.0,9.71222
2026-06-10 15:23:00,62241.95,62320.19,62233.99,62320.19,10.14739
2026-06-10 15:24:00,62320.19,62342.86,62274.42,62302.0,13.00156
2026-06-10 15:25:00,62302.0,62302.0,62302.0,62302.0,0.0
2026-06-10 15:26:00,62304.01,62304.01,62302.0,62302.0,0.05179
2026-06-10 15:27:00,62286.01,62286.01,62286.0,62286.0,0.08237
2026-06-10 15:28:00,62280.0,62288.0,62280.0,62288.0,0.49601
2026-06-10 15:29:00,62308.0,62321.99,62306.0,62321.99,0.76633
2026-06-10 15:30:00,62262.0,62284.23,62250.21,62284.23,4.17881
2026-06-10 15:31:00,62350.1,62378.94,62350.1,62378.94,3.20247
2026-06-10 15:32:00,62321.75,62334.21,62318.77,62334.0,1.4693
2026-06-10 15:33:00,62314.01,62360.0,62314.01,62359.99,1.47723
2026-06-10 15:34:00,62303.81,62303.81,62283.97,62290.63,6.01892
2026-06-10 15:35:00,62308.01,62314.03,62298.0,62307.72,0.74017
2026-06-10 15:36:00,62304.0,62315.98,62290.66,62315.98,1.8326
2026-06-10 15:37:00,62346.67,62346.67,62332.0,62332.45,2.23768
2026-06-10 15:38:00,62328.14,62328.15,62300.0,62312.76,5.00404
2026-06-10 15:39:00,62216.98,62246.0,62194.0,62241.79,9.63654
2026-06-10 15:40:00,62271.35,62271.35,62238.0,62238.01,2.76682
2026-06-10 15:41:00,62225.99,62225.99,62206.0,62206.0,1.34507
2026-06-10 15:42:00,62287.42,62344.0,62287.42,62294.92,5.84001
2026-06-10 15:43:00,62268.61,62324.0,62268.61,62323.99,1.92683
2026-06-10 15:44:00,62337.99,62416.0,62337.99,62408.0,9.88418
2026-06-10 15:45:00,62387.51,62396.39,62387.5,62390.61,2.63752
2026-06-10 15:46:00,62408.0,62502.0,62407.99,62499.99,24.20107
2026-06-10 15:47:00,62535.98,62537.93,62504.0,62504.0,11.94994
2026-06-10 15:48:00,62305.68,62325.99,62238.0,62316.0,31.871
2026-06-10 15:49:00,62144.02,62207.73,62134.0,62198.41,13.72393
2026-06-10 15:50:00,62298.0,62394.0,62270.37,62283.8,26.22794
2026-06-10 15:51:00,62292.0,62437.99,62291.99,62404.0,14.0766
2026-06-10 15:52:00,62337.06,62422.0,62308.17,62402.5,11.83177
2026-06-10 15:53:00,62476.0,62539.99,62438.0,62539.99,13.37963
2026-06-10 15:54:00,62665.99,62855.72,62656.38,62822.0,56.04704
2026-06-10 15:55:00,62826.0,62844.0,62761.02,62791.29,15.57448
2026-06-10 15:56:00,62676.0,62705.99,62654.34,62657.29,11.68478
2026-06-10 15:57:00,62630.48,62708.0,62630.0,62707.99,13.01035
2026-06-10 15:58:00,62722.0,62730.0,62678.9,62678.9,5.35517
2026-06-10 15:59:00,62646.01,62646.01,62612.0,62612.01,4.20215
2026-06-10 16:00:00,62639.23,62646.0,62618.01,62639.08,9.51642
2026-06-10 16:01:00,62574.01,62584.0,62540.0,62544.0,10.40931
2026-06-10 16:02:00,62525.24,62532.81,62508.39,62508.39,5.40924
2026-06-10 16:03:00,62510.01,62549.75,62496.0,62496.0,18.65001
2026-06-10 16:04:00,62507.5,62520.11,62474.12,62510.01,9.30444
2026-06-10 16:05:00,62458.0,62510.0,62450.0,62476.0,5.6542
2026-06-10 16:06:00,62459.09,62563.45,62445.28,62529.76,21.34006
2026-06-10 16:07:00,62569.99,62609.99,62552.0,62552.13,13.03357
2026-06-10 16:08:00,62536.01,62540.0,62468.0,62468.01,6.14217
2026-06-10 16:09:00,62404.01,62436.0,62396.41,62428.34,3.25315
2026-06-10 16:10:00,62474.87,62474.87,62428.11,62428.11,4.35542
2026-06-10 16:11:00,62364.9,62381.99,62354.0,62370.38,2.9916
2026-06-10 16:12:00,62387.04,62446.0,62387.02,62446.0,3.31055
